stage,level,name,kind,halogen,n_X,charge,mult,status,flags,E_scf,G,H,ZPE,G_corr,homo,lumo,lumo_eV,S2,n_imag,lowest_freq,wall_hours,dipole_D,polar_iso_A3,radius_A
am1,am1,Bz,parent,,0,0,1,ok,,0.349527239627,,,,,-0.35474,0.02039,0.5548,,0,,0.001,0.0,,2.717
am1,am1,ClBz_1,parent,Cl,1,0,1,ok,,0.234317564597,,,,,-0.35136,0.00569,0.1548,,0,,0.001,1.3064,,2.855
am1,am1,ClBz_1_RA,radical_anion,Cl,1,-1,2,ok,,0.114060546283,,,,,-0.0341,0.21613,5.8812,0.8417,0,,0.001,1.8172,,
am1,am1,Ph_rad,aryl_radical,,0,0,2,ok,,0.116436111257,,,,,-0.36494,0.01654,0.4501,1.153,0,,0.001,1.0034,,
am1,am1,Ph_anion,aryl_anion,,0,-1,1,ok,,0.912947122504,,,,,-0.0751,0.22016,5.9909,,0,,0.001,4.5152,,
am1,am1,ClBz_12,parent,Cl,2,0,1,ok,,0.145493227207,,,,,-0.35286,-0.00522,-0.142,,0,,0.001,1.97,,2.98
am1,am1,ClBz_12_RA,radical_anion,Cl,2,-1,2,ok,,-0.987187921788,,,,,-0.04821,0.19811,5.3908,0.8255,0,,0.001,2.0485,,
am1,am1,ClPh_2_rad,aryl_radical,Cl,1,0,2,ok,,0.106844175705,,,,,-0.3603,0.00331,0.0901,1.2012,0,,0.001,1.8441,,
am1,am1,ClPh_2_anion,aryl_anion,Cl,1,-1,1,ok,,0.656626763375,,,,,-0.09498,0.19939,5.4257,,0,,0.001,3.9178,,
am1,am1,ClBz_13,parent,Cl,2,0,1,ok,,0.129155575318,,,,,-0.35579,-0.00579,-0.1576,,0,,0.001,1.2336,,2.983
am1,am1,ClBz_13_RA,radical_anion,Cl,2,-1,2,ok,,-0.133200370965,,,,,-0.05042,0.19666,5.3514,0.8263,0,,0.001,0.6523,,
am1,am1,ClPh_3_rad,aryl_radical,Cl,1,0,2,ok,,0.10518570786,,,,,-0.36195,0.00335,0.0912,1.198,0,,0.001,1.1217,,
am1,am1,ClPh_3_anion,aryl_anion,Cl,1,-1,1,ok,,0.664694832515,,,,,-0.09129,0.20057,5.4578,,0,,0.001,5.611,,
am1,am1,ClBz_14,parent,Cl,2,0,1,ok,,0.12568831237,,,,,-0.35011,-0.0079,-0.215,,0,,0.001,0.0,,2.983
am1,am1,ClBz_14_RA,radical_anion,Cl,2,-1,2,ok,,-0.124346926012,,,,,-0.05034,0.19721,5.3664,0.8443,0,,0.001,0.0,,
am1,am1,ClPh_4_rad,aryl_radical,Cl,1,0,2,ok,,0.105193473664,,,,,-0.35978,0.00646,0.1758,1.1971,0,,0.001,0.2189,,
am1,am1,ClPh_4_anion,aryl_anion,Cl,1,-1,1,ok,,0.677581289834,,,,,-0.09046,0.20379,5.5454,,0,,0.001,6.4312,,
am1,am1,ClBz_123,parent,Cl,3,0,1,ok,,0.651717261294,,,,,-0.35956,-0.01339,-0.3644,,0,,0.001,2.0608,,3.097
am1,am1,ClBz_123_RA,radical_anion,Cl,3,-1,2,ok,,-0.318810337295,,,,,-0.06327,0.18591,5.0589,0.8399,0,,0.001,0.8457,,
am1,am1,ClPh_23_rad,aryl_radical,Cl,2,0,2,ok,,0.975554670595,,,,,-0.36352,-0.00679,-0.1848,1.2523,0,,0.001,1.9663,,
am1,am1,ClPh_23_anion,aryl_anion,Cl,2,-1,1,ok,,0.460780051385,,,,,-0.10701,0.18304,4.9808,,0,,0.001,4.9043,,
am1,am1,ClPh_26_rad,aryl_radical,Cl,2,0,2,ok,,0.981164489447,,,,,-0.36451,-0.01027,-0.2795,1.2525,0,,0.001,2.1144,,
am1,am1,ClPh_26_anion,aryl_anion,Cl,2,-1,1,ok,,0.425343161764,,,,,-0.11216,0.18058,4.9138,,0,,0.001,3.4262,,
am1,am1,ClBz_124,parent,Cl,3,0,1,ok,,0.452034814853,,,,,-0.35361,-0.01723,-0.4689,,0,,0.001,1.0262,,3.098
am1,am1,ClBz_124_RA,radical_anion,Cl,3,-1,2,ok,,-0.365622586431,,,,,-0.06487,0.18731,5.097,0.8371,0,,0.001,0.6322,,
am1,am1,ClPh_24_rad,aryl_radical,Cl,2,0,2,ok,,0.964422014721,,,,,-0.36264,-0.00515,-0.1401,1.2483,0,,0.001,0.9482,,
am1,am1,ClPh_24_anion,aryl_anion,Cl,2,-1,1,ok,,0.44400470451,,,,,-0.10867,0.18464,5.0243,,0,,0.001,5.1984,,
am1,am1,ClPh_25_rad,aryl_radical,Cl,2,0,2,ok,,0.961016465331,,,,,-0.36122,-0.00768,-0.209,1.2501,0,,0.001,1.0197,,
am1,am1,ClPh_25_anion,aryl_anion,Cl,2,-1,1,ok,,0.427716553415,,,,,-0.10951,0.18153,4.9397,,0,,0.001,4.467,,
am1,am1,ClPh_34_rad,aryl_radical,Cl,2,0,2,ok,,0.964094618577,,,,,-0.36392,-0.0039,-0.1061,1.2484,0,,0.001,1.0513,,
am1,am1,ClPh_34_anion,aryl_anion,Cl,2,-1,1,ok,,0.480861364456,,,,,-0.10365,0.18716,5.0929,,0,,0.001,6.4006,,
am1,am1,ClBz_135,parent,Cl,3,0,1,ok,,0.333406105406,,,,,-0.36463,-0.01479,-0.4025,,0,,0.001,0.0,,3.099
am1,am1,ClBz_135_RA,radical_anion,Cl,3,-1,2,ok,,-0.368483066493,,,,,-0.06559,0.18373,4.9995,0.8466,0,,0.001,0.0505,,
am1,am1,ClPh_35_rad,aryl_radical,Cl,2,0,2,ok,,0.948762609306,,,,,-0.36455,-0.00796,-0.2166,1.2467,0,,0.001,0.0864,,
am1,am1,ClPh_35_anion,aryl_anion,Cl,2,-1,1,ok,,0.43648202499,,,,,-0.10613,0.18329,4.9876,,0,,0.0,5.434,,
am1,am1,ClBz_1234,parent,Cl,4,0,1,ok,,-0.111145745126,,,,,-0.35775,-0.02393,-0.6512,,0,,0.001,1.609,,3.203
am1,am1,ClBz_1234_RA,radical_anion,Cl,4,-1,2,ok,,-0.49162851092,,,,,-0.07542,0.17142,4.6646,0.8502,0,,0.001,0.4539,,
am1,am1,ClPh_234_rad,aryl_radical,Cl,3,0,2,ok,,0.894465335411,,,,,-0.36915,-0.01299,-0.3535,1.3053,0,,0.001,1.5084,,
am1,am1,ClPh_234_anion,aryl_anion,Cl,3,-1,1,ok,,0.293203571548,,,,,-0.11829,0.17057,4.6414,,0,,0.001,5.4618,,
am1,am1,ClPh_236_rad,aryl_radical,Cl,3,0,2,ok,,0.891839466318,,,,,-0.36414,-0.01878,-0.511,1.3062,0,,0.001,1.7071,,
am1,am1,ClPh_236_anion,aryl_anion,Cl,3,-1,1,ok,,0.243378060608,,,,,-0.1234,0.16559,4.5059,,0,,0.001,4.2295,,
am1,am1,ClBz_1235,parent,Cl,4,0,1,ok,,-0.271103016178,,,,,-0.35878,-0.02512,-0.6836,,0,,0.001,0.8267,,3.205
am1,am1,ClBz_1235_RA,radical_anion,Cl,4,-1,2,ok,,-0.513126099547,,,,,-0.07608,0.16953,4.6131,0.8501,0,,0.001,0.7291,,
am1,am1,ClPh_235_rad,aryl_radical,Cl,3,0,2,ok,,0.876030862355,,,,,-0.36377,-0.01753,-0.477,1.3036,0,,0.001,0.8111,,
am1,am1,ClPh_235_anion,aryl_anion,Cl,3,-1,1,ok,,0.247206698455,,,,,-0.12067,0.16705,4.5457,,0,,0.001,4.7341,,
am1,am1,ClPh_246_rad,aryl_radical,Cl,3,0,2,ok,,0.884955051088,,,,,-0.36942,-0.01741,-0.4738,1.3016,0,,0.001,0.9425,,
am1,am1,ClPh_246_anion,aryl_anion,Cl,3,-1,1,ok,,0.232766655091,,,,,-0.12458,0.16725,4.5511,,0,,0.001,4.5747,,
am1,am1,ClPh_345_rad,aryl_radical,Cl,3,0,2,ok,,0.884399551544,,,,,-0.3707,-0.01319,-0.3589,1.3033,0,,0.001,0.8429,,
am1,am1,ClPh_345_anion,aryl_anion,Cl,3,-1,1,ok,,0.298503308676,,,,,-0.11588,0.17305,4.7089,,0,,0.001,5.9964,,
am1,am1,ClBz_1245,parent,Cl,4,0,1,ok,,-0.317120094218,,,,,-0.35481,-0.02685,-0.7306,,0,,0.001,0.0,,3.204
am1,am1,ClBz_1245_RA,radical_anion,Cl,4,-1,2,ok,,-0.504596308985,,,,,-0.07524,0.16565,4.5076,0.8277,0,,0.001,0.0,,
am1,am1,ClPh_245_rad,aryl_radical,Cl,3,0,2,ok,,0.88022005148,,,,,-0.36348,-0.01481,-0.403,1.3022,0,,0.001,0.0655,,
am1,am1,ClPh_245_anion,aryl_anion,Cl,3,-1,1,ok,,0.261994691471,,,,,-0.1205,0.16962,4.6156,,0,,0.001,5.3352,,
am1,am1,ClBz_12345,parent,Cl,5,0,1,ok,,-0.803984739684,,,,,-0.35963,-0.03269,-0.8895,,0,,0.001,0.7868,,3.304
am1,am1,ClBz_12345_RA,radical_anion,Cl,5,-1,2,ok,,-0.659084877962,,,,,-0.08626,0.15617,4.2496,0.8361,0,,0.001,0.0057,,
am1,am1,ClPh_2345_rad,aryl_radical,Cl,4,0,2,ok,,0.8176760888,,,,,-0.36949,-0.02198,-0.5981,1.3616,0,,0.001,0.6701,,
am1,am1,ClPh_2345_anion,aryl_anion,Cl,4,-1,1,ok,,0.123012933454,,,,,-0.12952,0.1575,4.2858,,0,,0.001,5.2578,,
am1,am1,ClPh_2346_rad,aryl_radical,Cl,4,0,2,ok,,0.817457355956,,,,,-0.36839,-0.02424,-0.6596,1.3601,0,,0.001,0.8696,,
am1,am1,ClPh_2346_anion,aryl_anion,Cl,4,-1,1,ok,,0.925310635927,,,,,-0.13342,0.15446,4.2031,,0,,0.001,4.8885,,
am1,am1,ClPh_2356_rad,aryl_radical,Cl,4,0,2,ok,,0.809268621931,,,,,-0.36539,-0.02721,-0.7404,1.3613,0,,0.001,0.9804,,
am1,am1,ClPh_2356_anion,aryl_anion,Cl,4,-1,1,ok,,0.733628277601,,,,,-0.1338,0.15213,4.1397,,0,,0.001,4.3775,,
am1,am1,ClBz_123456,parent,Cl,6,0,1,ok,,-0.126186850418,,,,,-0.36423,-0.03822,-1.04,,0,,0.001,0.0,,3.396
am1,am1,ClBz_123456_RA,radical_anion,Cl,6,-1,2,ok,,-0.800680190705,,,,,-0.09609,0.14632,3.9816,0.8269,0,,0.001,0.0,,
am1,am1,ClPh_23456_rad,aryl_radical,Cl,5,0,2,ok,,0.756915490913,,,,,-0.37132,-0.03122,-0.8495,1.4194,0,,0.001,0.2431,,
am1,am1,ClPh_23456_anion,aryl_anion,Cl,5,-1,1,ok,,-0.377042982149,,,,,-0.14211,0.14324,3.8978,,0,,0.001,4.8786,,
am1,am1,BrBz_1,parent,Br,1,0,1,ok,,0.424935204317,,,,,-0.35283,0.00218,0.0593,,0,,0.001,1.4493,,2.897
am1,am1,BrBz_1_RA,radical_anion,Br,1,-1,2,ok,,0.259408064979,,,,,-0.05817,0.1858,5.0559,0.9913,0,,0.001,2.354,,
am1,am1,BrBz_12,parent,Br,2,0,1,ok,,0.513414069555,,,,,-0.35637,-0.01057,-0.2876,,0,,0.001,2.1444,,3.056
am1,am1,BrBz_12_RA,radical_anion,Br,2,-1,2,ok,,0.510771155347,,,,,-0.02985,0.15336,4.1731,0.7603,0,,0.001,0.8738,,
am1,am1,BrPh_2_rad,aryl_radical,Br,1,0,2,ok,,0.204843753364,,,,,-0.32213,-0.09854,-2.6814,1.0126,0,,0.001,3.9298,,
am1,am1,BrPh_2_anion,aryl_anion,Br,1,-1,1,ok,,0.822207658248,,,,,-0.09626,0.1954,5.3171,,0,,0.001,4.4107,,
am1,am1,BrBz_13,parent,Br,2,0,1,ok,,0.510892538588,,,,,-0.35815,-0.01087,-0.2958,,0,,0.001,1.356,,3.058
am1,am1,BrBz_13_RA,radical_anion,Br,2,-1,2,ok,,0.392444968751,,,,,-0.03608,0.12105,3.2939,1.1399,0,,0.001,1.2365,,
am1,am1,BrPh_3_rad,aryl_radical,Br,1,0,2,ok,,0.124354196661,,,,,-0.36357,-0.00103,-0.028,1.1919,0,,0.001,1.1979,,
am1,am1,BrPh_3_anion,aryl_anion,Br,1,-1,1,ok,,0.840987228807,,,,,-0.09308,0.19225,5.2314,,0,,0.001,7.6705,,
am1,am1,BrBz_14,parent,Br,2,0,1,ok,,0.508909730887,,,,,-0.35377,-0.01446,-0.3935,,0,,0.001,0.0,,3.058
am1,am1,BrBz_14_RA,radical_anion,Br,2,-1,2,ok,,0.494086543196,,,,,-0.02155,0.11092,3.0183,0.768,0,,0.001,0.0,,
am1,am1,BrPh_4_rad,aryl_radical,Br,1,0,2,ok,,0.124307112316,,,,,-0.36151,0.00172,0.0468,1.1848,0,,0.001,0.3168,,
am1,am1,BrPh_4_anion,aryl_anion,Br,1,-1,1,ok,,0.844475778265,,,,,-0.09328,0.19229,5.2325,,0,,0.0,8.9954,,
am1,am1,BrBz_123,parent,Br,3,0,1,ok,,0.609815450739,,,,,-0.36313,-0.01895,-0.5157,,0,,0.001,2.2063,,3.198
am1,am1,BrBz_123_RA,radical_anion,Br,3,-1,2,ok,,0.273759709219,,,,,-0.07523,0.152,4.1361,1.0071,0,,0.001,3.6093,,
am1,am1,BrPh_23_rad,aryl_radical,Br,2,0,2,ok,,0.132894873659,,,,,-0.36625,-0.01159,-0.3154,1.2327,0,,0.001,2.0846,,
am1,am1,BrPh_23_anion,aryl_anion,Br,2,-1,1,ok,,0.794350874554,,,,,-0.10949,0.17534,4.7712,,0,,0.001,6.193,,
am1,am1,BrPh_26_rad,aryl_radical,Br,2,0,2,ok,,0.237348016301,,,,,-0.2922,-0.13701,-3.7282,0.8262,0,,0.001,5.3201,,
am1,am1,BrPh_26_anion,aryl_anion,Br,2,-1,1,ok,,0.761838717666,,,,,-0.11409,0.17305,4.7089,,0,,0.001,2.0704,,
am1,am1,BrBz_124,parent,Br,3,0,1,ok,,0.605628313699,,,,,-0.35855,-0.02483,-0.6757,,0,,0.001,1.0979,,3.202
am1,am1,BrBz_124_RA,radical_anion,Br,3,-1,2,ok,,0.498025008327,,,,,-0.04111,0.14002,3.8101,0.7815,0,,0.001,4.0801,,
am1,am1,BrPh_24_rad,aryl_radical,Br,2,0,2,ok,,0.213066190984,,,,,-0.32943,-0.10879,-2.9603,1.0146,0,,0.001,3.052,,
am1,am1,BrPh_24_anion,aryl_anion,Br,2,-1,1,ok,,0.780849741595,,,,,-0.11228,0.17522,4.768,,0,,0.001,6.1053,,
am1,am1,BrPh_25_rad,aryl_radical,Br,2,0,2,ok,,0.213510080832,,,,,-0.33161,-0.1085,-2.9524,1.033,0,,0.001,3.1865,,
am1,am1,BrPh_25_anion,aryl_anion,Br,2,-1,1,ok,,0.774658210208,,,,,-0.11228,0.17373,4.7274,,0,,0.0,4.4157,,
am1,am1,BrPh_34_rad,aryl_radical,Br,2,0,2,ok,,0.13335823121,,,,,-0.36665,-0.00912,-0.2482,1.2298,0,,0.001,1.1684,,
am1,am1,BrPh_34_anion,aryl_anion,Br,2,-1,1,ok,,0.81586305105,,,,,-0.1076,0.17288,4.7043,,0,,0.0,8.5643,,
am1,am1,BrBz_135,parent,Br,3,0,1,ok,,0.606172963845,,,,,-0.36677,-0.0201,-0.5469,,0,,0.001,0.0,,3.204
am1,am1,BrBz_135_RA,radical_anion,Br,3,-1,2,ok,,0.423838482336,,,,,-0.03489,0.11898,3.2376,1.2094,0,,0.0,0.0,,
am1,am1,BrPh_35_rad,aryl_radical,Br,2,0,2,ok,,0.133229875208,,,,,-0.36757,-0.01519,-0.4133,1.2341,0,,0.001,0.1848,,
am1,am1,BrPh_35_anion,aryl_anion,Br,2,-1,1,ok,,0.793920673074,,,,,-0.10922,0.17144,4.6651,,0,,0.001,6.7238,,
am1,am1,BrBz_1234,parent,Br,4,0,1,ok,,0.711098958201,,,,,-0.36244,-0.03144,-0.8555,,0,,0.0,1.6889,,3.332
am1,am1,BrBz_1234_RA,radical_anion,Br,4,-1,2,ok,,0.542975745533,,,,,-0.04966,0.13132,3.5734,0.7636,0,,0.001,3.4351,,
am1,am1,BrPh_234_rad,aryl_radical,Br,3,0,2,ok,,0.142546285149,,,,,-0.37109,-0.01843,-0.5015,1.2728,0,,0.001,1.5926,,
am1,am1,BrPh_234_anion,aryl_anion,Br,3,-1,1,ok,,0.787828275613,,,,,-0.12266,0.15912,4.3299,,0,,0.001,6.6528,,
am1,am1,BrPh_236_rad,aryl_radical,Br,3,0,2,ok,,0.142044115222,,,,,-0.36831,-0.02425,-0.6599,1.2779,0,,0.001,1.7756,,
am1,am1,BrPh_236_anion,aryl_anion,Br,3,-1,1,ok,,0.75131164534,,,,,-0.12629,0.15476,4.2112,,0,,0.001,4.0149,,
am1,am1,BrBz_1235,parent,Br,4,0,1,ok,,0.709466627932,,,,,-0.36399,-0.03307,-0.8999,,0,,0.0,0.8457,,3.334
am1,am1,BrBz_1235_RA,radical_anion,Br,4,-1,2,ok,,0.280964544596,,,,,-0.08588,0.13672,3.7203,0.9852,0,,0.001,5.784,,
am1,am1,BrPh_235_rad,aryl_radical,Br,3,0,2,ok,,0.142244377287,,,,,-0.36835,-0.02508,-0.6825,1.2807,0,,0.001,0.8167,,
am1,am1,BrPh_235_anion,aryl_anion,Br,3,-1,1,ok,,0.765520872867,,,,,-0.12413,0.15689,4.2692,,0,,0.001,5.225,,
am1,am1,BrPh_246_rad,aryl_radical,Br,3,0,2,ok,,0.142534446006,,,,,-0.37273,-0.02235,-0.6082,1.2669,0,,0.001,0.9793,,
am1,am1,BrPh_246_anion,aryl_anion,Br,3,-1,1,ok,,0.743032662492,,,,,-0.12867,0.15933,4.3356,,0,,0.001,4.5639,,
am1,am1,BrPh_345_rad,aryl_radical,Br,3,0,2,ok,,0.143144351822,,,,,-0.37303,-0.02027,-0.5516,1.2769,0,,0.001,0.9393,,
am1,am1,BrPh_345_anion,aryl_anion,Br,3,-1,1,ok,,0.804509133179,,,,,-0.12087,0.15542,4.2292,,0,,0.001,7.5639,,
am1,am1,BrBz_1245,parent,Br,4,0,1,ok,,0.706819824683,,,,,-0.3613,-0.03601,-0.9799,,0,,0.001,0.0,,3.333
am1,am1,BrBz_1245_RA,radical_anion,Br,4,-1,2,ok,,0.62393305201,,,,,-0.02201,0.12285,3.3429,0.758,0,,0.001,0.0,,
am1,am1,BrPh_245_rad,aryl_radical,Br,3,0,2,ok,,0.142578353537,,,,,-0.36816,-0.0236,-0.6422,1.2752,0,,0.001,0.0443,,
am1,am1,BrPh_245_anion,aryl_anion,Br,3,-1,1,ok,,0.77039775286,,,,,-0.12525,0.15957,4.3421,,0,,0.001,6.0977,,
am1,am1,BrBz_12345,parent,Br,5,0,1,ok,,0.818332743475,,,,,-0.36553,-0.04139,-1.1263,,0,,0.001,0.7972,,3.453
am1,am1,BrBz_12345_RA,radical_anion,Br,5,-1,2,ok,,0.628301891171,,,,,-0.0432,0.12425,3.381,1.049,0,,0.001,3.6794,,
am1,am1,BrPh_2345_rad,aryl_radical,Br,4,0,2,ok,,0.152684908136,,,,,-0.37295,-0.02952,-0.8033,1.3249,0,,0.001,0.6932,,
am1,am1,BrPh_2345_anion,aryl_anion,Br,4,-1,1,ok,,0.790942971038,,,,,-0.13471,0.14472,3.938,,0,,0.001,6.079,,
am1,am1,BrPh_2346_rad,aryl_radical,Br,4,0,2,ok,,0.152342952316,,,,,-0.37331,-0.03171,-0.8629,1.32,0,,0.001,0.8966,,
am1,am1,BrPh_2346_anion,aryl_anion,Br,4,-1,1,ok,,0.762853482291,,,,,-0.13817,0.14334,3.9005,,0,,0.001,5.2239,,
am1,am1,BrPh_2356_rad,aryl_radical,Br,4,0,2,ok,,0.151755904277,,,,,-0.37074,-0.03361,-0.9146,1.3286,0,,0.001,0.9996,,
am1,am1,BrPh_2356_anion,aryl_anion,Br,4,-1,1,ok,,0.755099322253,,,,,-0.13731,0.13909,3.7848,,0,,0.001,4.3571,,
am1,am1,BrBz_123456,parent,Br,6,0,1,ok,,0.932617529625,,,,,-0.36942,-0.04632,-1.2604,,0,,0.001,0.0,,3.564
am1,am1,BrBz_123456_RA,radical_anion,Br,6,-1,2,ok,,0.138413407411,,,,,-0.11148,0.1341,3.649,0.8582,0,,0.001,0.0,,
am1,am1,BrPh_23456_rad,aryl_radical,Br,5,0,2,ok,,0.162674372137,,,,,-0.3756,-0.03819,-1.0392,1.373,0,,0.001,0.2746,,
am1,am1,BrPh_23456_anion,aryl_anion,Br,5,-1,1,ok,,0.79358632088,,,,,-0.14696,0.13052,3.5516,,0,,0.001,5.2546,,
am1,am1,BDE_24_24,parent,Br,4,0,1,missing,,,,,,,,,,,,,,,,
am1,am1,BDE_24_24_RA,radical_anion,Br,4,-1,2,missing,,,,,,,,,,,,,,,,
am1,am1,BDE_24_2r4_rad,aryl_radical,Br,3,0,2,missing,,,,,,,,,,,,,,,,
am1,am1,BDE_24_2r4_anion,aryl_anion,Br,3,-1,1,missing,,,,,,,,,,,,,,,,
am1,am1,BDE_24_4,parent,Br,3,0,1,missing,,,,,,,,,,,,,,,,
am1,am1,BDE_24_24r_rad,aryl_radical,Br,3,0,2,missing,,,,,,,,,,,,,,,,
am1,am1,BDE_24_24r_anion,aryl_anion,Br,3,-1,1,missing,,,,,,,,,,,,,,,,
am1,am1,BDE_24_2,parent,Br,3,0,1,missing,,,,,,,,,,,,,,,,
am1,am1,BDE_245_24,parent,Br,5,0,1,missing,,,,,,,,,,,,,,,,
am1,am1,BDE_245_24_RA,radical_anion,Br,5,-1,2,missing,,,,,,,,,,,,,,,,
am1,am1,BDE_2r45_24_rad,aryl_radical,Br,4,0,2,missing,,,,,,,,,,,,,,,,
am1,am1,BDE_2r45_24_anion,aryl_anion,Br,4,-1,1,missing,,,,,,,,,,,,,,,,
am1,am1,BDE_24_34,parent,Br,4,0,1,missing,,,,,,,,,,,,,,,,
am1,am1,BDE_24r5_24_rad,aryl_radical,Br,4,0,2,missing,,,,,,,,,,,,,,,,
am1,am1,BDE_24r5_24_anion,aryl_anion,Br,4,-1,1,missing,,,,,,,,,,,,,,,,
am1,am1,BDE_24_25,parent,Br,4,0,1,missing,,,,,,,,,,,,,,,,
am1,am1,BDE_245r_24_rad,aryl_radical,Br,4,0,2,missing,,,,,,,,,,,,,,,,
am1,am1,BDE_245r_24_anion,aryl_anion,Br,4,-1,1,missing,,,,,,,,,,,,,,,,
am1,am1,BDE_245_2r4_rad,aryl_radical,Br,4,0,2,missing,,,,,,,,,,,,,,,,
am1,am1,BDE_245_2r4_anion,aryl_anion,Br,4,-1,1,missing,,,,,,,,,,,,,,,,
am1,am1,BDE_245_4,parent,Br,4,0,1,missing,,,,,,,,,,,,,,,,
am1,am1,BDE_245_24r_rad,aryl_radical,Br,4,0,2,missing,,,,,,,,,,,,,,,,
am1,am1,BDE_245_24r_anion,aryl_anion,Br,4,-1,1,missing,,,,,,,,,,,,,,,,
am1,am1,BDE_245_2,parent,Br,4,0,1,missing,,,,,,,,,,,,,,,,
