stage,level,name,kind,halogen,n_X,charge,mult,status,flags,E_scf,G,H,ZPE,G_corr,homo,lumo,lumo_eV,S2,n_imag,lowest_freq,wall_hours,dipole_D,polar_iso_A3,radius_A,RA_state,RA_longest_CX_site,RA_longest_CX_A,RA_oop_deg
m062x_gas,m062x_gas,Bz,parent,,0,0,1,ok,,-232.190350059,-232.1142,-232.083772,0.101257,0.07615,-0.30902,-0.00011,-0.003,,0,410.9149,0.014,0.0,9.468,2.711,,,,
m062x_gas,m062x_gas,Cl_anion,halide,Cl,1,-1,1,ok,,-460.268136129,-460.283159,-460.265776,0.0,-0.015023,-0.0813,0.25409,6.9141,,0,,0.001,0.0,2.122,,,,,
m062x_gas,m062x_gas,Cl_rad,halogen_atom,Cl,1,0,2,ok,,-460.132670719,-460.148348,-460.13031,0.0,-0.015677,-0.40151,-0.18965,-5.1606,0.7521,0,,0.002,0.0,1.043,,,,,
m062x_gas,m062x_gas,ClBz_1,parent,Cl,1,0,1,ok,,-691.792913654,-691.730263,-691.694764,0.091746,0.062651,-0.30569,-0.00342,-0.0931,,0,189.2136,0.052,1.8796,11.329,2.852,,,,
m062x_gas,m062x_gas,ClBz_1_RA,radical_anion,Cl,1,-1,2,incomplete,"no_termination (running, killed or time limit)",-691.761447714,,,,,0.02703,0.10889,2.963,0.7513,0,,,1.9348,,,pi,1,1.772,4.1
m062x_gas,m062x_gas,Ph_rad,aryl_radical,,0,0,2,ok,,-231.505985745,-231.445228,-231.412559,0.088131,0.060757,-0.3064,-0.05039,-1.3712,0.7621,0,401.1118,0.044,0.863,9.282,,,,,
m062x_gas,m062x_gas,Ph_anion,aryl_anion,,0,-1,1,ok,,-231.543407236,-231.484406,-231.452178,0.085817,0.059001,-0.02964,0.10409,2.8324,,0,358.952,0.025,5.6041,13.299,,,,,
m062x_gas,m062x_gas,ClBz_12,parent,Cl,2,0,1,ok,,-1151.39106087,-1151.340028,-1151.301287,0.08223,0.051033,-0.30918,-0.00581,-0.1581,,0,135.6785,0.031,2.6928,13.115,2.98,,,,
m062x_gas,m062x_gas,ClBz_12_RA,radical_anion,Cl,2,-1,2,warn,RA_dissociated(C1-X 2.52 A),-1151.39133264,-1151.348829,-1151.304138,0.078433,0.042504,-0.0761,0.08206,2.233,0.7612,0,21.8115,0.557,9.2818,17.79,,dissociated,1,2.517,0.4
m062x_gas,m062x_gas,ClPh_2_rad,aryl_radical,Cl,1,0,2,ok,,-691.105868567,-691.057457,-691.020686,0.078797,0.048412,-0.30806,-0.07228,-1.9668,0.7624,0,185.6944,0.078,2.3337,11.172,,,,,
m062x_gas,m062x_gas,ClPh_2_anion,aryl_anion,Cl,1,-1,1,ok,,-691.169607868,-691.122841,-691.086345,0.076689,0.046767,-0.06062,0.09753,2.6539,,0,162.152,0.049,4.6825,14.338,,,,,
m062x_gas,m062x_gas,ClBz_13,parent,Cl,2,0,1,ok,,-1151.39386417,-1151.343125,-1151.3042,0.082085,0.050739,-0.312,-0.0078,-0.2122,,0,163.1733,0.034,1.7632,13.292,2.981,,,,
m062x_gas,m062x_gas,ClBz_13_RA,radical_anion,Cl,2,-1,2,ok,,-1151.37513724,-1151.333754,-1151.290998,0.075359,0.041383,0.03701,0.10939,2.9767,0.7587,0,80.4022,0.305,0.2383,19.741,,pi,1,1.792,4.8
m062x_gas,m062x_gas,ClPh_3_rad,aryl_radical,Cl,1,0,2,ok,,-691.10806182,-691.059742,-691.023029,0.078661,0.04832,-0.31024,-0.06409,-1.744,0.7622,0,185.5259,0.071,1.5811,11.162,,,,,
m062x_gas,m062x_gas,ClPh_3_anion,aryl_anion,Cl,1,-1,1,ok,,-691.162036117,-691.11506,-691.078693,0.076825,0.046976,-0.04803,0.10172,2.7679,,0,173.9326,0.045,5.9639,14.804,,,,,
m062x_gas,m062x_gas,ClBz_14,parent,Cl,2,0,1,ok,,-1151.39397023,-1151.342469,-1151.304249,0.08215,0.051501,-0.30457,-0.00869,-0.2365,,0,101.2867,0.028,0.0,13.309,2.982,,,,
m062x_gas,m062x_gas,ClBz_14_RA,radical_anion,Cl,2,-1,2,ok,,-1151.37587799,-1151.3335,-1151.292418,0.074754,0.042378,0.03808,0.11166,3.0384,0.7583,0,62.4476,0.124,0.0,18.686,,pi,1,1.793,0.0
m062x_gas,m062x_gas,ClPh_4_rad,aryl_radical,Cl,1,0,2,ok,,-691.107245581,-691.058264,-691.022215,0.078659,0.048981,-0.30403,-0.06254,-1.7018,0.7625,0,200.3412,0.047,0.9973,11.084,,,,,
m062x_gas,m062x_gas,ClPh_4_anion,aryl_anion,Cl,1,-1,1,ok,,-691.15898441,-691.111332,-691.075647,0.07683,0.047653,-0.0458,0.10833,2.9478,,0,182.7497,0.028,6.8504,14.761,,,,,
m062x_gas,m062x_gas,ClBz_123,parent,Cl,3,0,1,ok,,-1610.98802958,-1610.948614,-1610.906678,0.07263,0.039416,-0.31805,-0.01415,-0.385,,0,82.2979,0.045,2.7258,14.994,3.099,,,,
m062x_gas,m062x_gas,ClBz_123_RA,radical_anion,Cl,3,-1,2,warn,"RA_sigma(C2-X 2.35 A, 31 deg)",-1610.99907564,-1610.966518,-1610.920148,0.069169,0.032558,-0.07596,0.08241,2.2425,0.7574,0,43.1195,0.335,7.2789,19.05,,sigma_bent,2,2.349,30.6
m062x_gas,m062x_gas,ClPh_23_rad,aryl_radical,Cl,2,0,2,ok,,-1150.70440157,-1150.667635,-1150.627588,0.069284,0.036767,-0.31476,-0.08153,-2.2185,0.7626,0,138.3573,0.099,2.7349,12.999,,,,,
m062x_gas,m062x_gas,ClPh_23_anion,aryl_anion,Cl,2,-1,1,ok,,-1150.77913061,-1150.743681,-1150.703913,0.067534,0.035449,-0.07134,0.0961,2.615,,0,103.2533,0.061,4.9858,16.181,,,,,
m062x_gas,m062x_gas,ClPh_26_rad,aryl_radical,Cl,2,0,2,ok,,-1150.70423019,-1150.666992,-1150.627359,0.069296,0.037238,-0.31725,-0.09235,-2.513,0.7628,0,162.9622,0.064,2.4918,13.174,,,,,
m062x_gas,m062x_gas,ClPh_26_anion,aryl_anion,Cl,2,-1,1,ok,,-1150.79231592,-1150.756337,-1150.717054,0.06752,0.035979,-0.08919,0.09309,2.5331,,0,161.1569,0.038,4.583,15.921,,,,,
m062x_gas,m062x_gas,ClBz_124,parent,Cl,3,0,1,ok,,-1610.9909693,-1610.952421,-1610.909648,0.072569,0.038549,-0.31009,-0.01805,-0.4912,,0,91.8924,0.06,1.362,15.164,3.1,,,,
m062x_gas,m062x_gas,ClBz_124_RA,radical_anion,Cl,3,-1,2,warn,"RA_sigma(C2-X 2.43 A, 21 deg)",-1611.00089181,-1610.969651,-1610.922023,0.068952,0.031241,-0.08028,0.08508,2.3151,0.7595,0,27.4979,0.847,8.7156,19.548,,sigma_bent,2,2.434,20.8
m062x_gas,m062x_gas,ClPh_24_rad,aryl_radical,Cl,2,0,2,ok,,-1150.70569041,-1150.669157,-1150.628979,0.069163,0.036534,-0.31053,-0.08318,-2.2634,0.7629,0,160.7782,0.137,1.4539,13.078,,,,,
m062x_gas,m062x_gas,ClPh_24_anion,aryl_anion,Cl,2,-1,1,ok,,-1150.7818378,-1150.746482,-1150.706612,0.067509,0.035356,-0.07433,0.10202,2.7761,,0,155.6152,0.122,5.607,16.008,,,,,
m062x_gas,m062x_gas,ClPh_25_rad,aryl_radical,Cl,2,0,2,ok,,-1150.70649291,-1150.670031,-1150.629766,0.069142,0.036462,-0.30791,-0.08467,-2.304,0.7626,0,92.6117,0.143,0.8335,13.188,,,,,
m062x_gas,m062x_gas,ClPh_25_anion,aryl_anion,Cl,2,-1,1,ok,,-1150.78487037,-1150.749499,-1150.70962,0.067524,0.035371,-0.07628,0.09926,2.701,,0,88.0154,0.061,5.1356,16.062,,,,,
m062x_gas,m062x_gas,ClPh_34_rad,aryl_radical,Cl,2,0,2,ok,,-1150.70514918,-1150.668467,-1150.62852,0.069121,0.036682,-0.3096,-0.07264,-1.9766,0.7626,0,137.062,0.131,1.9315,12.89,,,,,
m062x_gas,m062x_gas,ClPh_34_anion,aryl_anion,Cl,2,-1,1,ok,,-1150.7694827,-1150.733912,-1150.694236,0.067572,0.03557,-0.05979,0.1051,2.8599,,0,130.9727,0.073,6.5321,16.149,,,,,
m062x_gas,m062x_gas,ClBz_135,parent,Cl,3,0,1,ok,,-1610.99342584,-1610.953493,-1610.912257,0.072378,0.039933,-0.32354,-0.01785,-0.4857,,0,128.8661,0.043,0.0,15.262,3.101,,,,
m062x_gas,m062x_gas,ClBz_135_RA,radical_anion,Cl,3,-1,2,warn,RA_dissociated(C5-X 2.51 A),-1611.00270342,-1610.972628,-1610.923859,0.068815,0.030075,-0.08096,0.09102,2.4768,0.7615,0,16.5745,1.21,10.1745,20.225,,dissociated,5,2.509,0.0
m062x_gas,m062x_gas,ClPh_35_rad,aryl_radical,Cl,2,0,2,ok,,-1150.70859439,-1150.671575,-1150.632068,0.068975,0.037019,-0.31811,-0.07707,-2.0972,0.7623,0,164.0623,0.052,0.8407,13.149,,,,,
m062x_gas,m062x_gas,ClPh_35_anion,aryl_anion,Cl,2,-1,1,ok,,-1150.77791622,-1150.741808,-1150.702613,0.0676,0.036108,-0.06498,0.10806,2.9405,,0,162.8111,0.044,5.4192,16.525,,,,,
m062x_gas,m062x_gas,ClBz_1234,parent,Cl,4,0,1,ok,,-2070.5840968,-2070.556479,-2070.511326,0.062813,0.027618,-0.31443,-0.02235,-0.6082,,0,78.8015,0.046,2.034,16.934,3.207,,,,
m062x_gas,m062x_gas,ClBz_1234_RA,radical_anion,Cl,4,-1,2,warn,"RA_sigma(C3-X 2.31 A, 31 deg)",-2070.60364796,-2070.582706,-2070.533086,0.059578,0.020942,-0.08074,0.08463,2.3029,0.757,0,38.9411,1.125,7.4424,21.058,,sigma_bent,3,2.312,31.4
m062x_gas,m062x_gas,ClPh_234_rad,aryl_radical,Cl,3,0,2,ok,,-1610.30045956,-1610.275227,-1610.232007,0.059755,0.025232,-0.31611,-0.08864,-2.412,0.7631,0,82.7267,0.102,2.3309,14.834,,,,,
m062x_gas,m062x_gas,ClPh_234_anion,aryl_anion,Cl,3,-1,1,ok,,-1610.38426953,-1610.360284,-1610.317252,0.058137,0.023986,-0.08174,0.09916,2.6983,,0,66.8123,0.075,5.5104,17.686,,,,,
m062x_gas,m062x_gas,ClPh_236_rad,aryl_radical,Cl,3,0,2,ok,,-1610.30171045,-1610.276634,-1610.233133,0.059827,0.025077,-0.31457,-0.10026,-2.7282,0.7631,0,91.1603,0.099,1.913,15.106,,,,,
m062x_gas,m062x_gas,ClPh_236_anion,aryl_anion,Cl,3,-1,1,ok,,-1610.39947495,-1610.375564,-1610.33236,0.058209,0.023911,-0.09844,0.09432,2.5666,,0,74.579,0.069,4.8549,17.798,,,,,
m062x_gas,m062x_gas,ClBz_1235,parent,Cl,4,0,1,ok,,-2070.58686438,-2070.559224,-2070.51396,0.062943,0.02764,-0.3169,-0.02574,-0.7004,,0,74.024,0.052,0.9697,17.124,3.209,,,,
m062x_gas,m062x_gas,ClBz_1235_RA,radical_anion,Cl,4,-1,2,warn,"RA_sigma(C3-X 2.40 A, 22 deg)",-2070.6052979,-2070.585267,-2070.534703,0.059505,0.020031,-0.08475,0.0893,2.43,0.7588,0,24.6331,0.902,8.5529,21.655,,sigma_bent,3,2.396,22.0
m062x_gas,m062x_gas,ClPh_235_rad,aryl_radical,Cl,3,0,2,ok,,-1610.30391893,-1610.279064,-1610.235552,0.059605,0.024855,-0.31483,-0.09361,-2.5473,0.7628,0,89.554,0.108,1.0347,15.103,,,,,
m062x_gas,m062x_gas,ClPh_235_anion,aryl_anion,Cl,3,-1,1,ok,,-1610.39267278,-1610.368844,-1610.325586,0.058171,0.023829,-0.08665,0.10371,2.8221,,0,70.7442,0.075,4.7614,18.043,,,,,
m062x_gas,m062x_gas,ClPh_246_rad,aryl_radical,Cl,3,0,2,ok,,-1610.30282263,-1610.277425,-1610.234403,0.059624,0.025397,-0.32011,-0.10218,-2.7805,0.7632,0,125.3484,0.089,0.7314,15.167,,,,,
m062x_gas,m062x_gas,ClPh_246_anion,aryl_anion,Cl,3,-1,1,ok,,-1610.40176829,-1610.377323,-1610.33468,0.058134,0.024445,-0.10098,0.10236,2.7854,,0,132.0405,0.061,5.1422,17.726,,,,,
m062x_gas,m062x_gas,ClPh_345_rad,aryl_radical,Cl,3,0,2,ok,,-1610.30182282,-1610.276198,-1610.233662,0.059458,0.025625,-0.31755,-0.08287,-2.255,0.7627,0,82.327,0.09,1.794,14.798,,,,,
m062x_gas,m062x_gas,ClPh_345_anion,aryl_anion,Cl,3,-1,1,ok,,-1610.37830865,-1610.353505,-1610.311197,0.05823,0.024804,-0.07326,0.11241,3.0588,,0,80.9854,0.06,5.9212,17.846,,,,,
m062x_gas,m062x_gas,ClBz_1245,parent,Cl,4,0,1,ok,,-2070.58727839,-2070.55902,-2070.514294,0.063003,0.028258,-0.31234,-0.02739,-0.7453,,0,66.5533,0.043,0.0,17.156,3.208,,,,
m062x_gas,m062x_gas,ClBz_1245_RA,radical_anion,Cl,4,-1,2,ok,,-2070.59500292,-2070.575309,-2070.526395,0.057627,0.019694,0.00064,0.11133,3.0294,0.7573,0,20.5775,0.134,0.1867,23.203,,pi,1,1.777,6.9
m062x_gas,m062x_gas,ClPh_245_rad,aryl_radical,Cl,3,0,2,ok,,-1610.30256767,-1610.277673,-1610.234237,0.059588,0.024894,-0.31137,-0.09253,-2.5179,0.763,0,90.8287,0.172,0.5359,15.019,,,,,
m062x_gas,m062x_gas,ClPh_245_anion,aryl_anion,Cl,3,-1,1,ok,,-1610.3901222,-1610.366174,-1610.323027,0.058187,0.023948,-0.08675,0.10741,2.9228,,0,81.0615,0.076,5.7026,17.666,,,,,
m062x_gas,m062x_gas,ClBz_12345,parent,Cl,5,0,1,ok,,-2530.17934631,-2530.163532,-2530.11507,0.053038,0.015815,-0.31752,-0.03124,-0.8501,,0,65.3648,0.059,0.8976,19.001,3.31,,,,
m062x_gas,m062x_gas,ClBz_12345_RA,radical_anion,Cl,5,-1,2,warn,"RA_sigma(C3-X 2.26 A, 33 deg)",-2530.20733418,-2530.198027,-2530.145195,0.049901,0.009307,-0.08412,0.07799,2.1222,0.7565,0,39.8429,0.642,7.0534,23.199,,sigma_bent,3,2.265,32.9
m062x_gas,m062x_gas,ClPh_2345_rad,aryl_radical,Cl,4,0,2,ok,,-2069.89619502,-2069.882831,-2069.836336,0.049911,0.013364,-0.31689,-0.0985,-2.6803,0.7632,0,79.6461,0.211,1.3202,16.806,,,,,
m062x_gas,m062x_gas,ClPh_2345_anion,aryl_anion,Cl,4,-1,1,ok,,-2069.99122917,-2069.978928,-2069.932546,0.048541,0.012301,-0.09415,0.10838,2.9492,,0,64.2138,0.078,5.2774,19.484,,,,,
m062x_gas,m062x_gas,ClPh_2346_rad,aryl_radical,Cl,4,0,2,ok,,-2069.89686511,-2069.883336,-2069.836682,0.050224,0.01353,-0.31906,-0.10679,-2.9059,0.7634,0,73.5567,0.193,0.8642,17.024,,,,,
m062x_gas,m062x_gas,ClPh_2346_anion,aryl_anion,Cl,4,-1,1,ok,,-2070.00268774,-2069.99028,-2069.943863,0.048685,0.012408,-0.10759,0.10263,2.7927,,0,59.2225,0.14,5.2327,19.498,,,,,
m062x_gas,m062x_gas,ClPh_2356_rad,aryl_radical,Cl,4,0,2,ok,,-2069.89840107,-2069.884187,-2069.838078,0.050355,0.014214,-0.31675,-0.10836,-2.9486,0.7633,0,65.9994,0.119,0.7838,17.123,,,,,
m062x_gas,m062x_gas,ClPh_2356_anion,aryl_anion,Cl,4,-1,1,ok,,-2070.00561811,-2069.992561,-2069.946648,0.048854,0.013057,-0.1078,0.1005,2.7347,,0,44.2828,0.075,4.5906,19.788,,,,,
m062x_gas,m062x_gas,ClBz_123456,parent,Cl,6,0,1,ok,,-2989.7707461,-2989.764829,-2989.714993,0.043277,0.005917,-0.32243,-0.03483,-0.9478,,0,64.2021,0.067,0.0,20.879,3.404,,,,
m062x_gas,m062x_gas,ClBz_123456_RA,radical_anion,Cl,6,-1,2,fail,n_imag=1 (want 0; lowest -8.5),-2989.80517581,-2989.806277,-2989.753174,0.039417,-0.001101,-0.03893,0.07973,2.1696,0.7608,1,-8.4692,0.596,0.1045,27.523,,pi,1,1.774,19.0
m062x_gas,m062x_gas,ClPh_23456_rad,aryl_radical,Cl,5,0,2,ok,,-2529.48990479,-2529.487481,-2529.438286,0.040388,0.002424,-0.32197,-0.1125,-3.0613,0.7636,0,64.6478,0.129,0.1215,18.923,,,,,
m062x_gas,m062x_gas,ClPh_23456_anion,aryl_anion,Cl,5,-1,1,ok,,-2529.6027138,-2529.601522,-2529.552353,0.038958,0.001192,-0.11447,0.10528,2.8648,,0,38.5126,0.089,5.0093,21.395,,,,,
m062x_gas,m062x_gas,Br_anion,halide,Br,1,-1,1,ok,,-2574.25638326,-2574.272559,-2574.254023,0.0,-0.016176,-0.07972,0.21108,5.7438,,0,,0.001,0.0,3.358,,,,,
m062x_gas,m062x_gas,Br_rad,halogen_atom,Br,1,0,2,ok,,-2574.1280097,-2574.14484,-2574.125649,0.0,-0.01683,-0.36673,-0.17495,-4.7606,0.7529,0,,0.002,0.0,1.716,,,,,
m062x_gas,m062x_gas,BrBz_1,parent,Br,1,0,1,ok,,-2805.76447508,-2805.703508,-2805.666677,0.091168,0.060967,-0.30164,-0.00406,-0.1105,,0,169.7863,0.047,1.9265,12.404,2.893,,,,
m062x_gas,m062x_gas,BrBz_1_RA,radical_anion,Br,1,-1,2,warn,RA_dissociated(C1-X 2.91 A),-2805.76996968,-2805.71771,-2805.674577,0.087468,0.05226,-0.07679,0.07971,2.169,0.7654,0,27.6445,0.125,8.0834,17.199,,dissociated,1,2.914,0.0
m062x_gas,m062x_gas,BrBz_12,parent,Br,2,0,1,ok,,-5379.33380106,-5379.286118,-5379.244819,0.08095,0.047683,-0.30473,-0.01009,-0.2746,,0,118.7522,0.059,2.5975,15.15,3.056,,,,
m062x_gas,m062x_gas,BrBz_12_RA,radical_anion,Br,2,-1,2,warn,RA_dissociated(C2-X 2.61 A),-5379.35103157,-5379.311127,-5379.264171,0.077782,0.039904,-0.07114,0.08108,2.2063,0.7601,0,24.2992,0.379,6.7871,20.496,,dissociated,2,2.613,0.0
m062x_gas,m062x_gas,BrPh_2_rad,aryl_radical,Br,1,0,2,ok,,-2805.07823609,-2805.031579,-2804.993452,0.078167,0.046657,-0.30388,-0.07043,-1.9165,0.7626,0,167.2523,0.096,2.3263,12.271,,,,,
m062x_gas,m062x_gas,BrPh_2_anion,aryl_anion,Br,1,-1,1,ok,,-2805.14471,-2805.099826,-2805.061731,0.07609,0.044884,-0.06727,0.09583,2.6077,,0,145.6909,0.061,3.8857,15.845,,,,,
m062x_gas,m062x_gas,BrBz_13,parent,Br,2,0,1,ok,,-5379.33703519,-5379.289444,-5379.247991,0.081023,0.047592,-0.30737,-0.01003,-0.2729,,0,136.5232,0.044,1.7605,15.493,3.055,,,,
m062x_gas,m062x_gas,BrBz_13_RA,radical_anion,Br,2,-1,2,warn,RA_dissociated(C3-X 2.67 A),-5379.3529834,-5379.313542,-5379.266245,0.077603,0.039442,-0.07267,0.08233,2.2403,0.7621,0,31.0619,0.466,9.6663,21.378,,dissociated,3,2.672,0.0
m062x_gas,m062x_gas,BrPh_3_rad,aryl_radical,Br,1,0,2,ok,,-2805.07978763,-2805.033166,-2804.995119,0.07807,0.046622,-0.30642,-0.06549,-1.7821,0.7622,0,167.7283,0.092,1.6156,12.251,,,,,
m062x_gas,m062x_gas,BrPh_3_anion,aryl_anion,Br,1,-1,1,ok,,-2805.13612071,-2805.090954,-2805.053171,0.076171,0.045167,-0.05131,0.10111,2.7513,,0,156.6673,0.056,7.5046,16.337,,,,,
m062x_gas,m062x_gas,BrBz_14,parent,Br,2,0,1,ok,,-5379.33712346,-5379.289065,-5379.248164,0.080877,0.048058,-0.29972,-0.01097,-0.2985,,0,77.0417,0.026,0.0,15.58,3.055,,,,
m062x_gas,m062x_gas,BrBz_14_RA,radical_anion,Br,2,-1,2,warn,RA_dissociated(C4-X 2.71 A),-5379.35138275,-5379.311805,-5379.264548,0.077684,0.039577,-0.07513,0.08919,2.427,0.7628,0,25.5395,0.567,11.6204,21.253,,dissociated,4,2.706,0.8
m062x_gas,m062x_gas,BrPh_4_rad,aryl_radical,Br,1,0,2,ok,,-2805.07893053,-2805.031673,-2804.994283,0.078047,0.047258,-0.30049,-0.06286,-1.7105,0.7626,0,179.7041,0.057,1.0225,12.143,,,,,
m062x_gas,m062x_gas,BrPh_4_anion,aryl_anion,Br,1,-1,1,ok,,-2805.13240797,-2805.086489,-2805.049441,0.076223,0.045919,-0.04854,0.10754,2.9263,,0,164.0571,0.043,9.2841,15.982,,,,,
m062x_gas,m062x_gas,BrBz_123,parent,Br,3,0,1,ok,,-7952.90140925,-7952.867167,-7952.821361,0.070499,0.034243,-0.31164,-0.02289,-0.6229,,0,54.0747,0.069,2.4861,18.037,3.201,,,,
m062x_gas,m062x_gas,BrBz_123_RA,radical_anion,Br,3,-1,2,warn,RA_dissociated(C2-X 2.51 A),-7952.93063592,-7952.903139,-7952.852385,0.067742,0.027497,-0.07313,0.0776,2.1116,0.7571,0,9.9089,0.161,6.0089,23.15,,dissociated,2,2.509,0.0
m062x_gas,m062x_gas,BrPh_23_rad,aryl_radical,Br,2,0,2,ok,,-5378.64829018,-5378.614982,-5378.572319,0.067938,0.033308,-0.30966,-0.07923,-2.156,0.7628,0,121.7544,0.119,2.5843,15.091,,,,,
m062x_gas,m062x_gas,BrPh_23_anion,aryl_anion,Br,2,-1,1,ok,,-5378.72554806,-5378.693892,-5378.651165,0.066073,0.031656,-0.07665,0.09434,2.5671,,0,83.0448,0.08,5.2928,18.907,,,,,
m062x_gas,m062x_gas,BrPh_26_rad,aryl_radical,Br,2,0,2,ok,,-5378.6490454,-5378.615144,-5378.572902,0.068103,0.033902,-0.31191,-0.08783,-2.39,0.7631,0,123.4601,0.065,2.4361,15.437,,,,,
m062x_gas,m062x_gas,BrPh_26_anion,aryl_anion,Br,2,-1,1,ok,,-5378.7405435,-5378.708206,-5378.66593,0.06627,0.032338,-0.09742,0.09099,2.476,,0,127.5603,0.046,3.3658,18.921,,,,,
m062x_gas,m062x_gas,BrBz_124,parent,Br,3,0,1,ok,,-7952.90536065,-7952.871835,-7952.825223,0.070596,0.033525,-0.30485,-0.02005,-0.5456,,0,76.3135,0.143,1.2472,18.455,3.201,,,,
m062x_gas,m062x_gas,BrBz_124_RA,radical_anion,Br,3,-1,2,warn,RA_dissociated(C2-X 2.57 A),-7952.93279874,-7952.907143,-7952.854601,0.0676,0.025656,-0.07781,0.08159,2.2202,0.759,0,8.7017,0.525,8.0439,23.905,,dissociated,2,2.567,0.0
m062x_gas,m062x_gas,BrPh_24_rad,aryl_radical,Br,2,0,2,ok,,-5378.6497392,-5378.616538,-5378.573745,0.067972,0.033201,-0.30601,-0.08101,-2.2044,0.763,0,130.9821,0.123,1.4063,15.297,,,,,
m062x_gas,m062x_gas,BrPh_24_anion,aryl_anion,Br,2,-1,1,ok,,-5378.72911866,-5378.697353,-5378.654585,0.066244,0.031766,-0.08128,0.09957,2.7094,,0,127.2974,0.076,6.2814,18.681,,,,,
m062x_gas,m062x_gas,BrPh_25_rad,aryl_radical,Br,2,0,2,ok,,-5378.65063819,-5378.617422,-5378.574639,0.06795,0.033216,-0.30285,-0.08366,-2.2765,0.7627,0,80.519,0.198,0.8114,15.497,,,,,
m062x_gas,m062x_gas,BrPh_25_anion,aryl_anion,Br,2,-1,1,ok,,-5378.73264249,-5378.700918,-5378.658128,0.066195,0.031725,-0.08341,0.09773,2.6594,,0,67.1857,0.122,5.1172,19.079,,,,,
m062x_gas,m062x_gas,BrPh_34_rad,aryl_radical,Br,2,0,2,ok,,-5378.64803819,-5378.614794,-5378.572236,0.067788,0.033244,-0.3055,-0.07366,-2.0044,0.7626,0,117.0638,0.109,1.816,14.927,,,,,
m062x_gas,m062x_gas,BrPh_34_anion,aryl_anion,Br,2,-1,1,ok,,-5378.71507229,-5378.682979,-5378.640637,0.066235,0.032093,-0.06391,0.10424,2.8365,,0,112.1395,0.064,8.483,18.574,,,,,
m062x_gas,m062x_gas,BrBz_135,parent,Br,3,0,1,ok,,-7952.90820945,-7952.873093,-7952.828033,0.070636,0.035117,-0.31791,-0.02158,-0.5872,,0,111.2182,0.046,0.0,18.725,3.201,,,,
m062x_gas,m062x_gas,BrBz_135_RA,radical_anion,Br,3,-1,2,warn,RA_dissociated(C1-X 2.60 A),-7952.93455855,-7952.907848,-7952.856397,0.067616,0.02671,-0.07749,0.08049,2.1902,0.7605,0,33.5307,0.738,9.8527,24.936,,dissociated,1,2.602,0.0
m062x_gas,m062x_gas,BrPh_35_rad,aryl_radical,Br,2,0,2,ok,,-5378.65211038,-5378.618292,-5378.576242,0.06787,0.033819,-0.31305,-0.07981,-2.1717,0.7623,0,136.0008,0.099,0.8264,15.388,,,,,
m062x_gas,m062x_gas,BrPh_35_anion,aryl_anion,Br,2,-1,1,ok,,-5378.725477,-5378.692864,-5378.650924,0.066323,0.032613,-0.07062,0.10685,2.9075,,0,128.9699,0.075,6.2595,19.624,,,,,
m062x_gas,m062x_gas,BrBz_1234,parent,Br,4,0,1,ok,,-10526.4681775,-10526.447366,-10526.397084,0.059999,0.020812,-0.3078,-0.03462,-0.9421,,0,46.561,0.135,1.7297,21.107,3.333,,,,
m062x_gas,m062x_gas,BrBz_1234_RA,radical_anion,Br,4,-1,2,warn,"RA_sigma(C2-X 2.45 A, 20 deg)",-10526.5063877,-10526.491981,-10526.436918,0.057482,0.014406,-0.07842,0.06827,1.8577,0.7564,0,17.8746,0.631,6.7482,26.767,,sigma_bent,2,2.451,20.3
m062x_gas,m062x_gas,BrPh_234_rad,aryl_radical,Br,3,0,2,ok,,-7952.21523313,-7952.195226,-7952.148114,0.057594,0.020007,-0.30994,-0.08504,-2.3141,0.7633,0,53.9945,0.232,2.0499,17.913,,,,,
m062x_gas,m062x_gas,BrPh_234_anion,aryl_anion,Br,3,-1,1,ok,,-7952.30122013,-7952.282735,-7952.235471,0.055949,0.018485,-0.08699,0.09689,2.6365,,0,38.752,0.217,6.3365,21.376,,,,,
m062x_gas,m062x_gas,BrPh_236_rad,aryl_radical,Br,3,0,2,ok,,-7952.21815364,-7952.198202,-7952.150815,0.057796,0.019951,-0.30842,-0.09496,-2.584,0.7634,0,74.7807,0.23,1.7746,18.484,,,,,
m062x_gas,m062x_gas,BrPh_236_anion,aryl_anion,Br,3,-1,1,ok,,-7952.31855826,-7952.300142,-7952.252622,0.056101,0.018417,-0.10505,0.09246,2.516,,0,54.4572,0.159,4.5712,22.073,,,,,
m062x_gas,m062x_gas,BrBz_1235,parent,Br,4,0,1,ok,,-10526.4719797,-10526.451341,-10526.400807,0.060039,0.020639,-0.31079,-0.03306,-0.8996,,0,43.0381,0.129,0.7308,21.451,3.336,,,,
m062x_gas,m062x_gas,BrBz_1235_RA,radical_anion,Br,4,-1,2,warn,"RA_sigma(C2-X 2.46 A, 22 deg)",-10526.5092796,-10526.494829,-10526.439686,0.057593,0.01445,-0.0814,0.07163,1.9492,0.7566,0,17.5328,0.493,7.2139,26.547,,sigma_bent,2,2.458,21.9
m062x_gas,m062x_gas,BrPh_235_rad,aryl_radical,Br,3,0,2,ok,,-7952.21966252,-7952.199874,-7952.152528,0.057591,0.019788,-0.30898,-0.09216,-2.5078,0.763,0,75.2178,0.13,0.8463,18.454,,,,,
m062x_gas,m062x_gas,BrPh_235_anion,aryl_anion,Br,3,-1,1,ok,,-7952.31172894,-7952.29333,-7952.24587,0.056043,0.018399,-0.09275,0.10183,2.7709,,0,53.6939,0.106,4.8275,22.358,,,,,
m062x_gas,m062x_gas,BrPh_246_rad,aryl_radical,Br,3,0,2,ok,,-7952.21934196,-7952.19894,-7952.152028,0.057753,0.020402,-0.31453,-0.09703,-2.6403,0.7635,0,104.7699,0.083,0.6876,18.609,,,,,
m062x_gas,m062x_gas,BrPh_246_anion,aryl_anion,Br,3,-1,1,ok,,-7952.32165717,-7952.302548,-7952.255608,0.056195,0.019109,-0.1092,0.09765,2.6572,,0,102.8064,0.099,5.2176,21.891,,,,,
m062x_gas,m062x_gas,BrPh_345_rad,aryl_radical,Br,3,0,2,ok,,-7952.21547914,-7952.19501,-7952.148612,0.057341,0.02047,-0.3127,-0.08469,-2.3045,0.7626,0,54.6015,0.142,1.5283,17.853,,,,,
m062x_gas,m062x_gas,BrPh_345_anion,aryl_anion,Br,3,-1,1,ok,,-7952.29545765,-7952.275932,-7952.229634,0.056074,0.019526,-0.07866,0.09787,2.6632,,0,53.8742,0.05,7.3169,21.605,,,,,
m062x_gas,m062x_gas,BrBz_1245,parent,Br,4,0,1,ok,,-10526.4729685,-10526.45153,-10526.401704,0.06016,0.021438,-0.30685,-0.02918,-0.794,,0,41.8159,0.05,0.0,21.516,3.336,,,,
m062x_gas,m062x_gas,BrBz_1245_RA,radical_anion,Br,4,-1,2,warn,RA_dissociated(C4-X 2.55 A),-10526.5061066,-10526.493645,-10526.436632,0.057383,0.012462,-0.08379,0.07566,2.0588,0.7587,0,4.3266,0.427,9.6433,26.842,,dissociated,4,2.549,0.0
m062x_gas,m062x_gas,BrPh_245_rad,aryl_radical,Br,3,0,2,ok,,-7952.21788211,-7952.198098,-7952.150789,0.057551,0.019784,-0.30621,-0.09085,-2.4722,0.7631,0,75.8227,0.168,0.428,18.305,,,,,
m062x_gas,m062x_gas,BrPh_245_anion,aryl_anion,Br,3,-1,1,ok,,-7952.30885851,-7952.290129,-7952.242916,0.056168,0.018729,-0.09375,0.10047,2.7339,,0,66.8204,0.2,6.5911,21.596,,,,,
m062x_gas,m062x_gas,BrBz_12345,parent,Br,5,0,1,ok,,-13100.0341301,-13100.026665,-13099.971955,0.049504,0.007465,-0.31066,-0.04612,-1.255,,0,39.3703,0.182,0.6369,24.243,3.456,,,,
m062x_gas,m062x_gas,BrBz_12345_RA,radical_anion,Br,5,-1,2,warn,"RA_sigma(C3-X 2.41 A, 21 deg)",-13100.0810944,-13100.079733,-13100.020447,0.047112,0.001362,-0.0826,0.05584,1.5195,0.7559,0,21.2347,0.562,6.6634,30.538,,sigma_bent,3,2.411,21.4
m062x_gas,m062x_gas,BrPh_2345_rad,aryl_radical,Br,4,0,2,ok,,-10525.7818171,-10525.775271,-10525.723664,0.047071,0.006547,-0.31005,-0.09535,-2.5946,0.7633,0,46.245,0.343,1.0012,21.034,,,,,
m062x_gas,m062x_gas,BrPh_2345_anion,aryl_anion,Br,4,-1,1,ok,,-10525.879202,-10525.873846,-10525.822156,0.04571,0.005356,-0.09949,0.08945,2.4341,,0,38.0796,0.231,5.9989,24.564,,,,,
m062x_gas,m062x_gas,BrPh_2346_rad,aryl_radical,Br,4,0,2,ok,,-10525.7842008,-10525.777787,-10525.725813,0.047251,0.006414,-0.31237,-0.10021,-2.7269,0.7638,0,43.0444,0.343,0.6935,21.422,,,,,
m062x_gas,m062x_gas,BrPh_2346_anion,aryl_anion,Br,4,-1,1,ok,,-10525.8920081,-10525.886929,-10525.834833,0.045762,0.005079,-0.11353,0.0909,2.4735,,0,31.525,0.229,5.655,24.74,,,,,
m062x_gas,m062x_gas,BrPh_2356_rad,aryl_radical,Br,4,0,2,ok,,-10525.7865949,-10525.779456,-10525.728111,0.047357,0.007139,-0.31046,-0.10286,-2.799,0.7636,0,40.9548,0.195,0.7196,21.636,,,,,
m062x_gas,m062x_gas,BrPh_2356_anion,aryl_anion,Br,4,-1,1,ok,,-10525.89579,-10525.889853,-10525.838506,0.045937,0.005937,-0.1128,0.09878,2.6879,,0,27.8134,0.068,4.3621,25.412,,,,,
m062x_gas,m062x_gas,BrBz_123456,parent,Br,6,0,1,ok,,-15673.5939421,-15673.597973,-15673.540863,0.038896,-0.004031,-0.31412,-0.05883,-1.6008,,0,36.4291,0.079,0.0,27.06,3.571,,,,
m062x_gas,m062x_gas,BrBz_123456_RA,radical_anion,Br,6,-1,2,ok,,-15673.6472549,-15673.662298,-15673.596421,0.035557,-0.015043,-0.05325,0.04854,1.3208,0.7568,0,1.5759,2.235,0.0252,39.674,,pi,2,1.953,8.9
m062x_gas,m062x_gas,BrPh_23456_rad,aryl_radical,Br,5,0,2,ok,,-13099.3474901,-13099.353723,-13099.298114,0.036666,-0.006232,-0.31416,-0.10522,-2.8632,0.764,0,38.5526,0.173,0.0726,24.306,,,,,
m062x_gas,m062x_gas,BrPh_23456_anion,aryl_anion,Br,5,-1,1,ok,,-13099.4608933,-13099.46843,-13099.412712,0.035231,-0.007537,-0.11826,0.08119,2.2093,,0,23.4179,0.185,5.4241,27.835,,,,,
