compound,species,label,kobs_per_h,se_per_h,half_life,potential_V_SHE,group,source,note
Bromobenzene,BrBz_1,MonoBr,0.0020,0.00021,15 d,-2.0,bromobenzene,"LaPier et al., Environ. Sci. Technol. 2026, 60, 1346 (Table 1)",estimated from bromide formation instead of loss of parent
"1,4-Dibromobenzene",BrBz_14,"1,4-DiBr",0.012,0.0014,2.4 d,-2.0,bromobenzene,"LaPier et al., Environ. Sci. Technol. 2026, 60, 1346 (Table 1)",
"1,3-Dibromobenzene",BrBz_13,"1,3-DiBr",0.0329,0.0031,21 h,-2.0,bromobenzene,"LaPier et al., Environ. Sci. Technol. 2026, 60, 1346 (Table 1)",published 0.79 (+/-0.074) is per day; divided by 24
"1,2,4-Tribromobenzene",BrBz_124,"1,2,4-TriBr",0.55,0.082,1.3 h,-2.0,bromobenzene,"LaPier et al., Environ. Sci. Technol. 2026, 60, 1346 (Table 1)",
"1,3,5-Tribromobenzene",BrBz_135,"1,3,5-TriBr",0.90,0.15,46 min,-2.0,bromobenzene,"LaPier et al., Environ. Sci. Technol. 2026, 60, 1346 (Table 1)",
"1,2,4,5-Tetrabromobenzene",BrBz_1245,"1,2,4,5-TetrBr",2.5,0.28,17 min,-2.0,bromobenzene,"LaPier et al., Environ. Sci. Technol. 2026, 60, 1346 (Table 1)",unrounded value provided 2026-09-29: 2.472526556 h-1 (ln k 0.9052); the published 2.5 is used
Hexabromobenzene,BrBz_123456,HexaBr,10.0,1.3,4.2 min,-2.0,bromobenzene,"LaPier et al., Environ. Sci. Technol. 2026, 60, 1346 (Table 1)",
BDE-47,BDE_24_24,BDE-47,0.078,0.018,8.9 h,-2.0,pbde,"LaPier et al., Environ. Sci. Technol. 2026, 60, 1346 (Table 1)",
BDE-99,BDE_245_24,BDE-99,0.45,0.068,1.5 h,-2.0,pbde,"LaPier et al., Environ. Sci. Technol. 2026, 60, 1346 (Table 1)",
Hexachlorobenzene,ClBz_123456,HexaCl,4.739304239,,8.8 min,-2.0,chlorobenzene,unpublished,no standard error provided
Pentachlorobenzene,ClBz_12345,PentaCl,0.197935943,,3.5 h,-2.0,chlorobenzene,unpublished,no standard error provided
"1,2,4,5-Tetrachlorobenzene",ClBz_1245,"1,2,4,5-TetraCl",0.295230167,,2.3 h,-2.0,chlorobenzene,unpublished,no standard error provided
"1,2-Dichlorobenzene",ClBz_12,"1,2-DiCl",0.042852127,,16 h,-2.0,chlorobenzene,unpublished,no standard error provided
"1,4-Dichlorobenzene",ClBz_14,"1,4-DiCl",0.000905247,,32 d,-2.0,chlorobenzene,unpublished,no standard error provided
