level,descriptor,compound,ln_kobs,ln_k_pred,k_pred_per_h,residual_ln
b3lyp_gas,HOMO_eV,Hexachlorobenzene,1.556,4.029,56.19157,2.473
b3lyp_gas,HOMO_eV,Pentachlorobenzene,-1.62,2.232,9.3154,3.851
b3lyp_gas,HOMO_eV,"1,2,4,5-Tetrachlorobenzene",-1.22,0.348,1.41667,1.568
b3lyp_gas,HOMO_eV,"1,2-Dichlorobenzene",-3.15,-1.434,0.23826,1.716
b3lyp_gas,HOMO_eV,"1,4-Dichlorobenzene",-7.007,-2.987,0.05043,4.02
b3lyp_gas,LUMO_RA_eV,Hexachlorobenzene,1.556,-0.066,0.93636,-1.622
b3lyp_gas,LUMO_RA_eV,Pentachlorobenzene,-1.62,0.005,1.00548,1.625
b3lyp_gas,LUMO_RA_eV,"1,2,4,5-Tetrachlorobenzene",-1.22,-2.344,0.09591,-1.124
b3lyp_gas,LUMO_RA_eV,"1,2-Dichlorobenzene",-3.15,-4.299,0.01358,-1.149
b3lyp_gas,LUMO_RA_eV,"1,4-Dichlorobenzene",-7.007,-8.314,0.00025,-1.307
b3lyp_gas,LUMO_eV,Hexachlorobenzene,1.556,0.335,1.39734,-1.221
b3lyp_gas,LUMO_eV,Pentachlorobenzene,-1.62,-0.642,0.52636,0.978
b3lyp_gas,LUMO_eV,"1,2,4,5-Tetrachlorobenzene",-1.22,-1.176,0.30837,0.044
b3lyp_gas,LUMO_eV,"1,2-Dichlorobenzene",-3.15,-3.827,0.02179,-0.677
b3lyp_gas,LUMO_eV,"1,4-Dichlorobenzene",-7.007,-3.436,0.03219,3.571
b3lyp_gas,VEA_eV,Hexachlorobenzene,1.556,-0.938,0.39149,-2.494
b3lyp_gas,VEA_eV,Pentachlorobenzene,-1.62,-1.571,0.20776,0.048
b3lyp_gas,VEA_eV,"1,2,4,5-Tetrachlorobenzene",-1.22,-2.239,0.10659,-1.019
b3lyp_gas,VEA_eV,"1,2-Dichlorobenzene",-3.15,-5.086,0.00618,-1.936
b3lyp_gas,VEA_eV,"1,4-Dichlorobenzene",-7.007,-4.828,0.008,2.179
b3lyp_gas,VIE_eV,Hexachlorobenzene,1.556,-2.415,0.08933,-3.971
b3lyp_gas,VIE_eV,Pentachlorobenzene,-1.62,-2.201,0.11068,-0.581
b3lyp_gas,VIE_eV,"1,2,4,5-Tetrachlorobenzene",-1.22,-1.979,0.13815,-0.759
b3lyp_gas,VIE_eV,"1,2-Dichlorobenzene",-3.15,-2.144,0.11713,1.006
b3lyp_gas,VIE_eV,"1,4-Dichlorobenzene",-7.007,-1.849,0.15741,5.158
b3lyp_gas,dG_ET_any_kcal,Hexachlorobenzene,1.556,0.386,1.47078,-1.17
b3lyp_gas,dG_ET_any_kcal,Pentachlorobenzene,-1.62,-1.156,0.31477,0.464
b3lyp_gas,dG_ET_any_kcal,"1,2,4,5-Tetrachlorobenzene",-1.22,-2.904,0.05478,-1.684
b3lyp_gas,dG_ET_any_kcal,"1,2-Dichlorobenzene",-3.15,-5.456,0.00427,-2.306
b3lyp_gas,dG_ET_any_kcal,"1,4-Dichlorobenzene",-7.007,-9.597,7e-05,-2.59
b3lyp_gas,dipole_D,Hexachlorobenzene,1.556,-0.116,0.89034,-1.672
b3lyp_gas,dipole_D,Pentachlorobenzene,-1.62,-2.054,0.12819,-0.434
b3lyp_gas,dipole_D,"1,2,4,5-Tetrachlorobenzene",-1.22,-0.116,0.89034,1.104
b3lyp_gas,dipole_D,"1,2-Dichlorobenzene",-3.15,-6.089,0.00227,-2.939
b3lyp_gas,dipole_D,"1,4-Dichlorobenzene",-7.007,-0.116,0.89034,6.891
b3lyp_gas,eff_dG_1e_kcal,Hexachlorobenzene,1.556,-4.339,0.01305,-5.895
b3lyp_gas,eff_dG_1e_kcal,Pentachlorobenzene,-1.62,-5.588,0.00374,-3.968
b3lyp_gas,eff_dG_1e_kcal,"1,2,4,5-Tetrachlorobenzene",-1.22,-6.946,0.00096,-5.726
b3lyp_gas,eff_dG_1e_kcal,"1,2-Dichlorobenzene",-3.15,-7.573,0.00051,-4.423
b3lyp_gas,eff_dG_1e_kcal,"1,4-Dichlorobenzene",-7.007,-8.79,0.00015,-1.783
b3lyp_gas,eff_dG_2e_HDH_kcal,Hexachlorobenzene,1.556,-2.852,0.05773,-4.408
b3lyp_gas,eff_dG_2e_HDH_kcal,Pentachlorobenzene,-1.62,-4.267,0.01402,-2.648
b3lyp_gas,eff_dG_2e_HDH_kcal,"1,2,4,5-Tetrachlorobenzene",-1.22,-5.533,0.00395,-4.313
b3lyp_gas,eff_dG_2e_HDH_kcal,"1,2-Dichlorobenzene",-3.15,-6.907,0.001,-3.757
b3lyp_gas,eff_dG_2e_HDH_kcal,"1,4-Dichlorobenzene",-7.007,-8.197,0.00028,-1.189
b3lyp_gas,eff_dG_2e_carbanion_kcal,Hexachlorobenzene,1.556,1.385,3.99369,-0.171
b3lyp_gas,eff_dG_2e_carbanion_kcal,Pentachlorobenzene,-1.62,0.565,1.75871,2.184
b3lyp_gas,eff_dG_2e_carbanion_kcal,"1,2,4,5-Tetrachlorobenzene",-1.22,-1.639,0.19424,-0.419
b3lyp_gas,eff_dG_2e_carbanion_kcal,"1,2-Dichlorobenzene",-3.15,-3.869,0.02089,-0.719
b3lyp_gas,eff_dG_2e_carbanion_kcal,"1,4-Dichlorobenzene",-7.007,-5.334,0.00482,1.673
b3lyp_gas,eff_dG_RA_2e_any_kcal,Hexachlorobenzene,1.556,2.404,11.06747,0.848
b3lyp_gas,eff_dG_RA_2e_any_kcal,Pentachlorobenzene,-1.62,2.487,12.023,4.107
b3lyp_gas,eff_dG_RA_2e_any_kcal,"1,2,4,5-Tetrachlorobenzene",-1.22,-0.138,0.87123,1.082
b3lyp_gas,eff_dG_RA_2e_any_kcal,"1,2-Dichlorobenzene",-3.15,-1.862,0.15542,1.288
b3lyp_gas,eff_dG_RA_2e_any_kcal,"1,4-Dichlorobenzene",-7.007,-0.063,0.93858,6.944
b3lyp_gas,eff_dG_frag_any_kcal,Hexachlorobenzene,1.556,3.558,35.10656,2.002
b3lyp_gas,eff_dG_frag_any_kcal,Pentachlorobenzene,-1.62,1.907,6.73487,3.527
b3lyp_gas,eff_dG_frag_any_kcal,"1,2,4,5-Tetrachlorobenzene",-1.22,-0.012,0.98762,1.208
b3lyp_gas,eff_dG_frag_any_kcal,"1,2-Dichlorobenzene",-3.15,-3.755,0.02341,-0.605
b3lyp_gas,eff_dG_frag_any_kcal,"1,4-Dichlorobenzene",-7.007,-9.683,6e-05,-2.676
b3lyp_gas,eff_dG_rad_red_kcal,Hexachlorobenzene,1.556,3.0,20.08445,1.444
b3lyp_gas,eff_dG_rad_red_kcal,Pentachlorobenzene,-1.62,2.221,9.22044,3.841
b3lyp_gas,eff_dG_rad_red_kcal,"1,2,4,5-Tetrachlorobenzene",-1.22,-0.024,0.97599,1.196
b3lyp_gas,eff_dG_rad_red_kcal,"1,2-Dichlorobenzene",-3.15,-2.675,0.06893,0.475
b3lyp_gas,eff_dG_rad_red_kcal,"1,4-Dichlorobenzene",-7.007,-4.133,0.01604,2.875
b3lyp_gas,eta_Koopmans_eV,Hexachlorobenzene,1.556,-1.478,0.22814,-3.034
b3lyp_gas,eta_Koopmans_eV,Pentachlorobenzene,-1.62,-1.927,0.14555,-0.307
b3lyp_gas,eta_Koopmans_eV,"1,2,4,5-Tetrachlorobenzene",-1.22,-1.844,0.15824,-0.624
b3lyp_gas,eta_Koopmans_eV,"1,2-Dichlorobenzene",-3.15,-4.175,0.01538,-1.025
b3lyp_gas,eta_Koopmans_eV,"1,4-Dichlorobenzene",-7.007,-3.171,0.04196,3.836
b3lyp_gas,eta_dSCF_eV,Hexachlorobenzene,1.556,-2.235,0.10702,-3.791
b3lyp_gas,eta_dSCF_eV,Pentachlorobenzene,-1.62,-2.496,0.08239,-0.876
b3lyp_gas,eta_dSCF_eV,"1,2,4,5-Tetrachlorobenzene",-1.22,-2.77,0.06266,-1.55
b3lyp_gas,eta_dSCF_eV,"1,2-Dichlorobenzene",-3.15,-5.798,0.00303,-2.648
b3lyp_gas,eta_dSCF_eV,"1,4-Dichlorobenzene",-7.007,-5.054,0.00638,1.953
b3lyp_gas,gap_eV,Hexachlorobenzene,1.556,-1.478,0.22814,-3.034
b3lyp_gas,gap_eV,Pentachlorobenzene,-1.62,-1.927,0.14555,-0.307
b3lyp_gas,gap_eV,"1,2,4,5-Tetrachlorobenzene",-1.22,-1.844,0.15824,-0.624
b3lyp_gas,gap_eV,"1,2-Dichlorobenzene",-3.15,-4.175,0.01538,-1.025
b3lyp_gas,gap_eV,"1,4-Dichlorobenzene",-7.007,-3.171,0.04196,3.836
b3lyp_gas,max_dr_CX_RA_A,Hexachlorobenzene,1.556,0.16,1.17361,-1.396
b3lyp_gas,max_dr_CX_RA_A,Pentachlorobenzene,-1.62,-2.216,0.10906,-0.596
b3lyp_gas,max_dr_CX_RA_A,"1,2,4,5-Tetrachlorobenzene",-1.22,0.278,1.32041,1.498
b3lyp_gas,max_dr_CX_RA_A,"1,2-Dichlorobenzene",-3.15,-3.292,0.03717,-0.142
b3lyp_gas,max_dr_CX_RA_A,"1,4-Dichlorobenzene",-7.007,0.109,1.11476,7.116
b3lyp_gas,max_fplus_CX,Hexachlorobenzene,1.556,-1.536,0.2153,-3.092
b3lyp_gas,max_fplus_CX,Pentachlorobenzene,-1.62,-1.559,0.21044,0.061
b3lyp_gas,max_fplus_CX,"1,2,4,5-Tetrachlorobenzene",-1.22,-1.03,0.35708,0.19
b3lyp_gas,max_fplus_CX,"1,2-Dichlorobenzene",-3.15,-1.096,0.33416,2.054
b3lyp_gas,max_fplus_CX,"1,4-Dichlorobenzene",-7.007,-0.991,0.37117,6.016
b3lyp_gas,max_qCM5_X,Hexachlorobenzene,1.556,-2.219,0.1087,-3.775
b3lyp_gas,max_qCM5_X,Pentachlorobenzene,-1.62,-2.58,0.07577,-0.96
b3lyp_gas,max_qCM5_X,"1,2,4,5-Tetrachlorobenzene",-1.22,-4.837,0.00793,-3.617
b3lyp_gas,max_qCM5_X,"1,2-Dichlorobenzene",-3.15,-7.347,0.00064,-4.197
b3lyp_gas,max_qCM5_X,"1,4-Dichlorobenzene",-7.007,-9.157,0.00011,-2.15
b3lyp_gas,max_spin_vA_X,Hexachlorobenzene,1.556,-0.761,0.46721,-2.317
b3lyp_gas,max_spin_vA_X,Pentachlorobenzene,-1.62,-0.766,0.46495,0.854
b3lyp_gas,max_spin_vA_X,"1,2,4,5-Tetrachlorobenzene",-1.22,-0.47,0.62473,0.75
b3lyp_gas,max_spin_vA_X,"1,2-Dichlorobenzene",-3.15,-0.488,0.61395,2.662
b3lyp_gas,max_spin_vA_X,"1,4-Dichlorobenzene",-7.007,-0.427,0.65217,6.58
b3lyp_gas,min_BDE_kcal,Hexachlorobenzene,1.556,-9.897,5e-05,-11.453
b3lyp_gas,min_BDE_kcal,Pentachlorobenzene,-1.62,-10.025,4e-05,-8.406
b3lyp_gas,min_BDE_kcal,"1,2,4,5-Tetrachlorobenzene",-1.22,-12.424,0.0,-11.204
b3lyp_gas,min_BDE_kcal,"1,2-Dichlorobenzene",-3.15,-12.559,0.0,-9.409
b3lyp_gas,min_BDE_kcal,"1,4-Dichlorobenzene",-7.007,-13.872,0.0,-6.865
b3lyp_gas,min_dG_1e_kcal,Hexachlorobenzene,1.556,-4.85,0.00783,-6.406
b3lyp_gas,min_dG_1e_kcal,Pentachlorobenzene,-1.62,-5.654,0.0035,-4.034
b3lyp_gas,min_dG_1e_kcal,"1,2,4,5-Tetrachlorobenzene",-1.22,-7.443,0.00059,-6.223
b3lyp_gas,min_dG_1e_kcal,"1,2-Dichlorobenzene",-3.15,-7.838,0.00039,-4.688
b3lyp_gas,min_dG_1e_kcal,"1,4-Dichlorobenzene",-7.007,-9.122,0.00011,-2.115
b3lyp_gas,min_dG_2e_HDH_kcal,Hexachlorobenzene,1.556,-3.272,0.03791,-4.828
b3lyp_gas,min_dG_2e_HDH_kcal,Pentachlorobenzene,-1.62,-4.509,0.01101,-2.889
b3lyp_gas,min_dG_2e_HDH_kcal,"1,2,4,5-Tetrachlorobenzene",-1.22,-5.968,0.00256,-4.748
b3lyp_gas,min_dG_2e_HDH_kcal,"1,2-Dichlorobenzene",-3.15,-7.166,0.00077,-4.016
b3lyp_gas,min_dG_2e_HDH_kcal,"1,4-Dichlorobenzene",-7.007,-8.536,0.0002,-1.529
b3lyp_gas,min_dG_2e_carbanion_kcal,Hexachlorobenzene,1.556,1.342,3.82657,-0.214
b3lyp_gas,min_dG_2e_carbanion_kcal,Pentachlorobenzene,-1.62,0.663,1.94059,2.283
b3lyp_gas,min_dG_2e_carbanion_kcal,"1,2,4,5-Tetrachlorobenzene",-1.22,-1.689,0.1847,-0.469
b3lyp_gas,min_dG_2e_carbanion_kcal,"1,2-Dichlorobenzene",-3.15,-3.89,0.02044,-0.74
b3lyp_gas,min_dG_2e_carbanion_kcal,"1,4-Dichlorobenzene",-7.007,-5.377,0.00462,1.631
b3lyp_gas,min_dG_RA_2e_any_kcal,Hexachlorobenzene,1.556,2.314,10.11275,0.758
b3lyp_gas,min_dG_RA_2e_any_kcal,Pentachlorobenzene,-1.62,2.728,15.29792,4.348
b3lyp_gas,min_dG_RA_2e_any_kcal,"1,2,4,5-Tetrachlorobenzene",-1.22,-0.211,0.80968,1.009
b3lyp_gas,min_dG_RA_2e_any_kcal,"1,2-Dichlorobenzene",-3.15,-1.845,0.1581,1.305
b3lyp_gas,min_dG_RA_2e_any_kcal,"1,4-Dichlorobenzene",-7.007,-0.004,0.99585,7.003
b3lyp_gas,min_dG_frag_any_kcal,Hexachlorobenzene,1.556,3.544,34.61291,1.988
b3lyp_gas,min_dG_frag_any_kcal,Pentachlorobenzene,-1.62,1.648,5.19696,3.268
b3lyp_gas,min_dG_frag_any_kcal,"1,2,4,5-Tetrachlorobenzene",-1.22,0.042,1.04296,1.262
b3lyp_gas,min_dG_frag_any_kcal,"1,2-Dichlorobenzene",-3.15,-3.693,0.0249,-0.543
b3lyp_gas,min_dG_frag_any_kcal,"1,4-Dichlorobenzene",-7.007,-9.345,9e-05,-2.337
b3lyp_gas,min_dG_rad_red_kcal,Hexachlorobenzene,1.556,2.975,19.59237,1.419
b3lyp_gas,min_dG_rad_red_kcal,Pentachlorobenzene,-1.62,2.359,10.58352,3.979
b3lyp_gas,min_dG_rad_red_kcal,"1,2,4,5-Tetrachlorobenzene",-1.22,-0.058,0.94354,1.162
b3lyp_gas,min_dG_rad_red_kcal,"1,2-Dichlorobenzene",-3.15,-2.68,0.06859,0.47
b3lyp_gas,min_dG_rad_red_kcal,"1,4-Dichlorobenzene",-7.007,-4.163,0.01556,2.844
b3lyp_gas,min_wiberg_CX_parent,Hexachlorobenzene,1.556,11.301,80906.13445,9.745
b3lyp_gas,min_wiberg_CX_parent,Pentachlorobenzene,-1.62,7.992,2955.87645,9.611
b3lyp_gas,min_wiberg_CX_parent,"1,2,4,5-Tetrachlorobenzene",-1.22,7.103,1215.47465,8.323
b3lyp_gas,min_wiberg_CX_parent,"1,2-Dichlorobenzene",-3.15,4.498,89.85482,7.648
b3lyp_gas,min_wiberg_CX_parent,"1,4-Dichlorobenzene",-7.007,1.127,3.08766,8.135
b3lyp_gas,mu_Koopmans_eV,Hexachlorobenzene,1.556,1.554,4.72808,-0.002
b3lyp_gas,mu_Koopmans_eV,Pentachlorobenzene,-1.62,0.252,1.28628,1.872
b3lyp_gas,mu_Koopmans_eV,"1,2,4,5-Tetrachlorobenzene",-1.22,-0.715,0.48927,0.505
b3lyp_gas,mu_Koopmans_eV,"1,2-Dichlorobenzene",-3.15,-3.412,0.03298,-0.262
b3lyp_gas,mu_Koopmans_eV,"1,4-Dichlorobenzene",-7.007,-3.513,0.0298,3.494
b3lyp_gas,mu_dSCF_eV,Hexachlorobenzene,1.556,0.284,1.32824,-1.272
b3lyp_gas,mu_dSCF_eV,Pentachlorobenzene,-1.62,-0.675,0.50936,0.945
b3lyp_gas,mu_dSCF_eV,"1,2,4,5-Tetrachlorobenzene",-1.22,-1.673,0.18762,-0.453
b3lyp_gas,mu_dSCF_eV,"1,2-Dichlorobenzene",-3.15,-4.114,0.01635,-0.964
b3lyp_gas,mu_dSCF_eV,"1,4-Dichlorobenzene",-7.007,-4.347,0.01294,2.66
b3lyp_gas,n_X,BDE-47,-2.551,0.108,1.11365,2.659
b3lyp_gas,n_X,BDE-99,-0.799,1.863,6.44491,2.662
b3lyp_gas,n_X,Hexachlorobenzene,1.556,3.619,37.29801,2.063
b3lyp_gas,n_X,Pentachlorobenzene,-1.62,1.863,6.44491,3.483
b3lyp_gas,n_X,"1,2,4,5-Tetrachlorobenzene",-1.22,0.108,1.11365,1.328
b3lyp_gas,n_X,"1,2-Dichlorobenzene",-3.15,-3.404,0.03325,-0.254
b3lyp_gas,n_X,"1,4-Dichlorobenzene",-7.007,-3.404,0.03325,3.604
b3lyp_gas,omega_Koopmans_eV,Hexachlorobenzene,1.556,-0.01,0.98969,-1.566
b3lyp_gas,omega_Koopmans_eV,Pentachlorobenzene,-1.62,-0.94,0.39052,0.68
b3lyp_gas,omega_Koopmans_eV,"1,2,4,5-Tetrachlorobenzene",-1.22,-1.457,0.23296,-0.237
b3lyp_gas,omega_Koopmans_eV,"1,2-Dichlorobenzene",-3.15,-3.518,0.02966,-0.368
b3lyp_gas,omega_Koopmans_eV,"1,4-Dichlorobenzene",-7.007,-3.311,0.03647,3.696
b3lyp_gas,omega_dSCF_eV,Hexachlorobenzene,1.556,-0.863,0.42195,-2.419
b3lyp_gas,omega_dSCF_eV,Pentachlorobenzene,-1.62,-1.534,0.21561,0.086
b3lyp_gas,omega_dSCF_eV,"1,2,4,5-Tetrachlorobenzene",-1.22,-2.215,0.10912,-0.995
b3lyp_gas,omega_dSCF_eV,"1,2-Dichlorobenzene",-3.15,-4.306,0.01348,-1.156
b3lyp_gas,omega_dSCF_eV,"1,4-Dichlorobenzene",-7.007,-4.258,0.01415,2.749
b3lyp_gas,polar_iso_A3,Hexachlorobenzene,1.556,-0.224,0.79914,-1.78
b3lyp_gas,polar_iso_A3,Pentachlorobenzene,-1.62,-1.379,0.25176,0.241
b3lyp_gas,polar_iso_A3,"1,2,4,5-Tetrachlorobenzene",-1.22,-2.479,0.08383,-1.259
b3lyp_gas,polar_iso_A3,"1,2-Dichlorobenzene",-3.15,-4.913,0.00735,-1.763
b3lyp_gas,polar_iso_A3,"1,4-Dichlorobenzene",-7.007,-4.794,0.00828,2.213
b3lyp_gas,radius_A,Hexachlorobenzene,1.556,1.25,3.4895,-0.306
b3lyp_gas,radius_A,Pentachlorobenzene,-1.62,-0.026,0.97402,1.593
b3lyp_gas,radius_A,"1,2,4,5-Tetrachlorobenzene",-1.22,-1.369,0.2544,-0.149
b3lyp_gas,radius_A,"1,2-Dichlorobenzene",-3.15,-4.4,0.01228,-1.25
b3lyp_gas,radius_A,"1,4-Dichlorobenzene",-7.007,-4.4,0.01228,2.608
b3lyp_smd,HOMO_eV,Hexachlorobenzene,1.556,3.59,36.22789,2.034
b3lyp_smd,HOMO_eV,Pentachlorobenzene,-1.62,1.581,4.85784,3.2
b3lyp_smd,HOMO_eV,"1,2,4,5-Tetrachlorobenzene",-1.22,-0.487,0.61428,0.733
b3lyp_smd,HOMO_eV,"1,2-Dichlorobenzene",-3.15,-1.001,0.36765,2.149
b3lyp_smd,HOMO_eV,"1,4-Dichlorobenzene",-7.007,-3.259,0.03842,3.748
b3lyp_smd,LUMO_RA_eV,Hexachlorobenzene,1.556,5.803,331.22327,4.247
b3lyp_smd,LUMO_RA_eV,Pentachlorobenzene,-1.62,5.043,154.92786,6.663
b3lyp_smd,LUMO_RA_eV,"1,2,4,5-Tetrachlorobenzene",-1.22,2.992,19.93472,4.212
b3lyp_smd,LUMO_RA_eV,"1,2-Dichlorobenzene",-3.15,8.379,4354.02052,11.529
b3lyp_smd,LUMO_RA_eV,"1,4-Dichlorobenzene",-7.007,-17.326,0.0,-10.318
b3lyp_smd,LUMO_eV,Hexachlorobenzene,1.556,0.343,1.40927,-1.213
b3lyp_smd,LUMO_eV,Pentachlorobenzene,-1.62,-1.239,0.2896,0.381
b3lyp_smd,LUMO_eV,"1,2,4,5-Tetrachlorobenzene",-1.22,-1.963,0.1404,-0.743
b3lyp_smd,LUMO_eV,"1,2-Dichlorobenzene",-3.15,-4.027,0.01783,-0.877
b3lyp_smd,LUMO_eV,"1,4-Dichlorobenzene",-7.007,-3.866,0.02093,3.141
b3lyp_smd,VEA_eV,Hexachlorobenzene,1.556,-0.157,0.85458,-1.713
b3lyp_smd,VEA_eV,Pentachlorobenzene,-1.62,-0.71,0.49179,0.91
b3lyp_smd,VEA_eV,"1,2,4,5-Tetrachlorobenzene",-1.22,-1.248,0.28713,-0.028
b3lyp_smd,VEA_eV,"1,2-Dichlorobenzene",-3.15,-3.343,0.03534,-0.193
b3lyp_smd,VEA_eV,"1,4-Dichlorobenzene",-7.007,-3.165,0.04222,3.842
b3lyp_smd,VIE_eV,Hexachlorobenzene,1.556,2.305,10.02788,0.749
b3lyp_smd,VIE_eV,Pentachlorobenzene,-1.62,0.188,1.20685,1.808
b3lyp_smd,VIE_eV,"1,2,4,5-Tetrachlorobenzene",-1.22,-2.018,0.1329,-0.798
b3lyp_smd,VIE_eV,"1,2-Dichlorobenzene",-3.15,-3.158,0.0425,-0.008
b3lyp_smd,VIE_eV,"1,4-Dichlorobenzene",-7.007,-4.92,0.0073,2.087
b3lyp_smd,dG_ET_any_kcal,Hexachlorobenzene,1.556,2.04,7.69282,0.484
b3lyp_smd,dG_ET_any_kcal,Pentachlorobenzene,-1.62,1.166,3.20826,2.786
b3lyp_smd,dG_ET_any_kcal,"1,2,4,5-Tetrachlorobenzene",-1.22,-0.649,0.52282,0.571
b3lyp_smd,dG_ET_any_kcal,"1,2-Dichlorobenzene",-3.15,0.445,1.56,3.595
b3lyp_smd,dG_ET_any_kcal,"1,4-Dichlorobenzene",-7.007,-14.158,0.0,-7.15
b3lyp_smd,dipole_D,Hexachlorobenzene,1.556,-0.16,0.85205,-1.716
b3lyp_smd,dipole_D,Pentachlorobenzene,-1.62,-2.439,0.08721,-0.82
b3lyp_smd,dipole_D,"1,2,4,5-Tetrachlorobenzene",-1.22,-0.16,0.85205,1.06
b3lyp_smd,dipole_D,"1,2-Dichlorobenzene",-3.15,-5.978,0.00253,-2.828
b3lyp_smd,dipole_D,"1,4-Dichlorobenzene",-7.007,-0.16,0.85205,6.847
b3lyp_smd,eff_dG_1e_kcal,Hexachlorobenzene,1.556,3.327,27.84326,1.771
b3lyp_smd,eff_dG_1e_kcal,Pentachlorobenzene,-1.62,2.442,11.492,4.061
b3lyp_smd,eff_dG_1e_kcal,"1,2,4,5-Tetrachlorobenzene",-1.22,1.094,2.98675,2.314
b3lyp_smd,eff_dG_1e_kcal,"1,2-Dichlorobenzene",-3.15,0.337,1.40051,3.487
b3lyp_smd,eff_dG_1e_kcal,"1,4-Dichlorobenzene",-7.007,-0.972,0.37843,6.036
b3lyp_smd,eff_dG_2e_HDH_kcal,Hexachlorobenzene,1.556,4.856,128.49017,3.3
b3lyp_smd,eff_dG_2e_HDH_kcal,Pentachlorobenzene,-1.62,3.697,40.31271,5.316
b3lyp_smd,eff_dG_2e_HDH_kcal,"1,2,4,5-Tetrachlorobenzene",-1.22,2.374,10.74376,3.594
b3lyp_smd,eff_dG_2e_HDH_kcal,"1,2-Dichlorobenzene",-3.15,0.534,1.70619,3.684
b3lyp_smd,eff_dG_2e_HDH_kcal,"1,4-Dichlorobenzene",-7.007,-0.847,0.4287,6.16
b3lyp_smd,eff_dG_2e_carbanion_kcal,Hexachlorobenzene,1.556,4.317,74.99512,2.762
b3lyp_smd,eff_dG_2e_carbanion_kcal,Pentachlorobenzene,-1.62,3.512,33.51799,5.132
b3lyp_smd,eff_dG_2e_carbanion_kcal,"1,2,4,5-Tetrachlorobenzene",-1.22,0.865,2.37393,2.085
b3lyp_smd,eff_dG_2e_carbanion_kcal,"1,2-Dichlorobenzene",-3.15,-0.923,0.39739,2.227
b3lyp_smd,eff_dG_2e_carbanion_kcal,"1,4-Dichlorobenzene",-7.007,-2.976,0.05102,4.032
b3lyp_smd,eff_dG_RA_2e_any_kcal,Hexachlorobenzene,1.556,6.095,443.55952,4.539
b3lyp_smd,eff_dG_RA_2e_any_kcal,Pentachlorobenzene,-1.62,5.379,216.75612,6.999
b3lyp_smd,eff_dG_RA_2e_any_kcal,"1,2,4,5-Tetrachlorobenzene",-1.22,2.097,8.14505,3.317
b3lyp_smd,eff_dG_RA_2e_any_kcal,"1,2-Dichlorobenzene",-3.15,-2.144,0.11716,1.006
b3lyp_smd,eff_dG_RA_2e_any_kcal,"1,4-Dichlorobenzene",-7.007,6.851,944.6575,13.858
b3lyp_smd,eff_dG_act_concerted_kcal @ -2.00 V,Hexachlorobenzene,1.556,-0.669,0.51238,-2.225
b3lyp_smd,eff_dG_act_concerted_kcal @ -2.00 V,Pentachlorobenzene,-1.62,-1.65,0.19197,-0.031
b3lyp_smd,eff_dG_act_concerted_kcal @ -2.00 V,"1,2,4,5-Tetrachlorobenzene",-1.22,-3.11,0.04459,-1.89
b3lyp_smd,eff_dG_act_concerted_kcal @ -2.00 V,"1,2-Dichlorobenzene",-3.15,-4.262,0.01409,-1.112
b3lyp_smd,eff_dG_act_concerted_kcal @ -2.00 V,"1,4-Dichlorobenzene",-7.007,-5.431,0.00438,1.576
b3lyp_smd,eff_dG_frag_any_kcal,Hexachlorobenzene,1.556,-1.386,0.25,-2.942
b3lyp_smd,eff_dG_frag_any_kcal,Pentachlorobenzene,-1.62,-2.142,0.11745,-0.522
b3lyp_smd,eff_dG_frag_any_kcal,"1,2,4,5-Tetrachlorobenzene",-1.22,-4.858,0.00777,-3.638
b3lyp_smd,eff_dG_frag_any_kcal,"1,2-Dichlorobenzene",-3.15,0.457,1.57905,3.607
b3lyp_smd,eff_dG_frag_any_kcal,"1,4-Dichlorobenzene",-7.007,-43.836,0.0,-36.828
b3lyp_smd,eff_dG_rad_red_kcal,Hexachlorobenzene,1.556,4.635,103.00926,3.079
b3lyp_smd,eff_dG_rad_red_kcal,Pentachlorobenzene,-1.62,3.713,40.99534,5.333
b3lyp_smd,eff_dG_rad_red_kcal,"1,2,4,5-Tetrachlorobenzene",-1.22,0.701,2.01584,1.921
b3lyp_smd,eff_dG_rad_red_kcal,"1,2-Dichlorobenzene",-3.15,-1.622,0.19752,1.528
b3lyp_smd,eff_dG_rad_red_kcal,"1,4-Dichlorobenzene",-7.007,-3.919,0.01986,3.088
b3lyp_smd,eta_Koopmans_eV,Hexachlorobenzene,1.556,-1.128,0.32375,-2.684
b3lyp_smd,eta_Koopmans_eV,Pentachlorobenzene,-1.62,-2.297,0.10056,-0.677
b3lyp_smd,eta_Koopmans_eV,"1,2,4,5-Tetrachlorobenzene",-1.22,-2.431,0.08796,-1.211
b3lyp_smd,eta_Koopmans_eV,"1,2-Dichlorobenzene",-3.15,-4.697,0.00912,-1.547
b3lyp_smd,eta_Koopmans_eV,"1,4-Dichlorobenzene",-7.007,-3.724,0.02414,3.284
b3lyp_smd,eta_dSCF_eV,Hexachlorobenzene,1.556,-1.395,0.24779,-2.951
b3lyp_smd,eta_dSCF_eV,Pentachlorobenzene,-1.62,-1.242,0.2888,0.378
b3lyp_smd,eta_dSCF_eV,"1,2,4,5-Tetrachlorobenzene",-1.22,-1.032,0.35625,0.188
b3lyp_smd,eta_dSCF_eV,"1,2-Dichlorobenzene",-3.15,-3.069,0.04649,0.081
b3lyp_smd,eta_dSCF_eV,"1,4-Dichlorobenzene",-7.007,-2.178,0.11327,4.829
b3lyp_smd,gap_eV,Hexachlorobenzene,1.556,-1.128,0.32375,-2.684
b3lyp_smd,gap_eV,Pentachlorobenzene,-1.62,-2.297,0.10056,-0.677
b3lyp_smd,gap_eV,"1,2,4,5-Tetrachlorobenzene",-1.22,-2.431,0.08796,-1.211
b3lyp_smd,gap_eV,"1,2-Dichlorobenzene",-3.15,-4.697,0.00912,-1.547
b3lyp_smd,gap_eV,"1,4-Dichlorobenzene",-7.007,-3.724,0.02414,3.284
b3lyp_smd,max_dr_CX_RA_A,Hexachlorobenzene,1.556,-2.968,0.05139,-4.524
b3lyp_smd,max_dr_CX_RA_A,Pentachlorobenzene,-1.62,-3.075,0.04619,-1.455
b3lyp_smd,max_dr_CX_RA_A,"1,2,4,5-Tetrachlorobenzene",-1.22,-0.779,0.45874,0.441
b3lyp_smd,max_dr_CX_RA_A,"1,2-Dichlorobenzene",-3.15,-15.449,0.0,-12.299
b3lyp_smd,max_dr_CX_RA_A,"1,4-Dichlorobenzene",-7.007,-0.822,0.4396,6.185
b3lyp_smd,max_fplus_CX,Hexachlorobenzene,1.556,-0.906,0.40412,-2.462
b3lyp_smd,max_fplus_CX,Pentachlorobenzene,-1.62,-0.949,0.38713,0.671
b3lyp_smd,max_fplus_CX,"1,2,4,5-Tetrachlorobenzene",-1.22,-2.204,0.11031,-0.984
b3lyp_smd,max_fplus_CX,"1,2-Dichlorobenzene",-3.15,-2.282,0.1021,0.868
b3lyp_smd,max_fplus_CX,"1,4-Dichlorobenzene",-7.007,-2.522,0.08027,4.485
b3lyp_smd,max_qCM5_X,Hexachlorobenzene,1.556,-1.363,0.25584,-2.919
b3lyp_smd,max_qCM5_X,Pentachlorobenzene,-1.62,-2.135,0.11822,-0.515
b3lyp_smd,max_qCM5_X,"1,2,4,5-Tetrachlorobenzene",-1.22,-4.138,0.01596,-2.918
b3lyp_smd,max_qCM5_X,"1,2-Dichlorobenzene",-3.15,-7.084,0.00084,-3.934
b3lyp_smd,max_qCM5_X,"1,4-Dichlorobenzene",-7.007,-8.407,0.00022,-1.4
b3lyp_smd,max_spin_vA_X,Hexachlorobenzene,1.556,-2.073,0.12585,-3.629
b3lyp_smd,max_spin_vA_X,Pentachlorobenzene,-1.62,-2.058,0.12771,-0.438
b3lyp_smd,max_spin_vA_X,"1,2,4,5-Tetrachlorobenzene",-1.22,-2.67,0.06923,-1.45
b3lyp_smd,max_spin_vA_X,"1,2-Dichlorobenzene",-3.15,-2.671,0.0692,0.479
b3lyp_smd,max_spin_vA_X,"1,4-Dichlorobenzene",-7.007,-2.773,0.06249,4.235
b3lyp_smd,min_BDE_kcal,Hexachlorobenzene,1.556,-10.31,3e-05,-11.866
b3lyp_smd,min_BDE_kcal,Pentachlorobenzene,-1.62,-10.462,3e-05,-8.842
b3lyp_smd,min_BDE_kcal,"1,2,4,5-Tetrachlorobenzene",-1.22,-12.807,0.0,-11.587
b3lyp_smd,min_BDE_kcal,"1,2-Dichlorobenzene",-3.15,-13.045,0.0,-9.895
b3lyp_smd,min_BDE_kcal,"1,4-Dichlorobenzene",-7.007,-14.405,0.0,-7.397
b3lyp_smd,min_dG0_act_concerted_kcal,Hexachlorobenzene,1.556,-6.855,0.00105,-8.411
b3lyp_smd,min_dG0_act_concerted_kcal,Pentachlorobenzene,-1.62,-7.371,0.00063,-5.751
b3lyp_smd,min_dG0_act_concerted_kcal,"1,2,4,5-Tetrachlorobenzene",-1.22,-9.496,8e-05,-8.276
b3lyp_smd,min_dG0_act_concerted_kcal,"1,2-Dichlorobenzene",-3.15,-10.775,2e-05,-7.625
b3lyp_smd,min_dG0_act_concerted_kcal,"1,4-Dichlorobenzene",-7.007,-11.765,1e-05,-4.758
b3lyp_smd,min_dG_1e_kcal,Hexachlorobenzene,1.556,3.228,25.22193,1.672
b3lyp_smd,min_dG_1e_kcal,Pentachlorobenzene,-1.62,2.808,16.57303,4.428
b3lyp_smd,min_dG_1e_kcal,"1,2,4,5-Tetrachlorobenzene",-1.22,1.033,2.81005,2.253
b3lyp_smd,min_dG_1e_kcal,"1,2-Dichlorobenzene",-3.15,0.512,1.66807,3.662
b3lyp_smd,min_dG_1e_kcal,"1,4-Dichlorobenzene",-7.007,-0.87,0.41893,6.137
b3lyp_smd,min_dG_2e_HDH_kcal,Hexachlorobenzene,1.556,4.924,137.55909,3.368
b3lyp_smd,min_dG_2e_HDH_kcal,Pentachlorobenzene,-1.62,3.956,52.23456,5.576
b3lyp_smd,min_dG_2e_HDH_kcal,"1,2,4,5-Tetrachlorobenzene",-1.22,2.442,11.49075,3.662
b3lyp_smd,min_dG_2e_HDH_kcal,"1,2-Dichlorobenzene",-3.15,0.752,2.12097,3.902
b3lyp_smd,min_dG_2e_HDH_kcal,"1,4-Dichlorobenzene",-7.007,-0.717,0.4883,6.29
b3lyp_smd,min_dG_2e_carbanion_kcal,Hexachlorobenzene,1.556,4.313,74.66351,2.757
b3lyp_smd,min_dG_2e_carbanion_kcal,Pentachlorobenzene,-1.62,3.717,41.12836,5.337
b3lyp_smd,min_dG_2e_carbanion_kcal,"1,2,4,5-Tetrachlorobenzene",-1.22,0.841,2.31958,2.061
b3lyp_smd,min_dG_2e_carbanion_kcal,"1,2-Dichlorobenzene",-3.15,-0.891,0.41023,2.259
b3lyp_smd,min_dG_2e_carbanion_kcal,"1,4-Dichlorobenzene",-7.007,-2.987,0.05043,4.02
b3lyp_smd,min_dG_RA_2e_any_kcal,Hexachlorobenzene,1.556,6.14,464.25408,4.585
b3lyp_smd,min_dG_RA_2e_any_kcal,Pentachlorobenzene,-1.62,5.82,336.91503,7.44
b3lyp_smd,min_dG_RA_2e_any_kcal,"1,2,4,5-Tetrachlorobenzene",-1.22,2.095,8.12504,3.315
b3lyp_smd,min_dG_RA_2e_any_kcal,"1,2-Dichlorobenzene",-3.15,-2.132,0.11861,1.018
b3lyp_smd,min_dG_RA_2e_any_kcal,"1,4-Dichlorobenzene",-7.007,7.199,1338.43966,14.207
b3lyp_smd,min_dG_frag_any_kcal,Hexachlorobenzene,1.556,-0.686,0.50343,-2.242
b3lyp_smd,min_dG_frag_any_kcal,Pentachlorobenzene,-1.62,-2.346,0.09573,-0.726
b3lyp_smd,min_dG_frag_any_kcal,"1,2,4,5-Tetrachlorobenzene",-1.22,-4.033,0.01773,-2.813
b3lyp_smd,min_dG_frag_any_kcal,"1,2-Dichlorobenzene",-3.15,0.065,1.06675,3.215
b3lyp_smd,min_dG_frag_any_kcal,"1,4-Dichlorobenzene",-7.007,-38.588,0.0,-31.581
b3lyp_smd,min_dG_rad_red_kcal,Hexachlorobenzene,1.556,4.646,104.16653,3.09
b3lyp_smd,min_dG_rad_red_kcal,Pentachlorobenzene,-1.62,3.981,53.55079,5.6
b3lyp_smd,min_dG_rad_red_kcal,"1,2,4,5-Tetrachlorobenzene",-1.22,0.667,1.94827,1.887
b3lyp_smd,min_dG_rad_red_kcal,"1,2-Dichlorobenzene",-3.15,-1.595,0.20298,1.555
b3lyp_smd,min_dG_rad_red_kcal,"1,4-Dichlorobenzene",-7.007,-3.964,0.01898,3.043
b3lyp_smd,min_pKa_ArH_site,Hexachlorobenzene,1.556,3.923,50.56391,2.367
b3lyp_smd,min_pKa_ArH_site,Pentachlorobenzene,-1.62,3.531,34.15362,5.151
b3lyp_smd,min_pKa_ArH_site,"1,2,4,5-Tetrachlorobenzene",-1.22,-0.033,0.96739,1.187
b3lyp_smd,min_pKa_ArH_site,"1,2-Dichlorobenzene",-3.15,-1.766,0.171,1.384
b3lyp_smd,min_pKa_ArH_site,"1,4-Dichlorobenzene",-7.007,-4.172,0.01543,2.836
b3lyp_smd,min_wiberg_CX_parent,Hexachlorobenzene,1.556,8.857,7023.70146,7.301
b3lyp_smd,min_wiberg_CX_parent,Pentachlorobenzene,-1.62,6.041,420.22783,7.661
b3lyp_smd,min_wiberg_CX_parent,"1,2,4,5-Tetrachlorobenzene",-1.22,4.741,114.54754,5.961
b3lyp_smd,min_wiberg_CX_parent,"1,2-Dichlorobenzene",-3.15,1.516,4.55189,4.666
b3lyp_smd,min_wiberg_CX_parent,"1,4-Dichlorobenzene",-7.007,-1.084,0.33822,5.923
b3lyp_smd,mu_Koopmans_eV,Hexachlorobenzene,1.556,1.285,3.61538,-0.271
b3lyp_smd,mu_Koopmans_eV,Pentachlorobenzene,-1.62,-0.516,0.59682,1.104
b3lyp_smd,mu_Koopmans_eV,"1,2,4,5-Tetrachlorobenzene",-1.22,-1.629,0.19622,-0.409
b3lyp_smd,mu_Koopmans_eV,"1,2-Dichlorobenzene",-3.15,-3.459,0.03147,-0.309
b3lyp_smd,mu_Koopmans_eV,"1,4-Dichlorobenzene",-7.007,-3.882,0.02061,3.125
b3lyp_smd,mu_dSCF_eV,Hexachlorobenzene,1.556,0.587,1.79899,-0.969
b3lyp_smd,mu_dSCF_eV,Pentachlorobenzene,-1.62,-0.412,0.66233,1.208
b3lyp_smd,mu_dSCF_eV,"1,2,4,5-Tetrachlorobenzene",-1.22,-1.427,0.2401,-0.207
b3lyp_smd,mu_dSCF_eV,"1,2-Dichlorobenzene",-3.15,-3.41,0.03305,-0.26
b3lyp_smd,mu_dSCF_eV,"1,4-Dichlorobenzene",-7.007,-3.727,0.02406,3.28
b3lyp_smd,n_X,BDE-47,-2.551,0.108,1.11365,2.659
b3lyp_smd,n_X,BDE-99,-0.799,1.863,6.44491,2.662
b3lyp_smd,n_X,Hexachlorobenzene,1.556,3.619,37.29801,2.063
b3lyp_smd,n_X,Pentachlorobenzene,-1.62,1.863,6.44491,3.483
b3lyp_smd,n_X,"1,2,4,5-Tetrachlorobenzene",-1.22,0.108,1.11365,1.328
b3lyp_smd,n_X,"1,2-Dichlorobenzene",-3.15,-3.404,0.03325,-0.254
b3lyp_smd,n_X,"1,4-Dichlorobenzene",-7.007,-3.404,0.03325,3.604
b3lyp_smd,omega_Koopmans_eV,Hexachlorobenzene,1.556,-0.055,0.9467,-1.611
b3lyp_smd,omega_Koopmans_eV,Pentachlorobenzene,-1.62,-1.491,0.22504,0.128
b3lyp_smd,omega_Koopmans_eV,"1,2,4,5-Tetrachlorobenzene",-1.22,-2.132,0.11856,-0.912
b3lyp_smd,omega_Koopmans_eV,"1,2-Dichlorobenzene",-3.15,-3.595,0.02746,-0.445
b3lyp_smd,omega_Koopmans_eV,"1,4-Dichlorobenzene",-7.007,-3.585,0.02775,3.423
b3lyp_smd,omega_dSCF_eV,Hexachlorobenzene,1.556,-0.492,0.6116,-2.048
b3lyp_smd,omega_dSCF_eV,Pentachlorobenzene,-1.62,-1.031,0.35654,0.589
b3lyp_smd,omega_dSCF_eV,"1,2,4,5-Tetrachlorobenzene",-1.22,-1.549,0.21244,-0.329
b3lyp_smd,omega_dSCF_eV,"1,2-Dichlorobenzene",-3.15,-3.184,0.04141,-0.034
b3lyp_smd,omega_dSCF_eV,"1,4-Dichlorobenzene",-7.007,-3.124,0.04396,3.883
b3lyp_smd,polar_iso_A3,Hexachlorobenzene,1.556,0.475,1.60734,-1.081
b3lyp_smd,polar_iso_A3,Pentachlorobenzene,-1.62,-0.823,0.43893,0.796
b3lyp_smd,polar_iso_A3,"1,2,4,5-Tetrachlorobenzene",-1.22,-2.072,0.12592,-0.852
b3lyp_smd,polar_iso_A3,"1,2-Dichlorobenzene",-3.15,-4.519,0.0109,-1.369
b3lyp_smd,polar_iso_A3,"1,4-Dichlorobenzene",-7.007,-4.497,0.01114,2.51
b3lyp_smd,radius_A,Hexachlorobenzene,1.556,1.245,3.47157,-0.311
b3lyp_smd,radius_A,Pentachlorobenzene,-1.62,-0.021,0.9793,1.599
b3lyp_smd,radius_A,"1,2,4,5-Tetrachlorobenzene",-1.22,-1.38,0.25166,-0.16
b3lyp_smd,radius_A,"1,2-Dichlorobenzene",-3.15,-4.404,0.01223,-1.254
b3lyp_smd,radius_A,"1,4-Dichlorobenzene",-7.007,-4.417,0.01207,2.59
m062x_gas,HOMO_eV,Hexachlorobenzene,1.556,3.417,30.48109,1.861
m062x_gas,HOMO_eV,Pentachlorobenzene,-1.62,1.748,5.74149,3.368
m062x_gas,HOMO_eV,"1,2,4,5-Tetrachlorobenzene",-1.22,-0.009,0.99116,1.211
m062x_gas,HOMO_eV,"1,2-Dichlorobenzene",-3.15,-1.08,0.3395,2.07
m062x_gas,HOMO_eV,"1,4-Dichlorobenzene",-7.007,-2.638,0.07154,4.37
m062x_gas,LUMO_RA_eV,Hexachlorobenzene,1.556,-2.11,0.1213,-3.665
m062x_gas,LUMO_RA_eV,Pentachlorobenzene,-1.62,-1.837,0.15937,-0.217
m062x_gas,LUMO_RA_eV,"1,2,4,5-Tetrachlorobenzene",-1.22,-7.061,0.00086,-5.841
m062x_gas,LUMO_RA_eV,"1,2-Dichlorobenzene",-3.15,-2.475,0.08419,0.675
m062x_gas,LUMO_RA_eV,"1,4-Dichlorobenzene",-7.007,-7.113,0.00081,-0.106
m062x_gas,LUMO_eV,Hexachlorobenzene,1.556,0.231,1.25978,-1.325
m062x_gas,LUMO_eV,Pentachlorobenzene,-1.62,-0.3,0.74054,1.319
m062x_gas,LUMO_eV,"1,2,4,5-Tetrachlorobenzene",-1.22,-0.87,0.41911,0.35
m062x_gas,LUMO_eV,"1,2-Dichlorobenzene",-3.15,-4.052,0.01739,-0.902
m062x_gas,LUMO_eV,"1,4-Dichlorobenzene",-7.007,-3.629,0.02654,3.378
m062x_gas,VEA_eV,Hexachlorobenzene,1.556,0.637,1.89088,-0.919
m062x_gas,VEA_eV,Pentachlorobenzene,-1.62,-0.062,0.93989,1.558
m062x_gas,VEA_eV,"1,2,4,5-Tetrachlorobenzene",-1.22,-0.804,0.44733,0.416
m062x_gas,VEA_eV,"1,2-Dichlorobenzene",-3.15,-3.848,0.02132,-0.698
m062x_gas,VEA_eV,"1,4-Dichlorobenzene",-7.007,-3.54,0.02902,3.467
m062x_gas,VIE_eV,Hexachlorobenzene,1.556,0.017,1.01744,-1.539
m062x_gas,VIE_eV,Pentachlorobenzene,-1.62,-0.53,0.58857,1.09
m062x_gas,VIE_eV,"1,2,4,5-Tetrachlorobenzene",-1.22,-1.094,0.33498,0.126
m062x_gas,VIE_eV,"1,2-Dichlorobenzene",-3.15,-0.98,0.37536,2.17
m062x_gas,VIE_eV,"1,4-Dichlorobenzene",-7.007,-1.663,0.18962,5.345
m062x_gas,dG_ET_any_kcal,Hexachlorobenzene,1.556,-0.327,0.72141,-1.882
m062x_gas,dG_ET_any_kcal,Pentachlorobenzene,-1.62,-1.549,0.21252,0.071
m062x_gas,dG_ET_any_kcal,"1,2,4,5-Tetrachlorobenzene",-1.22,-4.753,0.00863,-3.533
m062x_gas,dG_ET_any_kcal,"1,2-Dichlorobenzene",-3.15,-6.067,0.00232,-2.917
m062x_gas,dG_ET_any_kcal,"1,4-Dichlorobenzene",-7.007,-9.196,0.0001,-2.188
m062x_gas,dipole_D,Hexachlorobenzene,1.556,-0.12,0.88704,-1.676
m062x_gas,dipole_D,Pentachlorobenzene,-1.62,-2.066,0.12672,-0.446
m062x_gas,dipole_D,"1,2,4,5-Tetrachlorobenzene",-1.22,-0.12,0.88704,1.1
m062x_gas,dipole_D,"1,2-Dichlorobenzene",-3.15,-5.958,0.00259,-2.808
m062x_gas,dipole_D,"1,4-Dichlorobenzene",-7.007,-0.12,0.88704,6.887
m062x_gas,eff_dG_1e_kcal,Hexachlorobenzene,1.556,-7.562,0.00052,-9.118
m062x_gas,eff_dG_1e_kcal,Pentachlorobenzene,-1.62,-9.025,0.00012,-7.405
m062x_gas,eff_dG_1e_kcal,"1,2,4,5-Tetrachlorobenzene",-1.22,-9.768,6e-05,-8.548
m062x_gas,eff_dG_1e_kcal,"1,2-Dichlorobenzene",-3.15,-10.715,2e-05,-7.565
m062x_gas,eff_dG_1e_kcal,"1,4-Dichlorobenzene",-7.007,-11.534,1e-05,-4.526
m062x_gas,eff_dG_2e_HDH_kcal,Hexachlorobenzene,1.556,-4.84,0.00791,-6.396
m062x_gas,eff_dG_2e_HDH_kcal,Pentachlorobenzene,-1.62,-6.457,0.00157,-4.837
m062x_gas,eff_dG_2e_HDH_kcal,"1,2,4,5-Tetrachlorobenzene",-1.22,-7.331,0.00066,-6.111
m062x_gas,eff_dG_2e_HDH_kcal,"1,2-Dichlorobenzene",-3.15,-8.998,0.00012,-5.848
m062x_gas,eff_dG_2e_HDH_kcal,"1,4-Dichlorobenzene",-7.007,-10.066,4e-05,-3.058
m062x_gas,eff_dG_2e_carbanion_kcal,Hexachlorobenzene,1.556,1.134,3.1084,-0.422
m062x_gas,eff_dG_2e_carbanion_kcal,Pentachlorobenzene,-1.62,0.238,1.26909,1.858
m062x_gas,eff_dG_2e_carbanion_kcal,"1,2,4,5-Tetrachlorobenzene",-1.22,-1.782,0.16826,-0.562
m062x_gas,eff_dG_2e_carbanion_kcal,"1,2-Dichlorobenzene",-3.15,-4.22,0.0147,-1.07
m062x_gas,eff_dG_2e_carbanion_kcal,"1,4-Dichlorobenzene",-7.007,-5.58,0.00377,1.428
m062x_gas,eff_dG_RA_2e_any_kcal,Hexachlorobenzene,1.556,2.759,15.78576,1.203
m062x_gas,eff_dG_RA_2e_any_kcal,Pentachlorobenzene,-1.62,2.29,9.87045,3.909
m062x_gas,eff_dG_RA_2e_any_kcal,"1,2,4,5-Tetrachlorobenzene",-1.22,1.76,5.8132,2.98
m062x_gas,eff_dG_RA_2e_any_kcal,"1,2-Dichlorobenzene",-3.15,-1.908,0.14833,1.242
m062x_gas,eff_dG_RA_2e_any_kcal,"1,4-Dichlorobenzene",-7.007,-1.107,0.33071,5.901
m062x_gas,eff_dG_frag_any_kcal,Hexachlorobenzene,1.556,3.367,28.986,1.811
m062x_gas,eff_dG_frag_any_kcal,Pentachlorobenzene,-1.62,2.314,10.11517,3.934
m062x_gas,eff_dG_frag_any_kcal,"1,2,4,5-Tetrachlorobenzene",-1.22,-2.045,0.12942,-0.825
m062x_gas,eff_dG_frag_any_kcal,"1,2-Dichlorobenzene",-3.15,-3.505,0.03004,-0.355
m062x_gas,eff_dG_frag_any_kcal,"1,4-Dichlorobenzene",-7.007,-7.705,0.00045,-0.698
m062x_gas,eff_dG_rad_red_kcal,Hexachlorobenzene,1.556,3.09,21.98271,1.534
m062x_gas,eff_dG_rad_red_kcal,Pentachlorobenzene,-1.62,2.284,9.81199,3.903
m062x_gas,eff_dG_rad_red_kcal,"1,2,4,5-Tetrachlorobenzene",-1.22,0.107,1.11277,1.327
m062x_gas,eff_dG_rad_red_kcal,"1,2-Dichlorobenzene",-3.15,-2.631,0.07202,0.519
m062x_gas,eff_dG_rad_red_kcal,"1,4-Dichlorobenzene",-7.007,-4.049,0.01744,2.958
m062x_gas,eta_Koopmans_eV,Hexachlorobenzene,1.556,-1.978,0.1383,-3.534
m062x_gas,eta_Koopmans_eV,Pentachlorobenzene,-1.62,-1.78,0.16869,-0.16
m062x_gas,eta_Koopmans_eV,"1,2,4,5-Tetrachlorobenzene",-1.22,-1.581,0.20577,-0.361
m062x_gas,eta_Koopmans_eV,"1,2-Dichlorobenzene",-3.15,-4.346,0.01296,-1.196
m062x_gas,eta_Koopmans_eV,"1,4-Dichlorobenzene",-7.007,-3.22,0.03995,3.787
m062x_gas,eta_dSCF_eV,Hexachlorobenzene,1.556,-0.691,0.5009,-2.247
m062x_gas,eta_dSCF_eV,Pentachlorobenzene,-1.62,-0.953,0.38541,0.666
m062x_gas,eta_dSCF_eV,"1,2,4,5-Tetrachlorobenzene",-1.22,-1.246,0.28762,-0.026
m062x_gas,eta_dSCF_eV,"1,2-Dichlorobenzene",-3.15,-4.4,0.01228,-1.25
m062x_gas,eta_dSCF_eV,"1,4-Dichlorobenzene",-7.007,-3.539,0.02903,3.468
m062x_gas,gap_eV,Hexachlorobenzene,1.556,-1.978,0.1383,-3.534
m062x_gas,gap_eV,Pentachlorobenzene,-1.62,-1.78,0.16869,-0.16
m062x_gas,gap_eV,"1,2,4,5-Tetrachlorobenzene",-1.22,-1.581,0.20577,-0.361
m062x_gas,gap_eV,"1,2-Dichlorobenzene",-3.15,-4.346,0.01296,-1.196
m062x_gas,gap_eV,"1,4-Dichlorobenzene",-7.007,-3.22,0.03995,3.787
m062x_gas,max_dr_CX_RA_A,Hexachlorobenzene,1.556,-0.885,0.41263,-2.441
m062x_gas,max_dr_CX_RA_A,Pentachlorobenzene,-1.62,-2.091,0.12351,-0.472
m062x_gas,max_dr_CX_RA_A,"1,2,4,5-Tetrachlorobenzene",-1.22,-0.873,0.41764,0.347
m062x_gas,max_dr_CX_RA_A,"1,2-Dichlorobenzene",-3.15,-2.685,0.06822,0.465
m062x_gas,max_dr_CX_RA_A,"1,4-Dichlorobenzene",-7.007,-0.881,0.41426,6.126
m062x_gas,max_fplus_CX,Hexachlorobenzene,1.556,-1.757,0.17255,-3.313
m062x_gas,max_fplus_CX,Pentachlorobenzene,-1.62,-1.77,0.17032,-0.15
m062x_gas,max_fplus_CX,"1,2,4,5-Tetrachlorobenzene",-1.22,-1.542,0.21398,-0.322
m062x_gas,max_fplus_CX,"1,2-Dichlorobenzene",-3.15,-1.565,0.20908,1.585
m062x_gas,max_fplus_CX,"1,4-Dichlorobenzene",-7.007,-1.521,0.21847,5.486
m062x_gas,max_qCM5_X,Hexachlorobenzene,1.556,-2.471,0.08447,-4.027
m062x_gas,max_qCM5_X,Pentachlorobenzene,-1.62,-2.856,0.05748,-1.237
m062x_gas,max_qCM5_X,"1,2,4,5-Tetrachlorobenzene",-1.22,-5.093,0.00614,-3.873
m062x_gas,max_qCM5_X,"1,2-Dichlorobenzene",-3.15,-7.583,0.00051,-4.433
m062x_gas,max_qCM5_X,"1,4-Dichlorobenzene",-7.007,-9.372,9e-05,-2.365
m062x_gas,max_spin_vA_X,Hexachlorobenzene,1.556,-1.355,0.2579,-2.911
m062x_gas,max_spin_vA_X,Pentachlorobenzene,-1.62,-1.366,0.25522,0.254
m062x_gas,max_spin_vA_X,"1,2,4,5-Tetrachlorobenzene",-1.22,-1.003,0.36663,0.217
m062x_gas,max_spin_vA_X,"1,2-Dichlorobenzene",-3.15,-1.014,0.36277,2.136
m062x_gas,max_spin_vA_X,"1,4-Dichlorobenzene",-7.007,-0.956,0.38448,6.051
m062x_gas,min_BDE_kcal,Hexachlorobenzene,1.556,-17.756,0.0,-19.312
m062x_gas,min_BDE_kcal,Pentachlorobenzene,-1.62,-17.928,0.0,-16.308
m062x_gas,min_BDE_kcal,"1,2,4,5-Tetrachlorobenzene",-1.22,-19.885,0.0,-18.665
m062x_gas,min_BDE_kcal,"1,2-Dichlorobenzene",-3.15,-20.23,0.0,-17.08
m062x_gas,min_BDE_kcal,"1,4-Dichlorobenzene",-7.007,-21.142,0.0,-14.135
m062x_gas,min_dG_1e_kcal,Hexachlorobenzene,1.556,-8.514,0.0002,-10.07
m062x_gas,min_dG_1e_kcal,Pentachlorobenzene,-1.62,-9.597,7e-05,-7.977
m062x_gas,min_dG_1e_kcal,"1,2,4,5-Tetrachlorobenzene",-1.22,-10.689,2e-05,-9.469
m062x_gas,min_dG_1e_kcal,"1,2-Dichlorobenzene",-3.15,-11.356,1e-05,-8.206
m062x_gas,min_dG_1e_kcal,"1,4-Dichlorobenzene",-7.007,-12.24,0.0,-5.232
m062x_gas,min_dG_2e_HDH_kcal,Hexachlorobenzene,1.556,-5.495,0.00411,-7.051
m062x_gas,min_dG_2e_HDH_kcal,Pentachlorobenzene,-1.62,-6.917,0.00099,-5.297
m062x_gas,min_dG_2e_HDH_kcal,"1,2,4,5-Tetrachlorobenzene",-1.22,-8.0,0.00034,-6.78
m062x_gas,min_dG_2e_HDH_kcal,"1,2-Dichlorobenzene",-3.15,-9.49,8e-05,-6.34
m062x_gas,min_dG_2e_HDH_kcal,"1,4-Dichlorobenzene",-7.007,-10.641,2e-05,-3.634
m062x_gas,min_dG_2e_carbanion_kcal,Hexachlorobenzene,1.556,1.085,2.96033,-0.471
m062x_gas,min_dG_2e_carbanion_kcal,Pentachlorobenzene,-1.62,0.328,1.38826,1.948
m062x_gas,min_dG_2e_carbanion_kcal,"1,2,4,5-Tetrachlorobenzene",-1.22,-1.838,0.15914,-0.618
m062x_gas,min_dG_2e_carbanion_kcal,"1,2-Dichlorobenzene",-3.15,-4.249,0.01428,-1.099
m062x_gas,min_dG_2e_carbanion_kcal,"1,4-Dichlorobenzene",-7.007,-5.629,0.00359,1.378
m062x_gas,min_dG_RA_2e_any_kcal,Hexachlorobenzene,1.556,2.681,14.59266,1.125
m062x_gas,min_dG_RA_2e_any_kcal,Pentachlorobenzene,-1.62,2.53,12.54724,4.149
m062x_gas,min_dG_RA_2e_any_kcal,"1,2,4,5-Tetrachlorobenzene",-1.22,1.737,5.67833,2.957
m062x_gas,min_dG_RA_2e_any_kcal,"1,2-Dichlorobenzene",-3.15,-1.891,0.15089,1.259
m062x_gas,min_dG_RA_2e_any_kcal,"1,4-Dichlorobenzene",-7.007,-1.067,0.34388,5.94
m062x_gas,min_dG_frag_any_kcal,Hexachlorobenzene,1.556,3.371,29.10606,1.815
m062x_gas,min_dG_frag_any_kcal,Pentachlorobenzene,-1.62,2.136,8.4613,3.755
m062x_gas,min_dG_frag_any_kcal,"1,2,4,5-Tetrachlorobenzene",-1.22,-1.905,0.14889,-0.685
m062x_gas,min_dG_frag_any_kcal,"1,2-Dichlorobenzene",-3.15,-3.466,0.03125,-0.316
m062x_gas,min_dG_frag_any_kcal,"1,4-Dichlorobenzene",-7.007,-7.486,0.00056,-0.479
m062x_gas,min_dG_rad_red_kcal,Hexachlorobenzene,1.556,3.067,21.46842,1.511
m062x_gas,min_dG_rad_red_kcal,Pentachlorobenzene,-1.62,2.404,11.06365,4.023
m062x_gas,min_dG_rad_red_kcal,"1,2,4,5-Tetrachlorobenzene",-1.22,0.075,1.07793,1.295
m062x_gas,min_dG_rad_red_kcal,"1,2-Dichlorobenzene",-3.15,-2.635,0.07175,0.515
m062x_gas,min_dG_rad_red_kcal,"1,4-Dichlorobenzene",-7.007,-4.078,0.01694,2.929
m062x_gas,min_wiberg_CX_parent,Hexachlorobenzene,1.556,10.917,55132.68494,9.362
m062x_gas,min_wiberg_CX_parent,Pentachlorobenzene,-1.62,7.706,2221.40868,9.326
m062x_gas,min_wiberg_CX_parent,"1,2,4,5-Tetrachlorobenzene",-1.22,6.756,858.79052,7.976
m062x_gas,min_wiberg_CX_parent,"1,2-Dichlorobenzene",-3.15,4.134,62.41526,7.284
m062x_gas,min_wiberg_CX_parent,"1,4-Dichlorobenzene",-7.007,0.693,1.99932,7.7
m062x_gas,mu_Koopmans_eV,Hexachlorobenzene,1.556,1.738,5.68679,0.182
m062x_gas,mu_Koopmans_eV,Pentachlorobenzene,-1.62,0.696,2.00543,2.316
m062x_gas,mu_Koopmans_eV,"1,2,4,5-Tetrachlorobenzene",-1.22,-0.409,0.6641,0.811
m062x_gas,mu_Koopmans_eV,"1,2-Dichlorobenzene",-3.15,-3.428,0.03244,-0.278
m062x_gas,mu_Koopmans_eV,"1,4-Dichlorobenzene",-7.007,-3.644,0.02615,3.363
m062x_gas,mu_dSCF_eV,Hexachlorobenzene,1.556,1.67,5.31046,0.114
m062x_gas,mu_dSCF_eV,Pentachlorobenzene,-1.62,0.634,1.88508,2.254
m062x_gas,mu_dSCF_eV,"1,2,4,5-Tetrachlorobenzene",-1.22,-0.465,0.62784,0.755
m062x_gas,mu_dSCF_eV,"1,2-Dichlorobenzene",-3.15,-3.174,0.04183,-0.024
m062x_gas,mu_dSCF_eV,"1,4-Dichlorobenzene",-7.007,-3.397,0.03346,3.61
m062x_gas,n_X,BDE-47,-2.551,0.108,1.11365,2.659
m062x_gas,n_X,BDE-99,-0.799,1.863,6.44491,2.662
m062x_gas,n_X,Hexachlorobenzene,1.556,3.619,37.29801,2.063
m062x_gas,n_X,Pentachlorobenzene,-1.62,1.863,6.44491,3.483
m062x_gas,n_X,"1,2,4,5-Tetrachlorobenzene",-1.22,0.108,1.11365,1.328
m062x_gas,n_X,"1,2-Dichlorobenzene",-3.15,-3.404,0.03325,-0.254
m062x_gas,n_X,"1,4-Dichlorobenzene",-7.007,-3.404,0.03325,3.604
m062x_gas,omega_Koopmans_eV,Hexachlorobenzene,1.556,0.344,1.40992,-1.212
m062x_gas,omega_Koopmans_eV,Pentachlorobenzene,-1.62,-0.307,0.73567,1.313
m062x_gas,omega_Koopmans_eV,"1,2,4,5-Tetrachlorobenzene",-1.22,-0.977,0.37625,0.243
m062x_gas,omega_Koopmans_eV,"1,2-Dichlorobenzene",-3.15,-3.64,0.02626,-0.49
m062x_gas,omega_Koopmans_eV,"1,4-Dichlorobenzene",-7.007,-3.479,0.03083,3.528
m062x_gas,omega_dSCF_eV,Hexachlorobenzene,1.556,0.773,2.167,-0.783
m062x_gas,omega_dSCF_eV,Pentachlorobenzene,-1.62,-0.076,0.927,1.544
m062x_gas,omega_dSCF_eV,"1,2,4,5-Tetrachlorobenzene",-1.22,-0.936,0.39214,0.284
m062x_gas,omega_dSCF_eV,"1,2-Dichlorobenzene",-3.15,-3.506,0.03002,-0.356
m062x_gas,omega_dSCF_eV,"1,4-Dichlorobenzene",-7.007,-3.439,0.0321,3.568
m062x_gas,polar_iso_A3,Hexachlorobenzene,1.556,-0.183,0.8325,-1.739
m062x_gas,polar_iso_A3,Pentachlorobenzene,-1.62,-1.321,0.26679,0.299
m062x_gas,polar_iso_A3,"1,2,4,5-Tetrachlorobenzene",-1.22,-2.439,0.08722,-1.219
m062x_gas,polar_iso_A3,"1,2-Dichlorobenzene",-3.15,-4.888,0.00754,-1.738
m062x_gas,polar_iso_A3,"1,4-Dichlorobenzene",-7.007,-4.77,0.00848,2.237
m062x_gas,radius_A,Hexachlorobenzene,1.556,1.234,3.43632,-0.321
m062x_gas,radius_A,Pentachlorobenzene,-1.62,-0.017,0.98347,1.603
m062x_gas,radius_A,"1,2,4,5-Tetrachlorobenzene",-1.22,-1.374,0.25304,-0.154
m062x_gas,radius_A,"1,2-Dichlorobenzene",-3.15,-4.409,0.01217,-1.259
m062x_gas,radius_A,"1,4-Dichlorobenzene",-7.007,-4.382,0.0125,2.625
m062x_smd,HOMO_eV,Hexachlorobenzene,1.556,3.133,22.9394,1.577
m062x_smd,HOMO_eV,Pentachlorobenzene,-1.62,1.286,3.61961,2.906
m062x_smd,HOMO_eV,"1,2,4,5-Tetrachlorobenzene",-1.22,-0.611,0.54277,0.609
m062x_smd,HOMO_eV,"1,2-Dichlorobenzene",-3.15,-0.573,0.56391,2.577
m062x_smd,HOMO_eV,"1,4-Dichlorobenzene",-7.007,-2.75,0.0639,4.257
m062x_smd,LUMO_RA_eV,Hexachlorobenzene,1.556,-1.434,0.23834,-2.99
m062x_smd,LUMO_RA_eV,Pentachlorobenzene,-1.62,-0.419,0.65753,1.201
m062x_smd,LUMO_RA_eV,"1,2,4,5-Tetrachlorobenzene",-1.22,-3.281,0.03758,-2.061
m062x_smd,LUMO_RA_eV,"1,2-Dichlorobenzene",-3.15,-3.742,0.02372,-0.592
m062x_smd,LUMO_RA_eV,"1,4-Dichlorobenzene",-7.007,-3.68,0.02523,3.327
m062x_smd,LUMO_eV,Hexachlorobenzene,1.556,-0.042,0.95882,-1.598
m062x_smd,LUMO_eV,Pentachlorobenzene,-1.62,-0.801,0.44898,0.819
m062x_smd,LUMO_eV,"1,2,4,5-Tetrachlorobenzene",-1.22,-1.531,0.21638,-0.311
m062x_smd,LUMO_eV,"1,2-Dichlorobenzene",-3.15,-3.879,0.02067,-0.729
m062x_smd,LUMO_eV,"1,4-Dichlorobenzene",-7.007,-3.72,0.02422,3.287
m062x_smd,VEA_eV,Hexachlorobenzene,1.556,1.235,3.43905,-0.321
m062x_smd,VEA_eV,Pentachlorobenzene,-1.62,0.422,1.52483,2.042
m062x_smd,VEA_eV,"1,2,4,5-Tetrachlorobenzene",-1.22,-0.385,0.68073,0.835
m062x_smd,VEA_eV,"1,2-Dichlorobenzene",-3.15,-3.487,0.03058,-0.337
m062x_smd,VEA_eV,"1,4-Dichlorobenzene",-7.007,-3.221,0.03992,3.786
m062x_smd,VIE_eV,Hexachlorobenzene,1.556,1.879,6.54496,0.323
m062x_smd,VIE_eV,Pentachlorobenzene,-1.62,-0.133,0.87553,1.487
m062x_smd,VIE_eV,"1,2,4,5-Tetrachlorobenzene",-1.22,-2.17,0.11418,-0.95
m062x_smd,VIE_eV,"1,2-Dichlorobenzene",-3.15,-3.774,0.02296,-0.624
m062x_smd,VIE_eV,"1,4-Dichlorobenzene",-7.007,-5.327,0.00486,1.68
m062x_smd,dG_ET_any_kcal,Hexachlorobenzene,1.556,-0.588,0.55518,-2.144
m062x_smd,dG_ET_any_kcal,Pentachlorobenzene,-1.62,-0.116,0.89042,1.504
m062x_smd,dG_ET_any_kcal,"1,2,4,5-Tetrachlorobenzene",-1.22,-3.724,0.02415,-2.504
m062x_smd,dG_ET_any_kcal,"1,2-Dichlorobenzene",-3.15,-6.017,0.00244,-2.867
m062x_smd,dG_ET_any_kcal,"1,4-Dichlorobenzene",-7.007,-5.51,0.00405,1.497
m062x_smd,dipole_D,Hexachlorobenzene,1.556,-0.164,0.84834,-1.72
m062x_smd,dipole_D,Pentachlorobenzene,-1.62,-2.436,0.08752,-0.816
m062x_smd,dipole_D,"1,2,4,5-Tetrachlorobenzene",-1.22,-0.164,0.84834,1.056
m062x_smd,dipole_D,"1,2-Dichlorobenzene",-3.15,-5.867,0.00283,-2.717
m062x_smd,dipole_D,"1,4-Dichlorobenzene",-7.007,-0.164,0.84834,6.843
m062x_smd,eff_dG_1e_kcal,Hexachlorobenzene,1.556,2.601,13.47545,1.045
m062x_smd,eff_dG_1e_kcal,Pentachlorobenzene,-1.62,1.614,5.02096,3.233
m062x_smd,eff_dG_1e_kcal,"1,2,4,5-Tetrachlorobenzene",-1.22,0.821,2.27174,2.041
m062x_smd,eff_dG_1e_kcal,"1,2-Dichlorobenzene",-3.15,-0.361,0.69692,2.789
m062x_smd,eff_dG_1e_kcal,"1,4-Dichlorobenzene",-7.007,-1.251,0.28618,5.756
m062x_smd,eff_dG_2e_HDH_kcal,Hexachlorobenzene,1.556,4.312,74.56676,2.756
m062x_smd,eff_dG_2e_HDH_kcal,Pentachlorobenzene,-1.62,2.962,19.33368,4.582
m062x_smd,eff_dG_2e_HDH_kcal,"1,2,4,5-Tetrachlorobenzene",-1.22,2.008,7.45101,3.228
m062x_smd,eff_dG_2e_HDH_kcal,"1,2-Dichlorobenzene",-3.15,-0.23,0.79443,2.92
m062x_smd,eff_dG_2e_HDH_kcal,"1,4-Dichlorobenzene",-7.007,-1.367,0.25481,5.64
m062x_smd,eff_dG_2e_carbanion_kcal,Hexachlorobenzene,1.556,4.342,76.83784,2.786
m062x_smd,eff_dG_2e_carbanion_kcal,Pentachlorobenzene,-1.62,3.439,31.16931,5.059
m062x_smd,eff_dG_2e_carbanion_kcal,"1,2,4,5-Tetrachlorobenzene",-1.22,0.863,2.37012,2.083
m062x_smd,eff_dG_2e_carbanion_kcal,"1,2-Dichlorobenzene",-3.15,-1.168,0.31089,1.982
m062x_smd,eff_dG_2e_carbanion_kcal,"1,4-Dichlorobenzene",-7.007,-3.234,0.0394,3.773
m062x_smd,eff_dG_RA_2e_any_kcal,Hexachlorobenzene,1.556,1.754,5.77757,0.198
m062x_smd,eff_dG_RA_2e_any_kcal,Pentachlorobenzene,-1.62,0.725,2.06557,2.345
m062x_smd,eff_dG_RA_2e_any_kcal,"1,2,4,5-Tetrachlorobenzene",-1.22,1.836,6.27373,3.056
m062x_smd,eff_dG_RA_2e_any_kcal,"1,2-Dichlorobenzene",-3.15,2.262,9.60634,5.412
m062x_smd,eff_dG_RA_2e_any_kcal,"1,4-Dichlorobenzene",-7.007,0.379,1.46061,7.386
m062x_smd,eff_dG_act_combined_kcal @ -2.00 V,Hexachlorobenzene,1.556,-2.717,0.06609,-4.273
m062x_smd,eff_dG_act_combined_kcal @ -2.00 V,Pentachlorobenzene,-1.62,-3.739,0.02379,-2.119
m062x_smd,eff_dG_act_combined_kcal @ -2.00 V,"1,2,4,5-Tetrachlorobenzene",-1.22,-4.79,0.00831,-3.57
m062x_smd,eff_dG_act_combined_kcal @ -2.00 V,"1,2-Dichlorobenzene",-3.15,-6.393,0.00167,-3.243
m062x_smd,eff_dG_act_combined_kcal @ -2.00 V,"1,4-Dichlorobenzene",-7.007,-7.126,0.0008,-0.119
m062x_smd,eff_dG_act_concerted_kcal @ -2.00 V,Hexachlorobenzene,1.556,-2.717,0.06609,-4.273
m062x_smd,eff_dG_act_concerted_kcal @ -2.00 V,Pentachlorobenzene,-1.62,-3.739,0.02379,-2.119
m062x_smd,eff_dG_act_concerted_kcal @ -2.00 V,"1,2,4,5-Tetrachlorobenzene",-1.22,-4.79,0.00831,-3.57
m062x_smd,eff_dG_act_concerted_kcal @ -2.00 V,"1,2-Dichlorobenzene",-3.15,-6.393,0.00167,-3.243
m062x_smd,eff_dG_act_concerted_kcal @ -2.00 V,"1,4-Dichlorobenzene",-7.007,-7.126,0.0008,-0.119
m062x_smd,eff_dG_frag_any_kcal,Hexachlorobenzene,1.556,-1.655,0.19115,-3.211
m062x_smd,eff_dG_frag_any_kcal,Pentachlorobenzene,-1.62,-0.978,0.37602,0.642
m062x_smd,eff_dG_frag_any_kcal,"1,2,4,5-Tetrachlorobenzene",-1.22,-4.181,0.01529,-2.961
m062x_smd,eff_dG_frag_any_kcal,"1,2-Dichlorobenzene",-3.15,-6.057,0.00234,-2.907
m062x_smd,eff_dG_frag_any_kcal,"1,4-Dichlorobenzene",-7.007,-5.371,0.00465,1.637
m062x_smd,eff_dG_rad_red_kcal,Hexachlorobenzene,1.556,4.862,129.27627,3.306
m062x_smd,eff_dG_rad_red_kcal,Pentachlorobenzene,-1.62,3.918,50.29261,5.538
m062x_smd,eff_dG_rad_red_kcal,"1,2,4,5-Tetrachlorobenzene",-1.22,0.841,2.3189,2.061
m062x_smd,eff_dG_rad_red_kcal,"1,2-Dichlorobenzene",-3.15,-1.539,0.21461,1.611
m062x_smd,eff_dG_rad_red_kcal,"1,4-Dichlorobenzene",-7.007,-3.938,0.01948,3.069
m062x_smd,eta_Koopmans_eV,Hexachlorobenzene,1.556,-1.868,0.1545,-3.423
m062x_smd,eta_Koopmans_eV,Pentachlorobenzene,-1.62,-1.932,0.14489,-0.312
m062x_smd,eta_Koopmans_eV,"1,2,4,5-Tetrachlorobenzene",-1.22,-1.953,0.14182,-0.733
m062x_smd,eta_Koopmans_eV,"1,2-Dichlorobenzene",-3.15,-4.587,0.01018,-1.437
m062x_smd,eta_Koopmans_eV,"1,4-Dichlorobenzene",-7.007,-3.49,0.03051,3.517
m062x_smd,eta_dSCF_eV,Hexachlorobenzene,1.556,-0.209,0.81163,-1.765
m062x_smd,eta_dSCF_eV,Pentachlorobenzene,-1.62,0.169,1.18395,1.789
m062x_smd,eta_dSCF_eV,"1,2,4,5-Tetrachlorobenzene",-1.22,0.596,1.81503,1.816
m062x_smd,eta_dSCF_eV,"1,2-Dichlorobenzene",-3.15,-2.673,0.06906,0.477
m062x_smd,eta_dSCF_eV,"1,4-Dichlorobenzene",-7.007,-1.063,0.34535,5.944
m062x_smd,gap_eV,Hexachlorobenzene,1.556,-1.868,0.1545,-3.423
m062x_smd,gap_eV,Pentachlorobenzene,-1.62,-1.932,0.14489,-0.312
m062x_smd,gap_eV,"1,2,4,5-Tetrachlorobenzene",-1.22,-1.953,0.14182,-0.733
m062x_smd,gap_eV,"1,2-Dichlorobenzene",-3.15,-4.587,0.01018,-1.437
m062x_smd,gap_eV,"1,4-Dichlorobenzene",-7.007,-3.49,0.03051,3.517
m062x_smd,max_dr_CX_RA_A,Hexachlorobenzene,1.556,-0.637,0.52895,-2.193
m062x_smd,max_dr_CX_RA_A,Pentachlorobenzene,-1.62,-1.712,0.18053,-0.092
m062x_smd,max_dr_CX_RA_A,"1,2,4,5-Tetrachlorobenzene",-1.22,-0.609,0.54409,0.611
m062x_smd,max_dr_CX_RA_A,"1,2-Dichlorobenzene",-3.15,-0.59,0.55407,2.56
m062x_smd,max_dr_CX_RA_A,"1,4-Dichlorobenzene",-7.007,-0.599,0.54923,6.408
m062x_smd,max_fplus_CX,Hexachlorobenzene,1.556,8.762,6388.75558,7.206
m062x_smd,max_fplus_CX,Pentachlorobenzene,-1.62,8.552,5175.6082,10.172
m062x_smd,max_fplus_CX,"1,2,4,5-Tetrachlorobenzene",-1.22,-1.609,0.20011,-0.389
m062x_smd,max_fplus_CX,"1,2-Dichlorobenzene",-3.15,-2.22,0.10865,0.93
m062x_smd,max_fplus_CX,"1,4-Dichlorobenzene",-7.007,-4.125,0.01616,2.882
m062x_smd,max_qCM5_X,Hexachlorobenzene,1.556,-1.578,0.20635,-3.134
m062x_smd,max_qCM5_X,Pentachlorobenzene,-1.62,-2.356,0.09483,-0.736
m062x_smd,max_qCM5_X,"1,2,4,5-Tetrachlorobenzene",-1.22,-4.356,0.01283,-3.136
m062x_smd,max_qCM5_X,"1,2-Dichlorobenzene",-3.15,-7.282,0.00069,-4.132
m062x_smd,max_qCM5_X,"1,4-Dichlorobenzene",-7.007,-8.577,0.00019,-1.57
m062x_smd,max_spin_vA_X,Hexachlorobenzene,1.556,-0.224,0.79912,-1.78
m062x_smd,max_spin_vA_X,Pentachlorobenzene,-1.62,-0.155,0.85601,1.464
m062x_smd,max_spin_vA_X,"1,2,4,5-Tetrachlorobenzene",-1.22,-2.365,0.09396,-1.145
m062x_smd,max_spin_vA_X,"1,2-Dichlorobenzene",-3.15,-2.378,0.09272,0.772
m062x_smd,max_spin_vA_X,"1,4-Dichlorobenzene",-7.007,-2.7,0.06718,4.307
m062x_smd,min_BDE_kcal,Hexachlorobenzene,1.556,-18.404,0.0,-19.96
m062x_smd,min_BDE_kcal,Pentachlorobenzene,-1.62,-18.63,0.0,-17.01
m062x_smd,min_BDE_kcal,"1,2,4,5-Tetrachlorobenzene",-1.22,-20.518,0.0,-19.298
m062x_smd,min_BDE_kcal,"1,2-Dichlorobenzene",-3.15,-21.102,0.0,-17.952
m062x_smd,min_BDE_kcal,"1,4-Dichlorobenzene",-7.007,-22.046,0.0,-15.039
m062x_smd,min_dG0_act_concerted_kcal,Hexachlorobenzene,1.556,-10.892,2e-05,-12.448
m062x_smd,min_dG0_act_concerted_kcal,Pentachlorobenzene,-1.62,-11.535,1e-05,-9.915
m062x_smd,min_dG0_act_concerted_kcal,"1,2,4,5-Tetrachlorobenzene",-1.22,-13.283,0.0,-12.063
m062x_smd,min_dG0_act_concerted_kcal,"1,2-Dichlorobenzene",-3.15,-15.031,0.0,-11.881
m062x_smd,min_dG0_act_concerted_kcal,"1,4-Dichlorobenzene",-7.007,-15.622,0.0,-8.615
m062x_smd,min_dG_1e_kcal,Hexachlorobenzene,1.556,2.459,11.68918,0.903
m062x_smd,min_dG_1e_kcal,Pentachlorobenzene,-1.62,1.873,6.50867,3.493
m062x_smd,min_dG_1e_kcal,"1,2,4,5-Tetrachlorobenzene",-1.22,0.749,2.11392,1.969
m062x_smd,min_dG_1e_kcal,"1,2-Dichlorobenzene",-3.15,-0.153,0.85814,2.997
m062x_smd,min_dG_1e_kcal,"1,4-Dichlorobenzene",-7.007,-1.12,0.32642,5.888
m062x_smd,min_dG_2e_HDH_kcal,Hexachlorobenzene,1.556,4.384,80.18392,2.828
m062x_smd,min_dG_2e_HDH_kcal,Pentachlorobenzene,-1.62,3.225,25.16092,4.845
m062x_smd,min_dG_2e_HDH_kcal,"1,2,4,5-Tetrachlorobenzene",-1.22,2.082,8.01988,3.302
m062x_smd,min_dG_2e_HDH_kcal,"1,2-Dichlorobenzene",-3.15,-0.017,0.98328,3.133
m062x_smd,min_dG_2e_HDH_kcal,"1,4-Dichlorobenzene",-7.007,-1.246,0.28755,5.761
m062x_smd,min_dG_2e_carbanion_kcal,Hexachlorobenzene,1.556,4.34,76.73258,2.784
m062x_smd,min_dG_2e_carbanion_kcal,Pentachlorobenzene,-1.62,3.652,38.55423,5.272
m062x_smd,min_dG_2e_carbanion_kcal,"1,2,4,5-Tetrachlorobenzene",-1.22,0.839,2.31293,2.059
m062x_smd,min_dG_2e_carbanion_kcal,"1,2-Dichlorobenzene",-3.15,-1.138,0.32045,2.012
m062x_smd,min_dG_2e_carbanion_kcal,"1,4-Dichlorobenzene",-7.007,-3.253,0.03865,3.754
m062x_smd,min_dG_RA_2e_any_kcal,Hexachlorobenzene,1.556,1.56,4.75897,0.004
m062x_smd,min_dG_RA_2e_any_kcal,Pentachlorobenzene,-1.62,0.72,2.05388,2.34
m062x_smd,min_dG_RA_2e_any_kcal,"1,2,4,5-Tetrachlorobenzene",-1.22,1.681,5.37119,2.901
m062x_smd,min_dG_RA_2e_any_kcal,"1,2-Dichlorobenzene",-3.15,2.165,8.71561,5.315
m062x_smd,min_dG_RA_2e_any_kcal,"1,4-Dichlorobenzene",-7.007,0.335,1.39728,7.342
m062x_smd,min_dG_frag_any_kcal,Hexachlorobenzene,1.556,-1.54,0.21436,-3.096
m062x_smd,min_dG_frag_any_kcal,Pentachlorobenzene,-1.62,-0.945,0.38877,0.675
m062x_smd,min_dG_frag_any_kcal,"1,2,4,5-Tetrachlorobenzene",-1.22,-4.224,0.01463,-3.004
m062x_smd,min_dG_frag_any_kcal,"1,2-Dichlorobenzene",-3.15,-6.267,0.0019,-3.117
m062x_smd,min_dG_frag_any_kcal,"1,4-Dichlorobenzene",-7.007,-5.552,0.00388,1.455
m062x_smd,min_dG_rad_red_kcal,Hexachlorobenzene,1.556,4.877,131.19954,3.321
m062x_smd,min_dG_rad_red_kcal,Pentachlorobenzene,-1.62,4.165,64.39443,5.785
m062x_smd,min_dG_rad_red_kcal,"1,2,4,5-Tetrachlorobenzene",-1.22,0.809,2.24553,2.029
m062x_smd,min_dG_rad_red_kcal,"1,2-Dichlorobenzene",-3.15,-1.508,0.22129,1.642
m062x_smd,min_dG_rad_red_kcal,"1,4-Dichlorobenzene",-7.007,-3.984,0.01861,3.023
m062x_smd,min_pKa_ArH_site,Hexachlorobenzene,1.556,4.257,70.62345,2.701
m062x_smd,min_pKa_ArH_site,Pentachlorobenzene,-1.62,3.81,45.17041,5.43
m062x_smd,min_pKa_ArH_site,"1,2,4,5-Tetrachlorobenzene",-1.22,0.225,1.25237,1.445
m062x_smd,min_pKa_ArH_site,"1,2-Dichlorobenzene",-3.15,-1.668,0.18861,1.482
m062x_smd,min_pKa_ArH_site,"1,4-Dichlorobenzene",-7.007,-4.179,0.01532,2.828
m062x_smd,min_wiberg_CX_parent,Hexachlorobenzene,1.556,8.646,5687.45599,7.09
m062x_smd,min_wiberg_CX_parent,Pentachlorobenzene,-1.62,5.891,361.60282,7.51
m062x_smd,min_wiberg_CX_parent,"1,2,4,5-Tetrachlorobenzene",-1.22,4.539,93.57895,5.759
m062x_smd,min_wiberg_CX_parent,"1,2-Dichlorobenzene",-3.15,1.341,3.82446,4.491
m062x_smd,min_wiberg_CX_parent,"1,4-Dichlorobenzene",-7.007,-1.31,0.2698,5.697
m062x_smd,mu_Koopmans_eV,Hexachlorobenzene,1.556,1.155,3.17323,-0.401
m062x_smd,mu_Koopmans_eV,Pentachlorobenzene,-1.62,-0.046,0.95478,1.574
m062x_smd,mu_Koopmans_eV,"1,2,4,5-Tetrachlorobenzene",-1.22,-1.231,0.29186,-0.011
m062x_smd,mu_Koopmans_eV,"1,2-Dichlorobenzene",-3.15,-3.152,0.04279,-0.002
m062x_smd,mu_Koopmans_eV,"1,4-Dichlorobenzene",-7.007,-3.697,0.0248,3.311
m062x_smd,mu_dSCF_eV,Hexachlorobenzene,1.556,1.598,4.94241,0.042
m062x_smd,mu_dSCF_eV,Pentachlorobenzene,-1.62,0.309,1.36177,1.929
m062x_smd,mu_dSCF_eV,"1,2,4,5-Tetrachlorobenzene",-1.22,-0.98,0.3752,0.24
m062x_smd,mu_dSCF_eV,"1,2-Dichlorobenzene",-3.15,-3.67,0.02548,-0.52
m062x_smd,mu_dSCF_eV,"1,4-Dichlorobenzene",-7.007,-4.05,0.01742,2.957
m062x_smd,n_X,BDE-47,-2.551,0.108,1.11365,2.659
m062x_smd,n_X,BDE-99,-0.799,1.863,6.44491,2.662
m062x_smd,n_X,Hexachlorobenzene,1.556,3.619,37.29801,2.063
m062x_smd,n_X,Pentachlorobenzene,-1.62,1.863,6.44491,3.483
m062x_smd,n_X,"1,2,4,5-Tetrachlorobenzene",-1.22,0.108,1.11365,1.328
m062x_smd,n_X,"1,2-Dichlorobenzene",-3.15,-3.404,0.03325,-0.254
m062x_smd,n_X,"1,4-Dichlorobenzene",-7.007,-3.404,0.03325,3.604
m062x_smd,omega_Koopmans_eV,Hexachlorobenzene,1.556,-0.043,0.95818,-1.599
m062x_smd,omega_Koopmans_eV,Pentachlorobenzene,-1.62,-0.861,0.42256,0.758
m062x_smd,omega_Koopmans_eV,"1,2,4,5-Tetrachlorobenzene",-1.22,-1.644,0.19318,-0.424
m062x_smd,omega_Koopmans_eV,"1,2-Dichlorobenzene",-3.15,-3.408,0.03312,-0.258
m062x_smd,omega_Koopmans_eV,"1,4-Dichlorobenzene",-7.007,-3.488,0.03055,3.519
m062x_smd,omega_dSCF_eV,Hexachlorobenzene,1.556,1.081,2.94871,-0.475
m062x_smd,omega_dSCF_eV,Pentachlorobenzene,-1.62,0.179,1.19579,1.799
m062x_smd,omega_dSCF_eV,"1,2,4,5-Tetrachlorobenzene",-1.22,-0.697,0.49811,0.523
m062x_smd,omega_dSCF_eV,"1,2-Dichlorobenzene",-3.15,-3.458,0.03149,-0.308
m062x_smd,omega_dSCF_eV,"1,4-Dichlorobenzene",-7.007,-3.351,0.03505,3.656
m062x_smd,polar_iso_A3,Hexachlorobenzene,1.556,0.551,1.73456,-1.005
m062x_smd,polar_iso_A3,Pentachlorobenzene,-1.62,-0.737,0.47845,0.883
m062x_smd,polar_iso_A3,"1,2,4,5-Tetrachlorobenzene",-1.22,-2.014,0.13351,-0.794
m062x_smd,polar_iso_A3,"1,2-Dichlorobenzene",-3.15,-4.482,0.01131,-1.332
m062x_smd,polar_iso_A3,"1,4-Dichlorobenzene",-7.007,-4.461,0.01155,2.546
m062x_smd,radius_A,Hexachlorobenzene,1.556,1.216,3.37507,-0.339
m062x_smd,radius_A,Pentachlorobenzene,-1.62,-0.023,0.97684,1.596
m062x_smd,radius_A,"1,2,4,5-Tetrachlorobenzene",-1.22,-1.383,0.25076,-0.163
m062x_smd,radius_A,"1,2-Dichlorobenzene",-3.15,-4.41,0.01216,-1.26
m062x_smd,radius_A,"1,4-Dichlorobenzene",-7.007,-4.383,0.01249,2.624
