level,compound,species,group,kobs_per_h,ln_kobs,n_X,HOMO_eV,LUMO_eV,gap_eV,mu_Koopmans_eV,eta_Koopmans_eV,omega_Koopmans_eV,VEA_eV,VIE_eV,mu_dSCF_eV,eta_dSCF_eV,omega_dSCF_eV,dipole_D,polar_iso_A3,radius_A,dG_ET_any_kcal,min_dG_1e_kcal,eff_dG_1e_kcal,min_dG_frag_any_kcal,eff_dG_frag_any_kcal,min_dG_2e_carbanion_kcal,eff_dG_2e_carbanion_kcal,min_dG_2e_HDH_kcal,eff_dG_2e_HDH_kcal,min_dG_rad_red_kcal,eff_dG_rad_red_kcal,min_BDE_kcal,max_fplus_CX,max_spin_vA_X,max_dr_CX_RA_A,min_wiberg_CX_parent,max_qCM5_X,AEA_elec_eV,lambda_i_kcal,dG_ET_kcal,min_dG_frag_kcal,eff_dG_frag_kcal,max_spin_RA_X,min_dG0_act_concerted_kcal,eff_dG_act_concerted_kcal @ -2.00 V,min_pKa_ArH_site,E_ET_V,eff_dG_act_combined_kcal @ -2.00 V
b3lyp_gas,Bromobenzene,BrBz_1,bromobenzene,0.0020,-6.2146,1.0,-6.904,-0.84,6.064,-3.872,6.064,1.236,-0.449,8.918,-4.234,9.367,0.957,1.8851,12.802,2.896,-12.91,-13.36,-13.36,-0.45,-0.45,-37.3,-37.3,-427.77,-427.77,-23.94,-23.94,74.12,0.1498,0.09002,0.9262,1.0359,-0.03392,,,,,,,,,,,
b3lyp_gas,"1,4-Dibromobenzene",BrBz_14,bromobenzene,0.012,-4.4228,2.0,-6.888,-1.201,5.687,-4.044,5.687,1.438,-0.671,8.724,-4.026,9.395,0.863,0.0,16.132,3.058,-18.93,-13.77,-14.18068,5.16,4.74932,-47.41,-47.82068,-430.06,-430.47068,-33.64,-34.05068,74.12,0.4011,0.37528,0.8605,1.0408,-0.02195,,,,,,,,,,,
b3lyp_gas,"1,3-Dibromobenzene",BrBz_13,bromobenzene,0.0329,-3.4143,2.0,-7.067,-1.19,5.877,-4.129,5.877,1.45,-0.222,8.896,-4.337,9.118,1.032,1.7203,16.048,3.06,-19.99,-14.58,-14.99068,5.41,4.99932,-50.97,-51.38068,-429.7,-430.11068,-36.39,-36.80068,73.33,0.2248,0.16723,0.0475,1.0417,-0.01812,,,,,,,,,,,
b3lyp_gas,"1,2,4-Tribromobenzene",BrBz_124,bromobenzene,0.55,-0.5978,3.0,-7.028,-1.525,5.503,-4.276,5.503,1.661,0.063,8.756,-4.41,8.692,1.118,1.201,19.151,3.207,-26.74,-16.77,-16.92127,9.97,9.81873,-69.17,-69.17588,-432.76,-433.02038,-52.41,-52.43026,70.93,0.271,0.2241,0.7235,1.0452,0.00325,,,,,,,,,,,
b3lyp_gas,"1,3,5-Tribromobenzene",BrBz_135,bromobenzene,0.90,-0.1054,3.0,-7.337,-1.638,5.699,-4.487,5.699,1.767,0.164,9.085,-4.624,8.921,1.199,0.0,19.452,3.207,-27.39,-15.54,-16.19091,11.86,11.20909,-63.39,-64.04091,-431.09,-431.74091,-47.86,-48.51091,72.64,0.2669,0.20701,0.7132,1.0465,-0.00416,,,,,,,,,,,
b3lyp_gas,"1,2,4,5-Tetrabromobenzene",BrBz_1245,bromobenzene,2.5,0.9163,4.0,-7.094,-1.863,5.231,-4.479,5.231,1.917,0.417,8.718,-4.568,8.301,1.257,0.0,22.375,3.34,-30.89,-17.23,-18.05136,13.66,12.83864,-74.6,-75.42136,-434.37,-435.19136,-57.37,-58.19136,71.28,0.214,0.14786,0.0198,1.0544,0.00942,,,,,,,,,,,
b3lyp_gas,Hexabromobenzene,BrBz_123456,bromobenzene,10.0,2.3026,6.0,-7.271,-2.723,4.548,-4.997,4.548,2.745,1.313,8.814,-5.064,7.501,1.709,0.0,28.202,3.576,-46.83,-24.73,-25.79159,22.11,21.04841,-97.23,-98.29159,-440.64,-441.70159,-72.5,-73.56159,64.31,0.1667,0.11291,0.0908,1.0634,0.02511,1.787,23.67,-46.83,22.11,21.04841,0.10526,,,,,
b3lyp_gas,BDE-47,BDE_24_24,pbde,0.078,-2.551,4.0,,,,,,,,,,,,,,,,,,,,,,,,,,,,,,,,,,,,,,,,,,
b3lyp_gas,BDE-99,BDE_245_24,pbde,0.45,-0.7985,5.0,,,,,,,,,,,,,,,,,,,,,,,,,,,,,,,,,,,,,,,,,,
b3lyp_smd,Bromobenzene,BrBz_1,bromobenzene,0.0020,-6.2146,1.0,-6.853,-0.708,6.145,-3.781,6.145,1.163,1.013,6.775,-3.894,5.762,1.316,2.6311,17.744,2.897,-60.42,-63.58,-63.58,-3.16,-3.16,-147.23,-147.23,-214.76,-214.76,-83.65,-83.65,74.26,0.1124,0.01057,1.34,1.0259,-0.05558,,,,,,,26.44,21.24,49.5,,
b3lyp_smd,"1,4-Dibromobenzene",BrBz_14,bromobenzene,0.012,-4.4228,2.0,-6.772,-0.992,5.78,-3.882,5.78,1.303,1.234,6.773,-4.004,5.539,1.447,0.0,21.154,3.06,-61.54,-64.03,-64.44068,-2.49,-2.90068,-151.25,-151.66068,-216.7,-217.11068,-87.22,-87.63068,74.2,0.1192,0.00998,0.0095,1.0325,-0.04036,,,,,,,26.01,20.19932,47.97,,
b3lyp_smd,"1,3-Dibromobenzene",BrBz_13,bromobenzene,0.0329,-3.4143,2.0,-6.943,-1.029,5.914,-3.986,5.914,1.343,1.245,6.894,-4.07,5.649,1.466,2.5523,21.215,3.061,-61.54,-65.02,-65.43068,-3.48,-3.89068,-153.37,-153.78068,-216.62,-217.03068,-88.35,-88.76068,73.29,0.1533,0.02375,0.018,1.0336,-0.0356,,,,,,,25.78,19.52932,46.36,,
b3lyp_smd,"1,2,4-Tribromobenzene",BrBz_124,bromobenzene,0.55,-0.5978,3.0,-6.91,-1.426,5.484,-4.168,5.484,1.584,1.521,6.918,-4.219,5.398,1.649,1.911,24.653,3.208,-65.85,-67.31,-67.48944,-1.46,-1.63944,-164.3,-164.33062,-219.79,-220.16539,-96.99,-97.07469,70.72,0.3598,0.31387,0.84,1.0392,-0.01126,,,,,,,24.8,17.74253,40.62,,
b3lyp_smd,"1,3,5-Tribromobenzene",BrBz_135,bromobenzene,0.90,-0.1054,3.0,-7.187,-1.51,5.677,-4.348,5.677,1.665,1.472,7.161,-4.316,5.69,1.637,0.0046,24.783,3.208,-64.5,-65.46,-66.11091,-0.97,-1.62091,-159.14,-159.79091,-217.99,-218.64091,-93.68,-94.33091,72.41,0.126,0.01154,0.0219,1.0413,-0.01486,,,,,,,25.22,18.54909,43.14,,
b3lyp_smd,"1,2,4,5-Tetrabromobenzene",BrBz_1245,bromobenzene,2.5,0.9163,4.0,-6.996,-1.758,5.237,-4.377,5.237,1.829,1.815,7.006,-4.411,5.191,1.874,0.0,28.235,3.34,-68.1,-67.85,-68.67136,0.25,-0.57136,-167.94,-168.76136,-221.89,-222.71136,-100.08,-100.90136,70.98,0.2063,0.14545,0.0097,1.0505,0.00061,,,,,,,24.58,16.72864,39.55,,
b3lyp_smd,Hexabromobenzene,BrBz_123456,bromobenzene,10.0,2.3026,6.0,-7.226,-2.69,4.536,-4.958,4.536,2.71,2.688,7.256,-4.972,4.568,2.706,0.0,35.47,3.576,-77.05,-74.57,-75.63159,2.49,1.42841,-184.25,-185.31159,-227.26,-228.32159,-109.69,-110.75159,64.16,0.1667,0.11224,0.0832,1.0616,0.02129,3.165,23.87,-77.05,2.49,1.42841,0.09972,22.42,11.72841,31.53,-0.94,
b3lyp_smd,BDE-47,BDE_24_24,pbde,0.078,-2.551,4.0,,,,,,,,,,,,,,,,,,,,,,,,,,,,,,,,,,,,,,,,,,
b3lyp_smd,BDE-99,BDE_245_24,pbde,0.45,-0.7985,5.0,,,,,,,,,,,,,,,,,,,,,,,,,,,,,,,,,,,,,,,,,,
m062x_gas,Bromobenzene,BrBz_1,bromobenzene,0.0020,-6.2146,1.0,-8.208,-0.11,8.098,-4.159,8.098,1.068,-0.76,9.23,-4.235,9.99,0.898,1.9265,12.404,2.893,-8.04,-8.09,-8.09,-0.05,-0.05,-31.81,-31.81,-420.73,-420.73,-23.72,-23.72,77.11,0.0911,0.03017,1.0136,1.041,-0.03192,,,,,,,,,,,
m062x_gas,"1,4-Dibromobenzene",BrBz_14,bromobenzene,0.012,-4.4228,2.0,-8.156,-0.299,7.857,-4.227,7.857,1.137,-1.072,9.096,-4.012,10.169,0.791,0.0,15.58,3.055,-13.4,-8.65,-9.06068,4.75,4.33932,-42.18,-42.59068,-423.09,-423.50068,-33.53,-33.94068,76.96,0.3699,0.35585,0.0234,1.0456,-0.01994,,,,,,,,,,,
m062x_gas,"1,3-Dibromobenzene",BrBz_13,bromobenzene,0.0329,-3.4143,2.0,-8.364,-0.273,8.091,-4.318,8.091,1.152,-0.638,9.289,-4.325,9.927,0.942,1.7605,15.493,3.055,-14.25,-9.35,-9.76068,4.91,4.49932,-44.74,-45.15068,-422.85,-423.26068,-35.4,-35.81068,76.32,0.1425,0.0843,0.0336,1.0467,-0.01601,,,,,,,,,,,
m062x_gas,"1,2,4-Tribromobenzene",BrBz_124,bromobenzene,0.55,-0.5978,3.0,-8.295,-0.546,7.75,-4.42,7.75,1.261,-0.252,9.162,-4.455,9.413,1.054,1.2472,18.455,3.201,-21.29,-10.52,-10.74298,10.77,10.54702,-62.05,-62.06336,-425.07,-425.38723,-51.53,-51.56379,74.89,0.2598,0.05181,0.6785,1.0499,0.00543,,,,,,,,,,,
m062x_gas,"1,3,5-Tribromobenzene",BrBz_135,bromobenzene,0.90,-0.1054,3.0,-8.651,-0.587,8.064,-4.619,8.064,1.323,-0.2,9.505,-4.652,9.705,1.115,0.0,18.725,3.201,-20.94,-10.28,-10.93091,10.67,10.01909,-56.2,-56.85091,-424.28,-424.93091,-45.93,-46.58091,75.65,0.1441,0.01153,0.7074,1.0515,-0.00181,,,,,,,,,,,
m062x_gas,"1,2,4,5-Tetrabromobenzene",BrBz_1245,bromobenzene,2.5,0.9163,4.0,-8.35,-0.794,7.556,-4.572,7.556,1.383,0.056,9.15,-4.603,9.094,1.165,0.0,21.516,3.336,-25.56,-11.14,-11.96136,14.43,13.60864,-68.02,-68.84136,-426.76,-427.58136,-56.88,-57.70136,75.1,0.1556,0.01629,0.0172,1.0586,0.01167,,,,,,,,,,,
m062x_gas,Hexabromobenzene,BrBz_123456,bromobenzene,10.0,2.3026,6.0,-8.548,-1.601,6.947,-5.074,6.947,1.853,0.876,9.274,-5.075,8.398,1.534,0.0,27.06,3.571,-39.5,-16.9,-17.96159,22.6,21.53841,-88.01,-89.07159,-432.03,-433.09159,-71.11,-72.17159,69.97,0.1667,0.11426,0.0665,1.0669,0.02761,1.451,27.77,-39.5,22.6,21.53841,0.08734,,,,,
m062x_gas,BDE-47,BDE_24_24,pbde,0.078,-2.551,4.0,,,,,,,,,,,,,,,,,,,,,,,,,,,,,,,,,,,,,,,,,,
m062x_gas,BDE-99,BDE_245_24,pbde,0.45,-0.7985,5.0,,,,,,,,,,,,,,,,,,,,,,,,,,,,,,,,,,,,,,,,,,
m062x_smd,Bromobenzene,BrBz_1,bromobenzene,0.0020,-6.2146,1.0,-8.177,0.108,8.285,-4.034,8.285,0.982,0.995,7.074,-4.034,6.079,1.339,2.6436,17.124,2.894,-57.07,-58.53,-58.53,-1.45,-1.45,-143.45,-143.45,-208.14,-208.14,-84.92,-84.92,77.27,0.1078,0.01037,2.9934,1.0326,-0.05185,,,,,,,27.21,24.32,47.42,,24.32
m062x_smd,"1,4-Dibromobenzene",BrBz_14,bromobenzene,0.012,-4.4228,2.0,-8.054,-0.129,7.925,-4.092,7.925,1.056,1.228,7.138,-4.183,5.91,1.48,0.0,20.345,3.056,-38.03,-59.17,-59.58068,-21.14,-21.55068,-147.54,-147.95068,-210.15,-210.56068,-88.37,-88.78068,77.02,0.1148,0.00987,0.0447,1.0385,-0.03697,1.454,13.75,-38.03,-21.14,-21.55068,0.03368,26.73,23.12932,45.89,-2.632,23.12932
m062x_smd,"1,3-Dibromobenzene",BrBz_13,bromobenzene,0.0329,-3.4143,2.0,-8.255,-0.101,8.154,-4.178,8.154,1.07,1.243,7.264,-4.254,6.021,1.503,2.5714,20.383,3.055,-57.88,-60.07,-60.48068,-2.19,-2.60068,-149.49,-149.90068,-210.21,-210.62068,-89.42,-89.83068,76.25,0.1492,0.02192,0.0053,1.0397,-0.03209,,,,,,,26.53,22.51932,44.51,,22.51932
m062x_smd,"1,2,4-Tribromobenzene",BrBz_124,bromobenzene,0.55,-0.5978,3.0,-8.19,-0.355,7.835,-4.273,7.835,1.165,1.456,7.314,-4.385,5.859,1.641,1.9459,23.633,3.203,-60.65,-61.34,-61.59349,-0.69,-0.94392,-159.44,-159.48046,-212.51,-212.90593,-98.1,-98.18336,74.67,0.1495,0.01978,0.7661,1.0447,-0.0081,,,,,,,25.79,21.28974,38.9,,21.28974
m062x_smd,"1,3,5-Tribromobenzene",BrBz_135,bromobenzene,0.90,-0.1054,3.0,-8.514,-0.424,8.09,-4.469,8.09,1.234,1.477,7.551,-4.514,6.073,1.678,0.0061,23.73,3.202,-59.76,-60.43,-61.08091,-0.67,-1.32091,-154.81,-155.46091,-211.53,-212.18091,-94.37,-95.02091,75.39,0.122,0.01111,1.0271,1.047,-0.01139,,,,,,,25.98,21.55909,41.58,,21.55909
m062x_smd,"1,2,4,5-Tetrabromobenzene",BrBz_1245,bromobenzene,2.5,0.9163,4.0,-8.263,-0.646,7.617,-4.455,7.617,1.303,1.69,7.433,-4.561,5.743,1.811,0.0,26.99,3.336,-63.06,-62.05,-62.87136,1.02,0.19864,-163.23,-164.05136,-214.59,-215.41136,-101.19,-102.01136,74.73,0.1409,0.01517,0.0088,1.0553,0.00363,,,,,,,25.53,20.19864,37.64,,20.19864
m062x_smd,Hexabromobenzene,BrBz_123456,bromobenzene,10.0,2.3026,6.0,-8.511,-1.572,6.939,-5.042,6.939,1.832,2.265,7.711,-4.988,5.446,2.284,0.0,33.781,3.571,-70.99,-66.96,-68.02159,4.03,2.96841,-176.96,-178.02159,-218.95,-220.01159,-110.0,-111.06159,69.8,0.1666,0.11393,0.0138,1.0656,0.02447,2.941,56.46,-70.99,4.03,2.96841,0.01853,23.84,16.13841,30.78,-1.203,16.13841
m062x_smd,BDE-47,BDE_24_24,pbde,0.078,-2.551,4.0,,,,,,,,,,,,,,,,,,,,,,,,,,,,,,,,,,,,,,,,,,
m062x_smd,BDE-99,BDE_245_24,pbde,0.45,-0.7985,5.0,,,,,,,,,,,,,,,,,,,,,,,,,,,,,,,,,,,,,,,,,,
