level,x1,x2,fit_set,n,b0,b1,b2,R2,adj_R2,SSE,MSE,RMSE
b3lyp_gas,dG_ET_any_kcal,min_dG_frag_any_kcal,bromobenzene,7,-1.2606,0.3674,0.9564,0.9541,0.9312,2.6302,0.3757,0.613
b3lyp_gas,dG_ET_any_kcal,min_dG_frag_any_kcal,chlorobenzene,5,-4.1905,0.0797,0.3392,0.9402,0.8804,2.355,0.471,0.6863
b3lyp_gas,dG_ET_any_kcal,min_dG_frag_any_kcal,halobenzene,12,-5.7834,-0.0925,0.1792,0.8773,0.8501,12.0094,1.0008,1.0004
b3lyp_gas,dG_ET_any_kcal,min_dG_frag_any_kcal,all,12,-5.7834,-0.0925,0.1792,0.8773,0.8501,12.0094,1.0008,1.0004
b3lyp_gas,dG_ET_any_kcal,min_dG_RA_2e_any_kcal,bromobenzene,7,-12.5648,-0.0524,-0.2605,0.9264,0.8896,4.2207,0.603,0.7765
b3lyp_gas,dG_ET_any_kcal,min_dG_RA_2e_any_kcal,chlorobenzene,5,-1.3708,-0.233,0.1183,0.9621,0.9242,1.4932,0.2986,0.5465
b3lyp_gas,dG_ET_any_kcal,min_dG_RA_2e_any_kcal,halobenzene,12,-9.6765,-0.1802,-0.0919,0.8869,0.8618,11.0742,0.9228,0.9607
b3lyp_gas,dG_ET_any_kcal,min_dG_RA_2e_any_kcal,all,12,-9.6765,-0.1802,-0.0919,0.8869,0.8618,11.0742,0.9228,0.9607
b3lyp_smd,dG_ET_any_kcal,min_dG_frag_any_kcal,bromobenzene,7,0.9355,0.0134,1.3529,0.8027,0.704,11.3132,1.6162,1.2713
b3lyp_smd,dG_ET_any_kcal,min_dG_frag_any_kcal,chlorobenzene,5,-57.4872,-0.784,-0.6893,0.8766,0.7533,4.8576,0.9715,0.9857
b3lyp_smd,dG_ET_any_kcal,min_dG_frag_any_kcal,halobenzene,12,-27.8382,-0.3882,-0.1846,0.6748,0.6026,31.8369,2.6531,1.6288
b3lyp_smd,dG_ET_any_kcal,min_dG_frag_any_kcal,all,12,-27.8382,-0.3882,-0.1846,0.6748,0.6026,31.8369,2.6531,1.6288
b3lyp_smd,dG_ET_any_kcal,min_dG_RA_2e_any_kcal,bromobenzene,7,-45.3711,0.3197,-0.6774,0.919,0.8784,4.6472,0.6639,0.8148
b3lyp_smd,dG_ET_any_kcal,min_dG_RA_2e_any_kcal,chlorobenzene,5,-30.4287,-0.223,-0.1272,0.8868,0.7736,4.4571,0.8914,0.9441
b3lyp_smd,dG_ET_any_kcal,min_dG_RA_2e_any_kcal,halobenzene,12,-27.0142,-0.2469,-0.0896,0.7254,0.6644,26.8872,2.2406,1.4969
b3lyp_smd,dG_ET_any_kcal,min_dG_RA_2e_any_kcal,all,12,-27.0142,-0.2469,-0.0896,0.7254,0.6644,26.8872,2.2406,1.4969
m062x_gas,dG_ET_any_kcal,min_dG_frag_any_kcal,bromobenzene,7,-0.3639,0.7254,1.3914,0.9721,0.9581,1.6023,0.2289,0.4784
m062x_gas,dG_ET_any_kcal,min_dG_frag_any_kcal,chlorobenzene,5,-3.8191,-1.1173,-1.023,0.8625,0.725,5.414,1.0828,1.0406
m062x_gas,dG_ET_any_kcal,min_dG_frag_any_kcal,halobenzene,12,-5.3783,-0.0786,0.2196,0.8562,0.8243,14.0755,1.173,1.083
m062x_gas,dG_ET_any_kcal,min_dG_frag_any_kcal,all,12,-5.3783,-0.0786,0.2196,0.8562,0.8243,14.0755,1.173,1.083
m062x_gas,dG_ET_any_kcal,min_dG_RA_2e_any_kcal,bromobenzene,7,-13.3378,-0.0286,-0.3109,0.9313,0.897,3.9371,0.5624,0.75
m062x_gas,dG_ET_any_kcal,min_dG_RA_2e_any_kcal,chlorobenzene,5,-3.6127,-0.2405,0.0291,0.8548,0.7095,5.7192,1.1438,1.0695
m062x_gas,dG_ET_any_kcal,min_dG_RA_2e_any_kcal,halobenzene,12,-10.0327,-0.1693,-0.1382,0.8772,0.8499,12.0206,1.0017,1.0009
m062x_gas,dG_ET_any_kcal,min_dG_RA_2e_any_kcal,all,12,-10.0327,-0.1693,-0.1382,0.8772,0.8499,12.0206,1.0017,1.0009
m062x_smd,dG_ET_any_kcal,min_dG_frag_any_kcal,bromobenzene,7,-52.7187,-0.8371,-0.7787,0.726,0.589,15.7093,2.2442,1.4981
m062x_smd,dG_ET_any_kcal,min_dG_frag_any_kcal,chlorobenzene,5,-223.5149,-3.4187,-3.6583,0.9863,0.9727,0.5385,0.1077,0.3282
m062x_smd,dG_ET_any_kcal,min_dG_frag_any_kcal,halobenzene,12,-40.3745,-0.6326,-0.4981,0.6462,0.5676,34.6369,2.8864,1.6989
m062x_smd,dG_ET_any_kcal,min_dG_frag_any_kcal,all,12,-40.3745,-0.6326,-0.4981,0.6462,0.5676,34.6369,2.8864,1.6989
m062x_smd,dG_ET_any_kcal,min_dG_RA_2e_any_kcal,bromobenzene,7,-40.4151,-0.2577,-0.242,0.8603,0.7905,8.0082,1.144,1.0696
m062x_smd,dG_ET_any_kcal,min_dG_RA_2e_any_kcal,chlorobenzene,5,-68.6646,-0.2096,-0.4823,0.9635,0.927,1.4381,0.2876,0.5363
m062x_smd,dG_ET_any_kcal,min_dG_RA_2e_any_kcal,halobenzene,12,-29.2129,-0.2342,-0.1363,0.7055,0.64,28.8387,2.4032,1.5502
m062x_smd,dG_ET_any_kcal,min_dG_RA_2e_any_kcal,all,12,-29.2129,-0.2342,-0.1363,0.7055,0.64,28.8387,2.4032,1.5502
