level,halogen,parent,site,degeneracy,aryl_radical,"BDE_kcal (dH, this level)","BDFE_kcal (dG, this level)",BDE_gas_kcal,BDFE_gas_kcal,dG_DET_kcal (ArX + e- -> Ar. + X-),E0_DET_V,radius_A,lambda0_kcal,dG0_act_kcal (intrinsic),missing_species,flags
b3lyp_gas,Cl,ClBz_1,1,1,Ph_rad,,,,,-4.66,,2.855,,,Cl_rad,gas level: bond energies only (no solvent reorganisation)
b3lyp_gas,Cl,ClBz_12,1,2,ClPh_2_rad,,,,,-7.02,,2.985,,,Cl_rad,gas level: bond energies only (no solvent reorganisation)
b3lyp_gas,Cl,ClBz_13,1,2,ClPh_3_rad,,,,,-5.76,,2.984,,,Cl_rad,gas level: bond energies only (no solvent reorganisation)
b3lyp_gas,Cl,ClBz_14,1,2,ClPh_4_rad,,,,,-5.04,,2.985,,,Cl_rad,gas level: bond energies only (no solvent reorganisation)
b3lyp_gas,Cl,ClBz_123,1,2,ClPh_23_rad,,,,,-8.18,,3.103,,,Cl_rad,gas level: bond energies only (no solvent reorganisation)
b3lyp_gas,Cl,ClBz_123,2,1,ClPh_26_rad,,,,,-8.44,,3.103,,,Cl_rad,gas level: bond energies only (no solvent reorganisation)
b3lyp_gas,Cl,ClBz_124,1,1,ClPh_24_rad,,,,,-6.4,,3.104,,,Cl_rad,gas level: bond energies only (no solvent reorganisation)
b3lyp_gas,Cl,ClBz_124,2,1,ClPh_25_rad,,,,,-7.05,,3.104,,,Cl_rad,gas level: bond energies only (no solvent reorganisation)
b3lyp_gas,Cl,ClBz_124,4,1,ClPh_34_rad,,,,,-5.24,,3.104,,,Cl_rad,gas level: bond energies only (no solvent reorganisation)
b3lyp_gas,Cl,ClBz_135,1,3,ClPh_35_rad,,,,,-6.66,,3.105,,,Cl_rad,gas level: bond energies only (no solvent reorganisation)
b3lyp_gas,Cl,ClBz_1234,1,2,ClPh_234_rad,,,,,-7.93,,3.211,,,Cl_rad,gas level: bond energies only (no solvent reorganisation)
b3lyp_gas,Cl,ClBz_1234,2,2,ClPh_236_rad,,,,,-9.79,,3.211,,,Cl_rad,gas level: bond energies only (no solvent reorganisation)
b3lyp_gas,Cl,ClBz_1235,1,2,ClPh_235_rad,,,,,-8.63,,3.212,,,Cl_rad,gas level: bond energies only (no solvent reorganisation)
b3lyp_gas,Cl,ClBz_1235,2,1,ClPh_246_rad,,,,,-8.15,,3.212,,,Cl_rad,gas level: bond energies only (no solvent reorganisation)
b3lyp_gas,Cl,ClBz_1235,5,1,ClPh_345_rad,,,,,-5.82,,3.212,,,Cl_rad,gas level: bond energies only (no solvent reorganisation)
b3lyp_gas,Cl,ClBz_1245,1,4,ClPh_245_rad,,,,,-7.63,,3.213,,,Cl_rad,gas level: bond energies only (no solvent reorganisation)
b3lyp_gas,Cl,ClBz_12345,1,2,ClPh_2345_rad,,,,,-8.38,,3.314,,,Cl_rad,gas level: bond energies only (no solvent reorganisation)
b3lyp_gas,Cl,ClBz_12345,2,2,ClPh_2346_rad,,,,,-9.58,,3.314,,,Cl_rad,gas level: bond energies only (no solvent reorganisation)
b3lyp_gas,Cl,ClBz_12345,3,1,ClPh_2356_rad,,,,,-10.39,,3.314,,,Cl_rad,gas level: bond energies only (no solvent reorganisation)
b3lyp_gas,Cl,ClBz_123456,1,6,ClPh_23456_rad,,,,,-11.63,,3.41,,,Cl_rad,gas level: bond energies only (no solvent reorganisation)
b3lyp_gas,Br,BrBz_1,1,1,Ph_rad,,,,,-13.36,,2.896,,,Br_rad,gas level: bond energies only (no solvent reorganisation)
b3lyp_gas,Br,BrBz_12,1,2,BrPh_2_rad,,,,,-16.65,,3.059,,,Br_rad,gas level: bond energies only (no solvent reorganisation)
b3lyp_gas,Br,BrBz_13,1,2,BrPh_3_rad,,,,,-14.58,,3.06,,,Br_rad,gas level: bond energies only (no solvent reorganisation)
b3lyp_gas,Br,BrBz_14,1,2,BrPh_4_rad,,,,,-13.77,,3.058,,,Br_rad,gas level: bond energies only (no solvent reorganisation)
b3lyp_gas,Br,BrBz_123,1,2,BrPh_23_rad,,,,,-18.39,,3.205,,,Br_rad,gas level: bond energies only (no solvent reorganisation)
b3lyp_gas,Br,BrBz_123,2,1,BrPh_26_rad,,,,,-19.39,,3.205,,,Br_rad,gas level: bond energies only (no solvent reorganisation)
b3lyp_gas,Br,BrBz_124,1,1,BrPh_24_rad,,,,,-16.02,,3.207,,,Br_rad,gas level: bond energies only (no solvent reorganisation)
b3lyp_gas,Br,BrBz_124,2,1,BrPh_25_rad,,,,,-16.77,,3.207,,,Br_rad,gas level: bond energies only (no solvent reorganisation)
b3lyp_gas,Br,BrBz_124,4,1,BrPh_34_rad,,,,,-13.97,,3.207,,,Br_rad,gas level: bond energies only (no solvent reorganisation)
b3lyp_gas,Br,BrBz_135,1,3,BrPh_35_rad,,,,,-15.54,,3.207,,,Br_rad,gas level: bond energies only (no solvent reorganisation)
b3lyp_gas,Br,BrBz_1234,1,2,BrPh_234_rad,,,,,-18.38,,3.339,,,Br_rad,gas level: bond energies only (no solvent reorganisation)
b3lyp_gas,Br,BrBz_1234,2,2,BrPh_236_rad,,,,,-21.47,,3.339,,,Br_rad,gas level: bond energies only (no solvent reorganisation)
b3lyp_gas,Br,BrBz_1235,1,2,BrPh_235_rad,,,,,-18.95,,3.34,,,Br_rad,gas level: bond energies only (no solvent reorganisation)
b3lyp_gas,Br,BrBz_1235,2,1,BrPh_246_rad,,,,,-19.05,,3.34,,,Br_rad,gas level: bond energies only (no solvent reorganisation)
b3lyp_gas,Br,BrBz_1235,5,1,BrPh_345_rad,,,,,-14.55,,3.34,,,Br_rad,gas level: bond energies only (no solvent reorganisation)
b3lyp_gas,Br,BrBz_1245,1,4,BrPh_245_rad,,,,,-17.23,,3.34,,,Br_rad,gas level: bond energies only (no solvent reorganisation)
b3lyp_gas,Br,BrBz_12345,1,2,BrPh_2345_rad,,,,,-18.87,,3.462,,,Br_rad,gas level: bond energies only (no solvent reorganisation)
b3lyp_gas,Br,BrBz_12345,2,2,BrPh_2346_rad,,,,,-21.5,,3.462,,,Br_rad,gas level: bond energies only (no solvent reorganisation)
b3lyp_gas,Br,BrBz_12345,3,1,BrPh_2356_rad,,,,,-22.92,,3.462,,,Br_rad,gas level: bond energies only (no solvent reorganisation)
b3lyp_gas,Br,BrBz_123456,1,6,BrPh_23456_rad,,,,,-24.73,,3.576,,,Br_rad,gas level: bond energies only (no solvent reorganisation)
b3lyp_smd,Cl,ClBz_1,1,1,Ph_rad,,,,,-67.58,-1.351,2.855,31.98,,Cl_rad,
b3lyp_smd,Cl,ClBz_12,1,2,ClPh_2_rad,,,,,-70.02,-1.244,2.986,30.58,,Cl_rad,
b3lyp_smd,Cl,ClBz_13,1,2,ClPh_3_rad,,,,,-68.74,-1.3,2.985,30.59,,Cl_rad,
b3lyp_smd,Cl,ClBz_14,1,2,ClPh_4_rad,,,,,-67.98,-1.333,2.985,30.59,,Cl_rad,
b3lyp_smd,Cl,ClBz_123,1,2,ClPh_23_rad,,,,,-71.24,-1.192,3.104,29.42,,Cl_rad,
b3lyp_smd,Cl,ClBz_123,2,1,ClPh_26_rad,,,,,-71.39,-1.185,3.104,29.42,,Cl_rad,
b3lyp_smd,Cl,ClBz_124,1,1,ClPh_24_rad,,,,,-69.5,-1.267,3.105,29.41,,Cl_rad,
b3lyp_smd,Cl,ClBz_124,2,1,ClPh_25_rad,,,,,-70.09,-1.242,3.105,29.41,,Cl_rad,
b3lyp_smd,Cl,ClBz_124,4,1,ClPh_34_rad,,,,,-68.3,-1.319,3.105,29.41,,Cl_rad,
b3lyp_smd,Cl,ClBz_135,1,3,ClPh_35_rad,,,,,-69.04,-1.287,3.105,29.41,,Cl_rad,
b3lyp_smd,Cl,ClBz_1234,1,2,ClPh_234_rad,,,,,-71.01,-1.202,3.212,28.43,,Cl_rad,
b3lyp_smd,Cl,ClBz_1234,2,2,ClPh_236_rad,,,,,-72.75,-1.126,3.212,28.43,,Cl_rad,
b3lyp_smd,Cl,ClBz_1235,1,2,ClPh_235_rad,,,,,-71.79,-1.168,3.213,28.42,,Cl_rad,
b3lyp_smd,Cl,ClBz_1235,2,1,ClPh_246_rad,,,,,-71.16,-1.195,3.213,28.42,,Cl_rad,
b3lyp_smd,Cl,ClBz_1235,5,1,ClPh_345_rad,,,,,-68.95,-1.291,3.213,28.42,,Cl_rad,
b3lyp_smd,Cl,ClBz_1245,1,4,ClPh_245_rad,,,,,-70.79,-1.211,3.213,28.42,,Cl_rad,
b3lyp_smd,Cl,ClBz_12345,1,2,ClPh_2345_rad,,,,,-71.64,-1.174,3.315,27.55,,Cl_rad,
b3lyp_smd,Cl,ClBz_12345,2,2,ClPh_2346_rad,,,,,-72.66,-1.13,3.315,27.55,,Cl_rad,
b3lyp_smd,Cl,ClBz_12345,3,1,ClPh_2356_rad,,,,,-73.41,-1.098,3.315,27.55,,Cl_rad,
b3lyp_smd,Cl,ClBz_123456,1,6,ClPh_23456_rad,,,,,-74.03,-1.071,3.41,26.78,,Cl_rad,
b3lyp_smd,Br,BrBz_1,1,1,Ph_rad,,,,,-63.58,-1.524,2.897,31.52,,Br_rad,
b3lyp_smd,Br,BrBz_12,1,2,BrPh_2_rad,,,,,-67.07,-1.372,3.059,29.85,,Br_rad,
b3lyp_smd,Br,BrBz_13,1,2,BrPh_3_rad,,,,,-65.02,-1.461,3.061,29.83,,Br_rad,
b3lyp_smd,Br,BrBz_14,1,2,BrPh_4_rad,,,,,-64.03,-1.504,3.06,29.84,,Br_rad,
b3lyp_smd,Br,BrBz_123,1,2,BrPh_23_rad,,,,,-68.91,-1.293,3.205,28.49,,Br_rad,
b3lyp_smd,Br,BrBz_123,2,1,BrPh_26_rad,,,,,-69.77,-1.255,3.205,28.49,,Br_rad,
b3lyp_smd,Br,BrBz_124,1,1,BrPh_24_rad,,,,,-66.68,-1.39,3.208,28.46,,Br_rad,
b3lyp_smd,Br,BrBz_124,2,1,BrPh_25_rad,,,,,-67.31,-1.362,3.208,28.46,,Br_rad,
b3lyp_smd,Br,BrBz_124,4,1,BrPh_34_rad,,,,,-64.48,-1.485,3.208,28.46,,Br_rad,
b3lyp_smd,Br,BrBz_135,1,3,BrPh_35_rad,,,,,-65.46,-1.442,3.208,28.46,,Br_rad,
b3lyp_smd,Br,BrBz_1234,1,2,BrPh_234_rad,,,,,-69.08,-1.285,3.339,27.35,,Br_rad,
b3lyp_smd,Br,BrBz_1234,2,2,BrPh_236_rad,,,,,-72.15,-1.152,3.339,27.35,,Br_rad,
b3lyp_smd,Br,BrBz_1235,1,2,BrPh_235_rad,,,,,-69.61,-1.262,3.34,27.34,,Br_rad,
b3lyp_smd,Br,BrBz_1235,2,1,BrPh_246_rad,,,,,-69.49,-1.267,3.34,27.34,,Br_rad,
b3lyp_smd,Br,BrBz_1235,5,1,BrPh_345_rad,,,,,-65.25,-1.452,3.34,27.34,,Br_rad,
b3lyp_smd,Br,BrBz_1245,1,4,BrPh_245_rad,,,,,-67.85,-1.339,3.34,27.34,,Br_rad,
b3lyp_smd,Br,BrBz_12345,1,2,BrPh_2345_rad,,,,,-69.71,-1.258,3.463,26.37,,Br_rad,
b3lyp_smd,Br,BrBz_12345,2,2,BrPh_2346_rad,,,,,-72.08,-1.155,3.463,26.37,,Br_rad,
b3lyp_smd,Br,BrBz_12345,3,1,BrPh_2356_rad,,,,,-73.41,-1.098,3.463,26.37,,Br_rad,
b3lyp_smd,Br,BrBz_123456,1,6,BrPh_23456_rad,,,,,-74.57,-1.048,3.576,25.54,,Br_rad,
m062x_gas,Cl,ClBz_1,1,1,Ph_rad,,,,,2.04,,2.852,,,Cl_rad,gas level: bond energies only (no solvent reorganisation)
m062x_gas,Cl,ClBz_12,1,2,ClPh_2_rad,,,,,0.5,,2.98,,,Cl_rad,gas level: bond energies only (no solvent reorganisation)
m062x_gas,Cl,ClBz_13,1,2,ClPh_3_rad,,,,,1.01,,2.981,,,Cl_rad,gas level: bond energies only (no solvent reorganisation)
m062x_gas,Cl,ClBz_14,1,2,ClPh_4_rad,,,,,1.52,,2.982,,,Cl_rad,gas level: bond energies only (no solvent reorganisation)
m062x_gas,Cl,ClBz_123,1,2,ClPh_23_rad,,,,,-0.5,,3.099,,,Cl_rad,gas level: bond energies only (no solvent reorganisation)
m062x_gas,Cl,ClBz_123,2,1,ClPh_26_rad,,,,,-0.1,,3.099,,,Cl_rad,gas level: bond energies only (no solvent reorganisation)
m062x_gas,Cl,ClBz_124,1,1,ClPh_24_rad,,,,,0.93,,3.1,,,Cl_rad,gas level: bond energies only (no solvent reorganisation)
m062x_gas,Cl,ClBz_124,2,1,ClPh_25_rad,,,,,0.38,,3.1,,,Cl_rad,gas level: bond energies only (no solvent reorganisation)
m062x_gas,Cl,ClBz_124,4,1,ClPh_34_rad,,,,,1.37,,3.1,,,Cl_rad,gas level: bond energies only (no solvent reorganisation)
m062x_gas,Cl,ClBz_135,1,3,ClPh_35_rad,,,,,0.09,,3.101,,,Cl_rad,gas level: bond energies only (no solvent reorganisation)
m062x_gas,Cl,ClBz_1234,1,2,ClPh_234_rad,,,,,-0.33,,3.207,,,Cl_rad,gas level: bond energies only (no solvent reorganisation)
m062x_gas,Cl,ClBz_1234,2,2,ClPh_236_rad,,,,,-1.21,,3.207,,,Cl_rad,gas level: bond energies only (no solvent reorganisation)
m062x_gas,Cl,ClBz_1235,1,2,ClPh_235_rad,,,,,-1.01,,3.209,,,Cl_rad,gas level: bond energies only (no solvent reorganisation)
m062x_gas,Cl,ClBz_1235,2,1,ClPh_246_rad,,,,,0.01,,3.209,,,Cl_rad,gas level: bond energies only (no solvent reorganisation)
m062x_gas,Cl,ClBz_1235,5,1,ClPh_345_rad,,,,,0.78,,3.209,,,Cl_rad,gas level: bond energies only (no solvent reorganisation)
m062x_gas,Cl,ClBz_1245,1,4,ClPh_245_rad,,,,,-0.27,,3.208,,,Cl_rad,gas level: bond energies only (no solvent reorganisation)
m062x_gas,Cl,ClBz_12345,1,2,ClPh_2345_rad,,,,,-0.68,,3.31,,,Cl_rad,gas level: bond energies only (no solvent reorganisation)
m062x_gas,Cl,ClBz_12345,2,2,ClPh_2346_rad,,,,,-0.99,,3.31,,,Cl_rad,gas level: bond energies only (no solvent reorganisation)
m062x_gas,Cl,ClBz_12345,3,1,ClPh_2356_rad,,,,,-1.53,,3.31,,,Cl_rad,gas level: bond energies only (no solvent reorganisation)
m062x_gas,Cl,ClBz_123456,1,6,ClPh_23456_rad,,,,,-2.78,,3.404,,,Cl_rad,gas level: bond energies only (no solvent reorganisation)
m062x_gas,Br,BrBz_1,1,1,Ph_rad,,,,,-8.09,,2.893,,,Br_rad,gas level: bond energies only (no solvent reorganisation)
m062x_gas,Br,BrBz_12,1,2,BrPh_2_rad,,,,,-10.44,,3.056,,,Br_rad,gas level: bond energies only (no solvent reorganisation)
m062x_gas,Br,BrBz_13,1,2,BrPh_3_rad,,,,,-9.35,,3.055,,,Br_rad,gas level: bond energies only (no solvent reorganisation)
m062x_gas,Br,BrBz_14,1,2,BrPh_4_rad,,,,,-8.65,,3.055,,,Br_rad,gas level: bond energies only (no solvent reorganisation)
m062x_gas,Br,BrBz_123,1,2,BrPh_23_rad,,,,,-11.92,,3.201,,,Br_rad,gas level: bond energies only (no solvent reorganisation)
m062x_gas,Br,BrBz_123,2,1,BrPh_26_rad,,,,,-12.02,,3.201,,,Br_rad,gas level: bond energies only (no solvent reorganisation)
m062x_gas,Br,BrBz_124,1,1,BrPh_24_rad,,,,,-9.97,,3.201,,,Br_rad,gas level: bond energies only (no solvent reorganisation)
m062x_gas,Br,BrBz_124,2,1,BrPh_25_rad,,,,,-10.52,,3.201,,,Br_rad,gas level: bond energies only (no solvent reorganisation)
m062x_gas,Br,BrBz_124,4,1,BrPh_34_rad,,,,,-8.87,,3.201,,,Br_rad,gas level: bond energies only (no solvent reorganisation)
m062x_gas,Br,BrBz_135,1,3,BrPh_35_rad,,,,,-10.28,,3.201,,,Br_rad,gas level: bond energies only (no solvent reorganisation)
m062x_gas,Br,BrBz_1234,1,2,BrPh_234_rad,,,,,-11.95,,3.333,,,Br_rad,gas level: bond energies only (no solvent reorganisation)
m062x_gas,Br,BrBz_1234,2,2,BrPh_236_rad,,,,,-13.81,,3.333,,,Br_rad,gas level: bond energies only (no solvent reorganisation)
m062x_gas,Br,BrBz_1235,1,2,BrPh_235_rad,,,,,-12.37,,3.336,,,Br_rad,gas level: bond energies only (no solvent reorganisation)
m062x_gas,Br,BrBz_1235,2,1,BrPh_246_rad,,,,,-11.78,,3.336,,,Br_rad,gas level: bond energies only (no solvent reorganisation)
m062x_gas,Br,BrBz_1235,5,1,BrPh_345_rad,,,,,-9.32,,3.336,,,Br_rad,gas level: bond energies only (no solvent reorganisation)
m062x_gas,Br,BrBz_1245,1,4,BrPh_245_rad,,,,,-11.14,,3.336,,,Br_rad,gas level: bond energies only (no solvent reorganisation)
m062x_gas,Br,BrBz_12345,1,2,BrPh_2345_rad,,,,,-12.41,,3.456,,,Br_rad,gas level: bond energies only (no solvent reorganisation)
m062x_gas,Br,BrBz_12345,2,2,BrPh_2346_rad,,,,,-13.99,,3.456,,,Br_rad,gas level: bond energies only (no solvent reorganisation)
m062x_gas,Br,BrBz_12345,3,1,BrPh_2356_rad,,,,,-15.04,,3.456,,,Br_rad,gas level: bond energies only (no solvent reorganisation)
m062x_gas,Br,BrBz_123456,1,6,BrPh_23456_rad,,,,,-16.9,,3.571,,,Br_rad,gas level: bond energies only (no solvent reorganisation)
m062x_smd,Cl,ClBz_1,1,1,Ph_rad,,,,,-61.21,-1.627,2.853,32.01,,Cl_rad,
m062x_smd,Cl,ClBz_12,1,2,ClPh_2_rad,,,,,-62.83,-1.557,2.981,30.63,,Cl_rad,
m062x_smd,Cl,ClBz_13,1,2,ClPh_3_rad,,,,,-62.37,-1.576,2.982,30.62,,Cl_rad,
m062x_smd,Cl,ClBz_14,1,2,ClPh_4_rad,,,,,-61.79,-1.602,2.983,30.61,,Cl_rad,
m062x_smd,Cl,ClBz_123,1,2,ClPh_23_rad,,,,,-63.93,-1.509,3.1,29.46,,Cl_rad,
m062x_smd,Cl,ClBz_123,2,1,ClPh_26_rad,,,,,-63.37,-1.533,3.1,29.46,,Cl_rad,
m062x_smd,Cl,ClBz_124,1,1,ClPh_24_rad,,,,,-62.5,-1.571,3.101,29.45,,Cl_rad,
m062x_smd,Cl,ClBz_124,2,1,ClPh_25_rad,,,,,-63.02,-1.548,3.101,29.45,,Cl_rad,
m062x_smd,Cl,ClBz_124,4,1,ClPh_34_rad,,,,,-62.1,-1.588,3.101,29.45,,Cl_rad,
m062x_smd,Cl,ClBz_135,1,3,ClPh_35_rad,,,,,-62.72,-1.561,3.101,29.45,,Cl_rad,
m062x_smd,Cl,ClBz_1234,1,2,ClPh_234_rad,,,,,-63.8,-1.514,3.207,28.47,,Cl_rad,
m062x_smd,Cl,ClBz_1234,2,2,ClPh_236_rad,,,,,-64.52,-1.483,3.207,28.47,,Cl_rad,
m062x_smd,Cl,ClBz_1235,1,2,ClPh_235_rad,,,,,-64.55,-1.482,3.209,28.46,,Cl_rad,
m062x_smd,Cl,ClBz_1235,2,1,ClPh_246_rad,,,,,-63.32,-1.535,3.209,28.46,,Cl_rad,
m062x_smd,Cl,ClBz_1235,5,1,ClPh_345_rad,,,,,-62.82,-1.557,3.209,28.46,,Cl_rad,
m062x_smd,Cl,ClBz_1245,1,4,ClPh_245_rad,,,,,-63.8,-1.514,3.208,28.46,,Cl_rad,
m062x_smd,Cl,ClBz_12345,1,2,ClPh_2345_rad,,,,,-64.39,-1.489,3.31,27.59,,Cl_rad,
m062x_smd,Cl,ClBz_12345,2,2,ClPh_2346_rad,,,,,-64.45,-1.486,3.31,27.59,,Cl_rad,
m062x_smd,Cl,ClBz_12345,3,1,ClPh_2356_rad,,,,,-65.01,-1.462,3.31,27.59,,Cl_rad,
m062x_smd,Cl,ClBz_123456,1,6,ClPh_23456_rad,,,,,-65.64,-1.435,3.403,26.83,,Cl_rad,
m062x_smd,Br,BrBz_1,1,1,Ph_rad,,,,,-58.53,-1.743,2.894,31.55,,Br_rad,
m062x_smd,Br,BrBz_12,1,2,BrPh_2_rad,,,,,-61.06,-1.633,3.057,29.87,,Br_rad,
m062x_smd,Br,BrBz_13,1,2,BrPh_3_rad,,,,,-60.07,-1.676,3.055,29.89,,Br_rad,
m062x_smd,Br,BrBz_14,1,2,BrPh_4_rad,,,,,-59.17,-1.715,3.056,29.88,,Br_rad,
m062x_smd,Br,BrBz_123,1,2,BrPh_23_rad,,,,,-62.66,-1.564,3.201,28.53,,Br_rad,
m062x_smd,Br,BrBz_123,2,1,BrPh_26_rad,,,,,-62.59,-1.567,3.201,28.53,,Br_rad,
m062x_smd,Br,BrBz_124,1,1,BrPh_24_rad,,,,,-60.89,-1.641,3.203,28.51,,Br_rad,
m062x_smd,Br,BrBz_124,2,1,BrPh_25_rad,,,,,-61.34,-1.621,3.203,28.51,,Br_rad,
m062x_smd,Br,BrBz_124,4,1,BrPh_34_rad,,,,,-59.73,-1.691,3.203,28.51,,Br_rad,
m062x_smd,Br,BrBz_135,1,3,BrPh_35_rad,,,,,-60.43,-1.66,3.202,28.52,,Br_rad,
m062x_smd,Br,BrBz_1234,1,2,BrPh_234_rad,,,,,-62.91,-1.553,3.334,27.39,,Br_rad,
m062x_smd,Br,BrBz_1234,2,2,BrPh_236_rad,,,,,-64.65,-1.478,3.334,27.39,,Br_rad,
m062x_smd,Br,BrBz_1235,1,2,BrPh_235_rad,,,,,-63.32,-1.535,3.336,27.37,,Br_rad,
m062x_smd,Br,BrBz_1235,2,1,BrPh_246_rad,,,,,-62.44,-1.573,3.336,27.37,,Br_rad,
m062x_smd,Br,BrBz_1235,5,1,BrPh_345_rad,,,,,-60.38,-1.663,3.336,27.37,,Br_rad,
m062x_smd,Br,BrBz_1245,1,4,BrPh_245_rad,,,,,-62.05,-1.59,3.336,27.37,,Br_rad,
m062x_smd,Br,BrBz_12345,1,2,BrPh_2345_rad,,,,,-63.59,-1.523,3.456,26.42,,Br_rad,
m062x_smd,Br,BrBz_12345,2,2,BrPh_2346_rad,,,,,-64.78,-1.472,3.456,26.42,,Br_rad,
m062x_smd,Br,BrBz_12345,3,1,BrPh_2356_rad,,,,,-65.76,-1.429,3.456,26.42,,Br_rad,
m062x_smd,Br,BrBz_123456,1,6,BrPh_23456_rad,,,,,-66.96,-1.377,3.571,25.57,,Br_rad,
