level,parent,halogen,n_X,status,HOMO_eV,LUMO_eV,gap_eV,mu_Koopmans_eV,eta_Koopmans_eV,omega_Koopmans_eV,dipole_D,polar_iso_A3,radius_A,VEA_eV,AEA_elec_eV,VIE_eV,lambda_N_kcal,lambda_A_kcal,lambda_i_kcal,lambda_i_eV,RA_bound,RA_S2,dG_ET_kcal,E_ET_V,min_dG_1e_kcal,min_dG_2e_carbanion_kcal,min_dG_2e_HDH_kcal,n_unique_sites
b3lyp_gas,Bz,,0,ok,-7.051,-0.433,6.617,-3.742,6.617,1.058,0.0,9.734,2.712,,,,,,,,,,,,,,,
b3lyp_gas,ClBz_1,Cl,1,ok,-6.992,-0.824,6.168,-3.908,6.168,1.238,1.881,11.658,2.855,,-0.503,,,,,,True,0.75,10.62,,-4.66,-28.6,-419.07,1
b3lyp_gas,ClBz_12,Cl,2,ok,-7.099,-1.1,5.999,-4.1,5.999,1.401,2.6772,13.505,2.985,,,,,,,,False,0.7525,,,-7.02,-47.71,-423.64,1
b3lyp_gas,ClBz_13,Cl,2,ok,-7.172,-1.157,6.015,-4.164,6.015,1.442,1.7637,13.689,2.984,,,,,,,,False,0.7598,,,-5.76,-40.22,-421.08,1
b3lyp_gas,ClBz_14,Cl,2,ok,-6.991,-1.184,5.807,-4.087,5.807,1.439,0.0,13.71,2.985,,-0.384,,,,,,True,0.7563,4.13,,-5.04,-37.66,-421.48,1
b3lyp_gas,ClBz_123,Cl,3,ok,-7.326,-1.327,5.998,-4.326,5.998,1.56,2.6984,15.455,3.103,,,,,,,,False,0.7582,,,-8.44,-64.33,-426.97,2
b3lyp_gas,ClBz_124,Cl,3,ok,-7.146,-1.427,5.719,-4.286,5.719,1.606,1.3503,15.661,3.104,,,,,,,,False,0.7581,,,-7.05,-56.64,-423.86,3
b3lyp_gas,ClBz_135,Cl,3,ok,-7.472,-1.427,6.045,-4.449,6.045,1.638,0.0,15.819,3.105,,,,,,,,False,0.7588,,,-6.66,-51.1,-422.59,1
b3lyp_gas,ClBz_1234,Cl,4,ok,-7.259,-1.557,5.702,-4.408,5.702,1.704,2.0029,17.498,3.211,,0.831,,,,,,True,0.7562,-22.72,,-9.79,-71.69,-427.94,2
b3lyp_gas,ClBz_1235,Cl,4,ok,-7.326,-1.636,5.69,-4.481,5.69,1.764,0.9391,17.695,3.212,,,,,,,,False,0.7578,,,-8.63,-70.5,-426.74,3
b3lyp_gas,ClBz_1245,Cl,4,ok,-7.223,-1.67,5.553,-4.446,5.553,1.78,0.0,17.725,3.213,,,,,,,,False,0.7548,,,-7.63,-62.59,-425.53,1
b3lyp_gas,ClBz_12345,Cl,5,ok,-7.354,-1.785,5.569,-4.57,5.569,1.875,0.8687,19.632,3.314,,1.067,,,,,,True,0.7561,-28.12,,-10.39,-78.49,-427.83,3
b3lyp_gas,ClBz_123456,Cl,6,ok,-7.479,-1.995,5.483,-4.737,5.483,2.046,0.0,21.635,3.41,,1.225,,,,,,True,0.7571,-34.01,,-11.63,-83.08,-429.78,1
b3lyp_gas,BrBz_1,Br,1,ok,-6.904,-0.84,6.064,-3.872,6.064,1.236,1.8851,12.802,2.896,,,,,,,,False,0.7585,,,-13.36,-37.3,-427.77,1
b3lyp_gas,BrBz_12,Br,2,ok,-7.0,-1.209,5.791,-4.104,5.791,1.454,2.5152,15.672,3.059,,,,,,,,False,0.758,,,-16.65,-59.77,-432.62,1
b3lyp_gas,BrBz_13,Br,2,ok,-7.067,-1.19,5.877,-4.129,5.877,1.45,1.7203,16.048,3.06,,,,,,,,False,0.7589,,,-14.58,-50.97,-429.7,1
b3lyp_gas,BrBz_14,Br,2,ok,-6.888,-1.201,5.687,-4.044,5.687,1.438,0.0,16.132,3.058,,,,,,,,False,0.7584,,,-13.77,-47.41,-430.06,1
b3lyp_gas,BrBz_123,Br,3,ok,-7.173,-1.733,5.441,-4.453,5.441,1.822,2.3907,18.699,3.205,,,,,,,,False,0.7557,,,-19.39,-77.85,-436.61,2
b3lyp_gas,BrBz_124,Br,3,ok,-7.028,-1.525,5.503,-4.276,5.503,1.661,1.201,19.151,3.207,,,,,,,,False,0.7576,,,-16.77,-69.17,-432.76,3
b3lyp_gas,BrBz_135,Br,3,ok,-7.337,-1.638,5.699,-4.487,5.699,1.767,0.0,19.452,3.207,,,,,,,,False,0.7587,,,-15.54,-63.39,-431.09,1
b3lyp_gas,BrBz_1234,Br,4,ok,-7.104,-2.073,5.031,-4.589,5.031,2.092,1.6422,21.928,3.339,,1.307,,,,,,True,0.755,-34.94,,-21.47,-85.55,-438.03,2
b3lyp_gas,BrBz_1235,Br,4,ok,-7.183,-2.044,5.14,-4.613,5.14,2.071,0.6741,22.301,3.34,,1.266,,,,,,True,0.7554,-33.04,,-19.05,-83.8,-436.33,3
b3lyp_gas,BrBz_1245,Br,4,ok,-7.094,-1.863,5.231,-4.479,5.231,1.917,0.0,22.375,3.34,,,,,,,,False,0.7573,,,-17.23,-74.6,-434.37,1
b3lyp_gas,BrBz_12345,Br,5,ok,-7.189,-2.392,4.797,-4.79,4.797,2.392,0.5798,25.244,3.462,,1.56,,,,,,True,0.7542,-40.12,,-22.92,-92.84,-438.31,3
b3lyp_gas,BrBz_123456,Br,6,ok,-7.271,-2.723,4.548,-4.997,4.548,2.745,0.0,28.202,3.576,,1.787,,,,,,True,0.7529,-46.83,,-24.73,-97.23,-440.64,1
b3lyp_smd,Bz,,0,ok,-7.063,-0.436,6.627,-3.749,6.627,1.061,0.0,14.373,2.713,,,,,,,,,,,,,,,
b3lyp_smd,ClBz_1,Cl,1,ok,-6.947,-0.685,6.262,-3.816,6.262,1.163,2.6414,16.65,2.855,,1.214,,,,,,True,0.7605,-34.68,-2.777,-67.58,-151.23,-218.76,1
b3lyp_smd,ClBz_12,Cl,2,ok,-7.028,-0.896,6.131,-3.962,6.131,1.28,3.9655,18.931,2.986,,,,,,,,False,0.7528,,,-70.02,-164.42,-222.98,1
b3lyp_smd,ClBz_13,Cl,2,ok,-7.034,-0.934,6.1,-3.984,6.1,1.301,2.5517,19.037,2.985,,,,,,,,False,0.7573,,,-68.74,-157.01,-220.55,1
b3lyp_smd,ClBz_14,Cl,2,ok,-6.874,-0.933,5.942,-3.903,5.942,1.282,0.0,18.976,2.985,,1.456,,,,,,True,0.7599,-38.68,-2.604,-67.98,-155.14,-220.72,1
b3lyp_smd,ClBz_123,Cl,3,ok,-7.177,-1.099,6.078,-4.138,6.078,1.409,4.1768,21.347,3.104,,2.755,,,,,,True,0.7582,-67.06,-1.373,-71.39,-176.31,-226.5,2
b3lyp_smd,ClBz_124,Cl,3,ok,-7.0,-1.149,5.85,-4.075,5.85,1.419,2.0981,21.4,3.105,,,,,,,,False,0.759,,,-70.09,-168.79,-223.42,3
b3lyp_smd,ClBz_135,Cl,3,ok,-7.256,-1.166,6.09,-4.211,6.09,1.456,0.0048,21.536,3.105,,,,,,,,False,0.7587,,,-69.04,-162.14,-221.85,1
b3lyp_smd,ClBz_1234,Cl,4,ok,-7.115,-1.312,5.803,-4.214,5.803,1.53,3.2574,23.805,3.212,,2.859,,,,,,True,0.758,-69.38,-1.272,-72.75,-180.65,-227.72,2
b3lyp_smd,ClBz_1235,Cl,4,ok,-7.16,-1.362,5.799,-4.261,5.799,1.566,1.6458,23.932,3.213,,,,,,,,False,0.7592,,,-71.79,-179.1,-227.16,3
b3lyp_smd,ClBz_1245,Cl,4,ok,-7.063,-1.372,5.691,-4.217,5.691,1.563,0.0,23.891,3.213,,,,,,,,False,0.7557,,,-70.79,-172.09,-225.58,1
b3lyp_smd,ClBz_12345,Cl,5,ok,-7.204,-1.539,5.665,-4.372,5.665,1.687,1.5536,26.422,3.315,,2.979,,,,,,True,0.7583,-71.62,-1.175,-73.41,-184.82,-227.91,3
b3lyp_smd,ClBz_123456,Cl,6,ok,-7.341,-1.904,5.438,-4.623,5.438,1.965,0.0,29.053,3.41,,3.026,,,,,,True,0.7579,-73.5,-1.094,-74.03,-187.46,-229.4,1
b3lyp_smd,BrBz_1,Br,1,ok,-6.853,-0.708,6.145,-3.781,6.145,1.163,2.6311,17.744,2.897,,,,,,,,False,0.7581,,,-63.58,-147.23,-214.76,1
b3lyp_smd,BrBz_12,Br,2,ok,-6.928,-1.185,5.743,-4.056,5.743,1.432,3.7342,21.101,3.059,,,,,,,,False,0.7587,,,-67.07,-159.51,-219.32,1
b3lyp_smd,BrBz_13,Br,2,ok,-6.943,-1.029,5.914,-3.986,5.914,1.343,2.5523,21.215,3.061,,,,,,,,False,0.7588,,,-65.02,-153.37,-216.62,1
b3lyp_smd,BrBz_14,Br,2,ok,-6.772,-0.992,5.78,-3.882,5.78,1.303,0.0,21.154,3.06,,,,,,,,False,0.7585,,,-64.03,-151.25,-216.7,1
b3lyp_smd,BrBz_123,Br,3,ok,-7.052,-1.696,5.355,-4.374,5.355,1.786,3.7482,24.558,3.205,,,,,,,,False,0.7575,,,-69.77,-171.37,-223.32,2
b3lyp_smd,BrBz_124,Br,3,ok,-6.91,-1.426,5.484,-4.168,5.484,1.584,1.911,24.653,3.208,,,,,,,,False,0.7586,,,-67.31,-164.3,-219.79,3
b3lyp_smd,BrBz_135,Br,3,ok,-7.187,-1.51,5.677,-4.348,5.677,1.665,0.0046,24.783,3.208,,,,,,,,False,0.7591,,,-65.46,-159.14,-217.99,1
b3lyp_smd,BrBz_1234,Br,4,ok,-7.001,-2.018,4.983,-4.509,4.983,2.04,2.7481,28.124,3.339,,2.934,,,,,,True,0.7571,-70.79,-1.211,-72.15,-176.23,-225.04,2
b3lyp_smd,BrBz_1235,Br,4,ok,-7.083,-1.963,5.12,-4.523,5.12,1.998,1.1843,28.233,3.34,,,,,,,,False,0.7572,,,-69.61,-174.73,-223.94,3
b3lyp_smd,BrBz_1245,Br,4,ok,-6.996,-1.758,5.237,-4.377,5.237,1.829,0.0,28.235,3.34,,,,,,,,False,0.7584,,,-67.85,-167.94,-221.89,1
b3lyp_smd,BrBz_12345,Br,5,ok,-7.115,-2.337,4.778,-4.726,4.778,2.337,1.0615,31.828,3.463,,,,,,,,False,0.7557,,,-73.41,-181.46,-225.5,3
b3lyp_smd,BrBz_123456,Br,6,ok,-7.226,-2.69,4.536,-4.958,4.536,2.71,0.0,35.47,3.576,,3.165,,,,,,True,0.7538,-77.05,-0.94,-74.57,-184.25,-227.26,1
m062x_gas,Bz,,0,ok,-8.409,-0.003,8.406,-4.206,8.406,1.052,0.0,9.468,2.711,,,,,,,,,,,,,,,
m062x_gas,ClBz_1,Cl,1,ok,-8.318,-0.093,8.225,-4.206,8.225,1.075,1.8796,11.329,2.852,,,,,,,,False,0.7586,,,2.04,-21.67,-410.6,1
m062x_gas,ClBz_12,Cl,2,ok,-8.413,-0.158,8.255,-4.286,8.255,1.112,2.6928,13.115,2.98,,,,,,,,False,0.757,,,0.5,-39.66,-414.55,1
m062x_gas,ClBz_13,Cl,2,ok,-8.49,-0.212,8.278,-4.351,8.278,1.144,1.7632,13.292,2.981,,-0.51,,,,,,True,0.7587,6.75,,1.01,-32.84,-412.6,1
m062x_gas,ClBz_14,Cl,2,ok,-8.288,-0.236,8.051,-4.262,8.051,1.128,0.0,13.309,2.982,,-0.492,,,,,,True,0.7583,6.5,,1.52,-30.91,-413.02,1
m062x_gas,ClBz_123,Cl,3,ok,-8.655,-0.385,8.27,-4.52,8.27,1.235,2.7258,14.994,3.099,,0.301,,,,,,True,0.7574,-10.37,,-0.5,-55.3,-417.23,2
m062x_gas,ClBz_124,Cl,3,ok,-8.438,-0.491,7.947,-4.465,7.947,1.254,1.362,15.164,3.1,,0.27,,,,,,True,0.7595,-9.94,,0.38,-48.62,-414.84,3
m062x_gas,ClBz_135,Cl,3,ok,-8.804,-0.486,8.318,-4.645,8.318,1.297,0.0,15.262,3.101,,,,,,,,False,0.7615,,,0.09,-43.12,-414.17,1
m062x_gas,ClBz_1234,Cl,4,ok,-8.556,-0.608,7.948,-4.582,7.948,1.321,2.034,16.934,3.207,,0.532,,,,,,True,0.757,-15.59,,-1.21,-62.43,-418.13,2
m062x_gas,ClBz_1235,Cl,4,ok,-8.623,-0.7,7.923,-4.662,7.923,1.372,0.9697,17.124,3.209,,0.502,,,,,,True,0.7588,-15.48,,-1.01,-61.81,-417.08,3
m062x_gas,ClBz_1245,Cl,4,ok,-8.499,-0.745,7.754,-4.622,7.754,1.378,0.0,17.156,3.208,,0.21,,,,,,True,0.7573,-9.35,,-0.27,-54.94,-416.53,1
m062x_gas,ClBz_12345,Cl,5,ok,-8.64,-0.85,7.79,-4.745,7.79,1.445,0.8976,19.001,3.31,,0.762,,,,,,True,0.7565,-20.78,,-1.53,-68.67,-417.97,3
m062x_gas,ClBz_123456,Cl,6,ok,-8.774,-0.948,7.826,-4.861,7.826,1.51,0.0,20.879,3.404,,,,,,,,False,0.7608,,,-2.78,-73.47,-419.86,1
m062x_gas,BrBz_1,Br,1,ok,-8.208,-0.11,8.098,-4.159,8.098,1.068,1.9265,12.404,2.893,,,,,,,,False,0.7654,,,-8.09,-31.81,-420.73,1
m062x_gas,BrBz_12,Br,2,ok,-8.292,-0.275,8.018,-4.283,8.018,1.144,2.5975,15.15,3.056,,,,,,,,False,0.7601,,,-10.44,-52.4,-424.94,1
m062x_gas,BrBz_13,Br,2,ok,-8.364,-0.273,8.091,-4.318,8.091,1.152,1.7605,15.493,3.055,,,,,,,,False,0.7621,,,-9.35,-44.74,-422.85,1
m062x_gas,BrBz_14,Br,2,ok,-8.156,-0.299,7.857,-4.227,7.857,1.137,0.0,15.58,3.055,,,,,,,,False,0.7716,,,-8.65,-42.18,-423.09,1
m062x_gas,BrBz_123,Br,3,ok,-8.48,-0.623,7.857,-4.552,7.857,1.318,2.4861,18.037,3.201,,,,,,,,False,0.7571,,,-12.02,-69.55,-428.0,2
m062x_gas,BrBz_124,Br,3,ok,-8.295,-0.546,7.75,-4.42,7.75,1.261,1.2472,18.455,3.201,,,,,,,,False,0.759,,,-10.52,-62.05,-425.07,3
m062x_gas,BrBz_135,Br,3,ok,-8.651,-0.587,8.064,-4.619,8.064,1.323,0.0,18.725,3.201,,,,,,,,False,0.7605,,,-10.28,-56.2,-424.28,1
m062x_gas,BrBz_1234,Br,4,ok,-8.376,-0.942,7.434,-4.659,7.434,1.46,1.7297,21.107,3.333,,1.04,,,,,,True,0.7564,-27.13,,-13.81,-76.91,-429.38,2
m062x_gas,BrBz_1235,Br,4,ok,-8.457,-0.9,7.557,-4.678,7.557,1.448,0.7308,21.451,3.336,,1.015,,,,,,True,0.7566,-26.42,,-12.37,-75.93,-427.67,3
m062x_gas,BrBz_1245,Br,4,ok,-8.35,-0.794,7.556,-4.572,7.556,1.383,0.0,21.516,3.336,,,,,,,,False,0.7587,,,-11.14,-68.02,-426.76,1
m062x_gas,BrBz_12345,Br,5,ok,-8.453,-1.255,7.199,-4.854,7.199,1.637,0.6369,24.243,3.456,,1.278,,,,,,True,0.7559,-32.43,,-15.04,-83.45,-429.63,3
m062x_gas,BrBz_123456,Br,6,ok,-8.548,-1.601,6.947,-5.074,6.947,1.853,0.0,27.06,3.571,,1.451,,,,,,True,0.7568,-39.5,,-16.9,-88.01,-432.03,1
m062x_smd,Bz,,0,ok,-8.451,0.168,8.619,-4.141,8.619,0.995,0.0,13.937,2.712,,,,,,,,,,,,,,,
m062x_smd,ClBz_1,Cl,1,ok,-8.298,0.105,8.403,-4.097,8.403,0.999,2.6056,16.126,2.853,,,,,,,,False,0.7587,,,-61.21,-146.13,-210.83,1
m062x_smd,ClBz_12,Cl,2,ok,-8.365,0.019,8.384,-4.173,8.384,1.039,3.9358,18.314,2.981,,1.409,,,,,,True,0.7582,-37.86,-2.639,-62.83,-158.44,-214.38,1
m062x_smd,ClBz_13,Cl,2,ok,-8.376,-0.02,8.356,-4.198,8.356,1.055,2.522,18.414,2.982,,1.449,,,,,,True,0.759,-37.89,-2.638,-62.37,-151.7,-212.64,1
m062x_smd,ClBz_14,Cl,2,ok,-8.194,-0.014,8.179,-4.104,8.179,1.03,0.0,18.355,2.983,,1.449,,,,,,True,0.7587,-40.22,-2.537,-61.79,-150.05,-212.81,1
m062x_smd,ClBz_123,Cl,3,ok,-8.526,-0.179,8.347,-4.352,8.347,1.135,4.1613,20.619,3.1,,,,,,,,False,0.7648,,,-63.93,-169.47,-217.19,2
m062x_smd,ClBz_124,Cl,3,ok,-8.315,-0.241,8.074,-4.278,8.074,1.133,2.0866,20.664,3.101,,,,,,,,False,0.7641,,,-63.02,-162.81,-214.89,3
m062x_smd,ClBz_135,Cl,3,ok,-8.611,-0.254,8.357,-4.432,8.357,1.175,0.0049,20.795,3.101,,,,,,,,False,0.7634,,,-62.72,-156.58,-213.98,1
m062x_smd,ClBz_1234,Cl,4,ok,-8.432,-0.382,8.05,-4.407,8.05,1.206,3.2567,22.945,3.207,,2.586,,,,,,True,0.7612,-62.93,-1.552,-64.52,-173.63,-218.37,2
m062x_smd,ClBz_1235,Cl,4,ok,-8.479,-0.449,8.03,-4.464,8.03,1.241,1.6613,23.071,3.209,,,,,,,,False,0.765,,,-64.55,-172.48,-217.93,3
m062x_smd,ClBz_1245,Cl,4,ok,-8.362,-0.47,7.892,-4.416,7.892,1.235,0.0,23.016,3.208,,1.905,,,,,,True,0.7578,-48.54,-2.176,-63.8,-166.28,-217.06,1
m062x_smd,ClBz_12345,Cl,5,ok,-8.511,-0.622,7.888,-4.566,7.888,1.322,1.5676,25.447,3.31,,2.698,,,,,,True,0.7598,-65.34,-1.448,-65.01,-177.44,-218.52,3
m062x_smd,ClBz_123456,Cl,6,ok,-8.656,-0.78,7.876,-4.718,7.876,1.413,0.0,27.9,3.403,,,,,,,,False,0.7615,,,-65.64,-180.17,-220.0,1
m062x_smd,BrBz_1,Br,1,ok,-8.177,0.108,8.285,-4.034,8.285,0.982,2.6436,17.124,2.894,,,,,,,,False,0.7616,,,-58.53,-143.45,-208.14,1
m062x_smd,BrBz_12,Br,2,ok,-8.236,-0.141,8.095,-4.189,8.095,1.084,3.7852,20.301,3.057,,,,,,,,False,0.7543,,,-61.06,-154.51,-211.96,1
m062x_smd,BrBz_13,Br,2,ok,-8.255,-0.101,8.154,-4.178,8.154,1.07,2.5714,20.383,3.055,,,,,,,,False,0.756,,,-60.07,-149.49,-210.21,1
m062x_smd,BrBz_14,Br,2,ok,-8.054,-0.129,7.925,-4.092,7.925,1.056,0.0,20.345,3.056,,1.454,,,,,,True,0.7575,-38.03,-2.632,-59.17,-147.54,-210.15,1
m062x_smd,BrBz_123,Br,3,ok,-8.369,-0.575,7.794,-4.472,7.794,1.283,3.8203,23.564,3.201,,,,,,,,False,0.7592,,,-62.66,-165.15,-214.95,2
m062x_smd,BrBz_124,Br,3,ok,-8.19,-0.355,7.835,-4.273,7.835,1.165,1.9459,23.633,3.203,,,,,,,,False,0.7612,,,-61.34,-159.44,-212.51,3
m062x_smd,BrBz_135,Br,3,ok,-8.514,-0.424,8.09,-4.469,8.09,1.234,0.0061,23.73,3.202,,,,,,,,False,0.7652,,,-60.43,-154.81,-211.53,1
m062x_smd,BrBz_1234,Br,4,ok,-8.283,-0.889,7.394,-4.586,7.394,1.422,2.8242,26.916,3.334,,2.701,,,,,,True,0.7581,-65.62,-1.435,-64.65,-169.69,-216.6,2
m062x_smd,BrBz_1235,Br,4,ok,-8.368,-0.825,7.543,-4.597,7.543,1.401,1.2349,26.998,3.336,,,,,,,,False,0.7587,,,-63.32,-168.77,-215.63,3
m062x_smd,BrBz_1245,Br,4,ok,-8.263,-0.646,7.617,-4.455,7.617,1.303,0.0,26.99,3.336,,,,,,,,False,0.7542,,,-62.05,-163.23,-214.59,1
m062x_smd,BrBz_12345,Br,5,ok,-8.39,-1.206,7.184,-4.798,7.184,1.602,1.1177,30.362,3.456,,2.867,,,,,,True,0.7573,-68.74,-1.3,-65.76,-174.28,-217.12,3
m062x_smd,BrBz_123456,Br,6,ok,-8.511,-1.572,6.939,-5.042,6.939,1.832,0.0,33.781,3.571,,2.941,,,,,,True,0.7569,-70.99,-1.203,-66.96,-176.96,-218.95,1
