level,name,halogen,n_X,LUMO_Eh,LUMO_eV,HOMO_Eh,status
b3lyp_gas,Bz,,0,-0.01593,-0.4335,-0.25911,ok
b3lyp_gas,ClBz_1,Cl,1,-0.03027,-0.8237,-0.25694,ok
b3lyp_gas,ClBz_12,Cl,2,-0.04043,-1.1002,-0.2609,ok
b3lyp_gas,ClBz_13,Cl,2,-0.04252,-1.157,-0.26355,ok
b3lyp_gas,ClBz_14,Cl,2,-0.04351,-1.184,-0.2569,ok
b3lyp_gas,ClBz_123,Cl,3,-0.04877,-1.3271,-0.26921,ok
b3lyp_gas,ClBz_124,Cl,3,-0.05243,-1.4267,-0.26261,ok
b3lyp_gas,ClBz_135,Cl,3,-0.05244,-1.427,-0.27458,ok
b3lyp_gas,ClBz_1234,Cl,4,-0.05722,-1.557,-0.26675,ok
b3lyp_gas,ClBz_1235,Cl,4,-0.06011,-1.6357,-0.26923,ok
b3lyp_gas,ClBz_1245,Cl,4,-0.06136,-1.6697,-0.26543,ok
b3lyp_gas,ClBz_12345,Cl,5,-0.0656,-1.7851,-0.27026,ok
b3lyp_gas,ClBz_123456,Cl,6,-0.07332,-1.9951,-0.27483,ok
b3lyp_gas,BrBz_1,Br,1,-0.03086,-0.8397,-0.25372,ok
b3lyp_gas,BrBz_12,Br,2,-0.04442,-1.2087,-0.25723,ok
b3lyp_gas,BrBz_13,Br,2,-0.04375,-1.1905,-0.25971,ok
b3lyp_gas,BrBz_14,Br,2,-0.04414,-1.2011,-0.25312,ok
b3lyp_gas,BrBz_123,Br,3,-0.06367,-1.7325,-0.26361,ok
b3lyp_gas,BrBz_124,Br,3,-0.05603,-1.5247,-0.25826,ok
b3lyp_gas,BrBz_135,Br,3,-0.06019,-1.6379,-0.26962,ok
b3lyp_gas,BrBz_1234,Br,4,-0.07618,-2.073,-0.26107,ok
b3lyp_gas,BrBz_1235,Br,4,-0.0751,-2.0436,-0.26398,ok
b3lyp_gas,BrBz_1245,Br,4,-0.06846,-1.8629,-0.26071,ok
b3lyp_gas,BrBz_12345,Br,5,-0.08789,-2.3916,-0.26418,ok
b3lyp_gas,BrBz_123456,Br,6,-0.10006,-2.7228,-0.26721,ok
b3lyp_smd,Bz,,0,-0.01601,-0.4357,-0.25955,ok
b3lyp_smd,ClBz_1,Cl,1,-0.02518,-0.6852,-0.25529,ok
b3lyp_smd,ClBz_12,Cl,2,-0.03294,-0.8963,-0.25826,ok
b3lyp_smd,ClBz_13,Cl,2,-0.03431,-0.9336,-0.25848,ok
b3lyp_smd,ClBz_14,Cl,2,-0.03427,-0.9325,-0.25262,ok
b3lyp_smd,ClBz_123,Cl,3,-0.04039,-1.0991,-0.26376,ok
b3lyp_smd,ClBz_124,Cl,3,-0.04224,-1.1494,-0.25724,ok
b3lyp_smd,ClBz_135,Cl,3,-0.04285,-1.166,-0.26667,ok
b3lyp_smd,ClBz_1234,Cl,4,-0.04821,-1.3119,-0.26148,ok
b3lyp_smd,ClBz_1235,Cl,4,-0.05004,-1.3617,-0.26314,ok
b3lyp_smd,ClBz_1245,Cl,4,-0.05042,-1.372,-0.25955,ok
b3lyp_smd,ClBz_12345,Cl,5,-0.05657,-1.5393,-0.26474,ok
b3lyp_smd,ClBz_123456,Cl,6,-0.06996,-1.9037,-0.26979,ok
b3lyp_smd,BrBz_1,Br,1,-0.02602,-0.708,-0.25185,ok
b3lyp_smd,BrBz_12,Br,2,-0.04354,-1.1848,-0.25459,ok
b3lyp_smd,BrBz_13,Br,2,-0.03782,-1.0291,-0.25515,ok
b3lyp_smd,BrBz_14,Br,2,-0.03644,-0.9916,-0.24885,ok
b3lyp_smd,BrBz_123,Br,3,-0.06233,-1.6961,-0.25914,ok
b3lyp_smd,BrBz_124,Br,3,-0.05239,-1.4256,-0.25392,ok
b3lyp_smd,BrBz_135,Br,3,-0.05549,-1.51,-0.26411,ok
b3lyp_smd,BrBz_1234,Br,4,-0.07415,-2.0177,-0.25728,ok
b3lyp_smd,BrBz_1235,Br,4,-0.07215,-1.9633,-0.26029,ok
b3lyp_smd,BrBz_1245,Br,4,-0.06462,-1.7584,-0.25708,ok
b3lyp_smd,BrBz_12345,Br,5,-0.08589,-2.3372,-0.26147,ok
b3lyp_smd,BrBz_123456,Br,6,-0.09886,-2.6901,-0.26554,ok
m062x_gas,Bz,,0,-0.00011,-0.003,-0.30902,ok
m062x_gas,ClBz_1,Cl,1,-0.00342,-0.0931,-0.30569,ok
m062x_gas,ClBz_12,Cl,2,-0.00581,-0.1581,-0.30918,ok
m062x_gas,ClBz_13,Cl,2,-0.0078,-0.2122,-0.312,ok
m062x_gas,ClBz_14,Cl,2,-0.00869,-0.2365,-0.30457,ok
m062x_gas,ClBz_123,Cl,3,-0.01415,-0.385,-0.31805,ok
m062x_gas,ClBz_124,Cl,3,-0.01805,-0.4912,-0.31009,ok
m062x_gas,ClBz_135,Cl,3,-0.01785,-0.4857,-0.32354,ok
m062x_gas,ClBz_1234,Cl,4,-0.02235,-0.6082,-0.31443,ok
m062x_gas,ClBz_1235,Cl,4,-0.02574,-0.7004,-0.3169,ok
m062x_gas,ClBz_1245,Cl,4,-0.02739,-0.7453,-0.31234,ok
m062x_gas,ClBz_12345,Cl,5,-0.03124,-0.8501,-0.31752,ok
m062x_gas,ClBz_123456,Cl,6,-0.03483,-0.9478,-0.32243,ok
m062x_gas,BrBz_1,Br,1,-0.00406,-0.1105,-0.30164,ok
m062x_gas,BrBz_12,Br,2,-0.01009,-0.2746,-0.30473,ok
m062x_gas,BrBz_13,Br,2,-0.01003,-0.2729,-0.30737,ok
m062x_gas,BrBz_14,Br,2,-0.01097,-0.2985,-0.29972,ok
m062x_gas,BrBz_123,Br,3,-0.02289,-0.6229,-0.31164,ok
m062x_gas,BrBz_124,Br,3,-0.02005,-0.5456,-0.30485,ok
m062x_gas,BrBz_135,Br,3,-0.02158,-0.5872,-0.31791,ok
m062x_gas,BrBz_1234,Br,4,-0.03462,-0.9421,-0.3078,ok
m062x_gas,BrBz_1235,Br,4,-0.03306,-0.8996,-0.31079,ok
m062x_gas,BrBz_1245,Br,4,-0.02918,-0.794,-0.30685,ok
m062x_gas,BrBz_12345,Br,5,-0.04612,-1.255,-0.31066,ok
m062x_gas,BrBz_123456,Br,6,-0.05883,-1.6008,-0.31412,ok
m062x_smd,Bz,,0,0.00618,0.1682,-0.31057,ok
m062x_smd,ClBz_1,Cl,1,0.00386,0.105,-0.30496,ok
m062x_smd,ClBz_12,Cl,2,0.0007,0.019,-0.30741,ok
m062x_smd,ClBz_13,Cl,2,-0.00074,-0.0201,-0.3078,ok
m062x_smd,ClBz_14,Cl,2,-0.00053,-0.0144,-0.30112,ok
m062x_smd,ClBz_123,Cl,3,-0.00657,-0.1788,-0.31332,ok
m062x_smd,ClBz_124,Cl,3,-0.00884,-0.2405,-0.30556,ok
m062x_smd,ClBz_135,Cl,3,-0.00932,-0.2536,-0.31645,ok
m062x_smd,ClBz_1234,Cl,4,-0.01404,-0.382,-0.30987,ok
m062x_smd,ClBz_1235,Cl,4,-0.01651,-0.4493,-0.31161,ok
m062x_smd,ClBz_1245,Cl,4,-0.01727,-0.4699,-0.30729,ok
m062x_smd,ClBz_12345,Cl,5,-0.02287,-0.6223,-0.31276,ok
m062x_smd,ClBz_123456,Cl,6,-0.02866,-0.7799,-0.3181,ok
m062x_smd,BrBz_1,Br,1,0.00397,0.108,-0.30049,ok
m062x_smd,BrBz_12,Br,2,-0.00519,-0.1412,-0.30268,ok
m062x_smd,BrBz_13,Br,2,-0.00372,-0.1012,-0.30337,ok
m062x_smd,BrBz_14,Br,2,-0.00475,-0.1293,-0.29598,ok
m062x_smd,BrBz_123,Br,3,-0.02113,-0.575,-0.30755,ok
m062x_smd,BrBz_124,Br,3,-0.01305,-0.3551,-0.30099,ok
m062x_smd,BrBz_135,Br,3,-0.01558,-0.424,-0.31288,ok
m062x_smd,BrBz_1234,Br,4,-0.03266,-0.8887,-0.30438,ok
m062x_smd,BrBz_1235,Br,4,-0.03033,-0.8253,-0.30753,ok
m062x_smd,BrBz_1245,Br,4,-0.02375,-0.6463,-0.30367,ok
m062x_smd,BrBz_12345,Br,5,-0.04433,-1.2063,-0.30834,ok
m062x_smd,BrBz_123456,Br,6,-0.05778,-1.5723,-0.31277,ok
