level,halogen,parent,site,degeneracy,E0_ET_V (ArX/ArX.-),E0_DET_V (ArX/Ar.+X-),lambda0_kcal,lambda_i_kcal,lambda_ET_total_kcal,dG0_act_ET_kcal (lambda_ET/4),dG_act_frag_kcal (TS - ArX.-),dG0_act_concerted_kcal,dG_act_stepwise_kcal @ -1.00 V,dG_act_concerted_kcal @ -1.00 V,favored @ -1.00 V,dG_act_stepwise_kcal @ -1.50 V,dG_act_concerted_kcal @ -1.50 V,favored @ -1.50 V,dG_act_stepwise_kcal @ -2.00 V,dG_act_concerted_kcal @ -2.00 V,favored @ -2.00 V,notes
m062x_smd,Cl,ClBz_1,1,1,-2.869,-1.627,32.01,,32.01,8.0,,31.76,,39.4,concerted,,33.24,concerted,,27.6,concerted,"lambda_i not used (sp stage missing, or RA is not a pi radical anion): ET barrier uses lambda0 only; stepwise TS unavailable (missing)"
m062x_smd,Cl,ClBz_12,1,2,-2.639,-1.557,30.63,,30.63,7.66,,31.15,,37.9,concerted,,31.81,concerted,,26.25,concerted,"lambda_i not used (sp stage missing, or RA is not a pi radical anion): ET barrier uses lambda0 only; stepwise TS unavailable (missing)"
m062x_smd,Cl,ClBz_13,1,2,-2.638,-1.576,30.62,13.72,44.34,11.08,,31.23,,38.23,concerted,,32.12,concerted,,26.54,concerted,stepwise TS unavailable (missing)
m062x_smd,Cl,ClBz_14,1,2,-2.537,-1.602,30.61,13.3,43.91,10.98,,31.38,,38.7,concerted,,32.56,concerted,,26.95,concerted,stepwise TS unavailable (missing)
m062x_smd,Cl,ClBz_123,1,2,,-1.509,29.46,,29.46,7.37,,30.6,,36.75,concerted,,30.7,concerted,,25.2,concerted,radical anion unbound at this level: concerted only
m062x_smd,Cl,ClBz_123,2,1,,-1.533,29.46,,29.46,7.37,,30.67,,37.13,concerted,,31.05,concerted,,25.52,concerted,radical anion unbound at this level: concerted only
m062x_smd,Cl,ClBz_124,1,1,,-1.571,29.45,,29.45,7.36,,30.84,,37.78,concerted,,31.67,concerted,,26.09,concerted,radical anion unbound at this level: concerted only
m062x_smd,Cl,ClBz_124,2,1,,-1.548,29.45,,29.45,7.36,,30.72,,37.36,concerted,,31.28,concerted,,25.73,concerted,radical anion unbound at this level: concerted only
m062x_smd,Cl,ClBz_124,4,1,,-1.588,29.45,,29.45,7.36,,30.91,,38.06,concerted,,31.93,concerted,,26.34,concerted,radical anion unbound at this level: concerted only
m062x_smd,Cl,ClBz_135,1,3,,-1.561,29.45,,29.45,7.36,,30.76,,37.56,concerted,,31.46,concerted,,25.9,concerted,radical anion unbound at this level: concerted only
m062x_smd,Cl,ClBz_1234,1,2,-1.552,-1.514,28.47,,28.47,7.12,,30.36,,36.59,concerted,,30.53,concerted,,25.02,concerted,"lambda_i not used (sp stage missing, or RA is not a pi radical anion): ET barrier uses lambda0 only; stepwise TS unavailable (missing)"
m062x_smd,Cl,ClBz_1234,2,2,-1.552,-1.483,28.47,,28.47,7.12,,30.23,,36.05,concerted,,30.03,concerted,,24.56,concerted,"lambda_i not used (sp stage missing, or RA is not a pi radical anion): ET barrier uses lambda0 only; stepwise TS unavailable (missing)"
m062x_smd,Cl,ClBz_1235,1,2,,-1.482,28.46,,28.46,7.12,,30.2,,36.02,concerted,,30.0,concerted,,24.53,concerted,radical anion unbound at this level: concerted only
m062x_smd,Cl,ClBz_1235,2,1,,-1.535,28.46,,28.46,7.12,,30.43,,36.92,concerted,,30.84,concerted,,25.31,concerted,radical anion unbound at this level: concerted only
m062x_smd,Cl,ClBz_1235,5,1,,-1.557,28.46,,28.46,7.12,,30.49,,37.25,concerted,,31.15,concerted,,25.59,concerted,radical anion unbound at this level: concerted only
m062x_smd,Cl,ClBz_1245,1,4,-2.176,-1.514,28.46,19.45,47.91,11.98,,30.47,,36.69,concerted,,30.63,concerted,,25.13,concerted,stepwise TS unavailable (missing)
m062x_smd,Cl,ClBz_12345,1,2,-1.448,-1.489,27.59,,27.59,6.9,,30.01,,35.91,concerted,,29.88,concerted,,24.4,concerted,"lambda_i not used (sp stage missing, or RA is not a pi radical anion): ET barrier uses lambda0 only; stepwise TS unavailable (missing)"
m062x_smd,Cl,ClBz_12345,2,2,-1.448,-1.486,27.59,,27.59,6.9,,30.01,,35.88,concerted,,29.85,concerted,,24.38,concerted,"lambda_i not used (sp stage missing, or RA is not a pi radical anion): ET barrier uses lambda0 only; stepwise TS unavailable (missing)"
m062x_smd,Cl,ClBz_12345,3,1,-1.448,-1.462,27.59,,27.59,6.9,,29.79,,35.35,concerted,,29.35,concerted,,23.91,concerted,"lambda_i not used (sp stage missing, or RA is not a pi radical anion): ET barrier uses lambda0 only; stepwise TS unavailable (missing)"
m062x_smd,Cl,ClBz_123456,1,6,-1.543,-1.435,26.83,,26.83,6.71,,29.54,,34.77,concerted,,28.8,concerted,,23.39,concerted,"lambda_i not used (sp stage missing, or RA is not a pi radical anion): ET barrier uses lambda0 only; stepwise TS unavailable (missing)"
m062x_smd,Br,BrBz_1,1,1,,-1.743,31.55,,31.55,7.89,,27.21,,36.45,concerted,,30.08,concerted,,24.32,concerted,radical anion unbound at this level: concerted only
m062x_smd,Br,BrBz_12,1,2,,-1.633,29.87,,29.87,7.47,,26.31,,34.11,concerted,,27.86,concerted,,22.24,concerted,radical anion unbound at this level: concerted only
m062x_smd,Br,BrBz_13,1,2,,-1.676,29.89,,29.89,7.47,,26.53,,34.9,concerted,,28.6,concerted,,22.93,concerted,radical anion unbound at this level: concerted only
m062x_smd,Br,BrBz_14,1,2,-2.632,-1.715,29.88,,29.88,7.47,,26.73,,35.61,concerted,,29.26,concerted,,23.54,concerted,"lambda_i not used (sp stage missing, or RA is not a pi radical anion): ET barrier uses lambda0 only; stepwise TS unavailable (missing)"
m062x_smd,Br,BrBz_123,1,2,,-1.564,28.53,,28.53,7.13,,25.57,,32.49,concerted,,26.32,concerted,,20.79,concerted,radical anion unbound at this level: concerted only
m062x_smd,Br,BrBz_123,2,1,,-1.567,28.53,,28.53,7.13,,25.52,,32.47,concerted,,26.29,concerted,,20.77,concerted,radical anion unbound at this level: concerted only
m062x_smd,Br,BrBz_124,1,1,,-1.641,28.51,,28.51,7.13,,25.93,,33.84,concerted,,27.58,concerted,,21.95,concerted,radical anion unbound at this level: concerted only
m062x_smd,Br,BrBz_124,2,1,,-1.621,28.51,,28.51,7.13,,25.79,,33.45,concerted,,27.21,concerted,,21.61,concerted,radical anion unbound at this level: concerted only
m062x_smd,Br,BrBz_124,4,1,,-1.691,28.51,,28.51,7.13,,26.16,,34.73,concerted,,28.41,concerted,,22.72,concerted,radical anion unbound at this level: concerted only
m062x_smd,Br,BrBz_135,1,3,,-1.66,28.52,,28.52,7.13,,25.98,,34.15,concerted,,27.86,concerted,,22.21,concerted,radical anion unbound at this level: concerted only
m062x_smd,Br,BrBz_1234,1,2,-1.435,-1.553,27.39,,27.39,6.85,,25.24,,32.02,concerted,,25.85,concerted,,20.35,concerted,"lambda_i not used (sp stage missing, or RA is not a pi radical anion): ET barrier uses lambda0 only; stepwise TS unavailable (missing)"
m062x_smd,Br,BrBz_1234,2,2,-1.435,-1.478,27.39,,27.39,6.85,,24.86,,30.67,concerted,,24.6,concerted,,19.2,concerted,"lambda_i not used (sp stage missing, or RA is not a pi radical anion): ET barrier uses lambda0 only; stepwise TS unavailable (missing)"
m062x_smd,Br,BrBz_1235,1,2,,-1.535,27.37,,27.37,6.84,,25.11,,31.66,concerted,,25.52,concerted,,20.04,concerted,radical anion unbound at this level: concerted only
m062x_smd,Br,BrBz_1235,2,1,,-1.573,27.37,,27.37,6.84,,25.25,,32.29,concerted,,26.1,concerted,,20.57,concerted,radical anion unbound at this level: concerted only
m062x_smd,Br,BrBz_1235,5,1,,-1.663,27.37,,27.37,6.84,,25.7,,33.9,concerted,,27.61,concerted,,21.95,concerted,radical anion unbound at this level: concerted only
m062x_smd,Br,BrBz_1245,1,4,,-1.59,27.37,,27.37,6.84,,25.53,,32.79,concerted,,26.58,concerted,,21.02,concerted,radical anion unbound at this level: concerted only
m062x_smd,Br,BrBz_12345,1,2,-1.3,-1.523,26.42,,26.42,6.61,,24.83,,31.23,concerted,,25.1,concerted,,19.63,concerted,"lambda_i not used (sp stage missing, or RA is not a pi radical anion): ET barrier uses lambda0 only; stepwise TS unavailable (missing)"
m062x_smd,Br,BrBz_12345,2,2,-1.3,-1.472,26.42,,26.42,6.61,,24.59,,30.33,concerted,,24.26,concerted,,18.88,concerted,"lambda_i not used (sp stage missing, or RA is not a pi radical anion): ET barrier uses lambda0 only; stepwise TS unavailable (missing)"
m062x_smd,Br,BrBz_12345,3,1,-1.3,-1.429,26.42,,26.42,6.61,,24.24,,29.44,concerted,,23.43,concerted,,18.1,concerted,"lambda_i not used (sp stage missing, or RA is not a pi radical anion): ET barrier uses lambda0 only; stepwise TS unavailable (missing)"
m062x_smd,Br,BrBz_123456,1,6,-1.203,-1.377,25.57,27.77,53.34,13.33,,23.84,,28.39,concerted,,22.45,concerted,,17.2,concerted,stepwise TS unavailable (missing)
m062x_smd,Br,BDE_24_24,2,2,,,,,,,,,,,,,,,,,,"lambda_i not used (sp stage missing, or RA is not a pi radical anion): ET barrier uses lambda0 only; stepwise TS unavailable (missing)"
m062x_smd,Br,BDE_24_24,4,2,,,,,,,,,,,,,,,,,,"lambda_i not used (sp stage missing, or RA is not a pi radical anion): ET barrier uses lambda0 only; stepwise TS unavailable (missing)"
m062x_smd,Br,BDE_245_24,2,1,,,,,,,,,,,,,,,,,,"lambda_i not used (sp stage missing, or RA is not a pi radical anion): ET barrier uses lambda0 only; stepwise TS unavailable (missing)"
m062x_smd,Br,BDE_245_24,4,1,,,,,,,,,,,,,,,,,,"lambda_i not used (sp stage missing, or RA is not a pi radical anion): ET barrier uses lambda0 only; stepwise TS unavailable (missing)"
m062x_smd,Br,BDE_245_24,5,1,,,,,,,,,,,,,,,,,,"lambda_i not used (sp stage missing, or RA is not a pi radical anion): ET barrier uses lambda0 only; stepwise TS unavailable (missing)"
m062x_smd,Br,BDE_245_24,2p,1,,,,,,,,,,,,,,,,,,"lambda_i not used (sp stage missing, or RA is not a pi radical anion): ET barrier uses lambda0 only; stepwise TS unavailable (missing)"
m062x_smd,Br,BDE_245_24,4p,1,,,,,,,,,,,,,,,,,,"lambda_i not used (sp stage missing, or RA is not a pi radical anion): ET barrier uses lambda0 only; stepwise TS unavailable (missing)"
