level,parent,site,degeneracy,aryl_radical,ArH_product,frac_stepwise_TS,frac_concerted @ -1.00 V,frac_combined @ -1.00 V,frac_concerted @ -1.50 V,frac_combined @ -1.50 V,frac_concerted @ -2.00 V,frac_combined @ -2.00 V
b3lyp_gas,ClBz_1,1,1,Ph_rad,Bz,,,,,,,
b3lyp_gas,ClBz_12,1,2,ClPh_2_rad,ClBz_1,,,,,,,
b3lyp_gas,ClBz_13,1,2,ClPh_3_rad,ClBz_1,,,,,,,
b3lyp_gas,ClBz_14,1,2,ClPh_4_rad,ClBz_1,,,,,,,
b3lyp_gas,ClBz_123,1,2,ClPh_23_rad,ClBz_12,,,,,,,
b3lyp_gas,ClBz_123,2,1,ClPh_26_rad,ClBz_13,,,,,,,
b3lyp_gas,ClBz_124,1,1,ClPh_24_rad,ClBz_13,,,,,,,
b3lyp_gas,ClBz_124,2,1,ClPh_25_rad,ClBz_14,,,,,,,
b3lyp_gas,ClBz_124,4,1,ClPh_34_rad,ClBz_12,,,,,,,
b3lyp_gas,ClBz_135,1,3,ClPh_35_rad,ClBz_13,,,,,,,
b3lyp_gas,ClBz_1234,1,2,ClPh_234_rad,ClBz_123,,,,,,,
b3lyp_gas,ClBz_1234,2,2,ClPh_236_rad,ClBz_124,,,,,,,
b3lyp_gas,ClBz_1235,1,2,ClPh_235_rad,ClBz_124,,,,,,,
b3lyp_gas,ClBz_1235,2,1,ClPh_246_rad,ClBz_135,,,,,,,
b3lyp_gas,ClBz_1235,5,1,ClPh_345_rad,ClBz_123,,,,,,,
b3lyp_gas,ClBz_1245,1,4,ClPh_245_rad,ClBz_124,,,,,,,
b3lyp_gas,ClBz_12345,1,2,ClPh_2345_rad,ClBz_1234,,,,,,,
b3lyp_gas,ClBz_12345,2,2,ClPh_2346_rad,ClBz_1235,,,,,,,
b3lyp_gas,ClBz_12345,3,1,ClPh_2356_rad,ClBz_1245,,,,,,,
b3lyp_gas,ClBz_123456,1,6,ClPh_23456_rad,ClBz_12345,,,,,,,
b3lyp_gas,BrBz_1,1,1,Ph_rad,Bz,,,,,,,
b3lyp_gas,BrBz_12,1,2,BrPh_2_rad,BrBz_1,,,,,,,
b3lyp_gas,BrBz_13,1,2,BrPh_3_rad,BrBz_1,,,,,,,
b3lyp_gas,BrBz_14,1,2,BrPh_4_rad,BrBz_1,,,,,,,
b3lyp_gas,BrBz_123,1,2,BrPh_23_rad,BrBz_12,,,,,,,
b3lyp_gas,BrBz_123,2,1,BrPh_26_rad,BrBz_13,,,,,,,
b3lyp_gas,BrBz_124,1,1,BrPh_24_rad,BrBz_13,,,,,,,
b3lyp_gas,BrBz_124,2,1,BrPh_25_rad,BrBz_14,,,,,,,
b3lyp_gas,BrBz_124,4,1,BrPh_34_rad,BrBz_12,,,,,,,
b3lyp_gas,BrBz_135,1,3,BrPh_35_rad,BrBz_13,,,,,,,
b3lyp_gas,BrBz_1234,1,2,BrPh_234_rad,BrBz_123,,,,,,,
b3lyp_gas,BrBz_1234,2,2,BrPh_236_rad,BrBz_124,,,,,,,
b3lyp_gas,BrBz_1235,1,2,BrPh_235_rad,BrBz_124,,,,,,,
b3lyp_gas,BrBz_1235,2,1,BrPh_246_rad,BrBz_135,,,,,,,
b3lyp_gas,BrBz_1235,5,1,BrPh_345_rad,BrBz_123,,,,,,,
b3lyp_gas,BrBz_1245,1,4,BrPh_245_rad,BrBz_124,,,,,,,
b3lyp_gas,BrBz_12345,1,2,BrPh_2345_rad,BrBz_1234,,,,,,,
b3lyp_gas,BrBz_12345,2,2,BrPh_2346_rad,BrBz_1235,,,,,,,
b3lyp_gas,BrBz_12345,3,1,BrPh_2356_rad,BrBz_1245,,,,,,,
b3lyp_gas,BrBz_123456,1,6,BrPh_23456_rad,BrBz_12345,,,,,,,
b3lyp_smd,ClBz_1,1,1,Ph_rad,Bz,,1.0,,1.0,,1.0,
b3lyp_smd,ClBz_12,1,2,ClPh_2_rad,ClBz_1,,1.0,,1.0,,1.0,
b3lyp_smd,ClBz_13,1,2,ClPh_3_rad,ClBz_1,,1.0,,1.0,,1.0,
b3lyp_smd,ClBz_14,1,2,ClPh_4_rad,ClBz_1,,1.0,,1.0,,1.0,
b3lyp_smd,ClBz_123,1,2,ClPh_23_rad,ClBz_12,,0.588,,0.5921,,0.6002,
b3lyp_smd,ClBz_123,2,1,ClPh_26_rad,ClBz_13,,0.412,,0.4079,,0.3998,
b3lyp_smd,ClBz_124,1,1,ClPh_24_rad,ClBz_13,,0.2948,,0.3026,,0.3094,
b3lyp_smd,ClBz_124,2,1,ClPh_25_rad,ClBz_14,,0.6407,,0.6253,,0.6077,
b3lyp_smd,ClBz_124,4,1,ClPh_34_rad,ClBz_12,,0.0645,,0.0721,,0.0829,
b3lyp_smd,ClBz_135,1,3,ClPh_35_rad,ClBz_13,,1.0,,1.0,,1.0,
b3lyp_smd,ClBz_1234,1,2,ClPh_234_rad,ClBz_123,,0.1018,,0.1166,,0.1351,
b3lyp_smd,ClBz_1234,2,2,ClPh_236_rad,ClBz_124,,0.8982,,0.8834,,0.8649,
b3lyp_smd,ClBz_1235,1,2,ClPh_235_rad,ClBz_124,,0.7899,,0.7793,,0.7647,
b3lyp_smd,ClBz_1235,2,1,ClPh_246_rad,ClBz_135,,0.1977,,0.2052,,0.2154,
b3lyp_smd,ClBz_1235,5,1,ClPh_345_rad,ClBz_123,,0.0124,,0.0155,,0.0199,
b3lyp_smd,ClBz_1245,1,4,ClPh_245_rad,ClBz_124,,1.0,,1.0,,1.0,
b3lyp_smd,ClBz_12345,1,2,ClPh_2345_rad,ClBz_1234,,0.0996,,0.1114,,0.1261,
b3lyp_smd,ClBz_12345,2,2,ClPh_2346_rad,ClBz_1235,,0.3532,,0.363,,0.3713,
b3lyp_smd,ClBz_12345,3,1,ClPh_2356_rad,ClBz_1245,,0.5472,,0.5256,,0.5026,
b3lyp_smd,ClBz_123456,1,6,ClPh_23456_rad,ClBz_12345,,1.0,,1.0,,1.0,
b3lyp_smd,BrBz_1,1,1,Ph_rad,Bz,,1.0,,1.0,,1.0,
b3lyp_smd,BrBz_12,1,2,BrPh_2_rad,BrBz_1,,1.0,,1.0,,1.0,
b3lyp_smd,BrBz_13,1,2,BrPh_3_rad,BrBz_1,,1.0,,1.0,,1.0,
b3lyp_smd,BrBz_14,1,2,BrPh_4_rad,BrBz_1,,1.0,,1.0,,1.0,
b3lyp_smd,BrBz_123,1,2,BrPh_23_rad,BrBz_12,,0.3645,,0.3883,,0.4085,
b3lyp_smd,BrBz_123,2,1,BrPh_26_rad,BrBz_13,,0.6355,,0.6117,,0.5915,
b3lyp_smd,BrBz_124,1,1,BrPh_24_rad,BrBz_13,,0.2922,,0.3013,,0.3134,
b3lyp_smd,BrBz_124,2,1,BrPh_25_rad,BrBz_14,,0.691,,0.6774,,0.6586,
b3lyp_smd,BrBz_124,4,1,BrPh_34_rad,BrBz_12,,0.0169,,0.0213,,0.028,
b3lyp_smd,BrBz_135,1,3,BrPh_35_rad,BrBz_13,,1.0,,1.0,,1.0,
b3lyp_smd,BrBz_1234,1,2,BrPh_234_rad,BrBz_123,,0.0199,,0.0276,,0.0383,
b3lyp_smd,BrBz_1234,2,2,BrPh_236_rad,BrBz_124,,0.9801,,0.9724,,0.9617,
b3lyp_smd,BrBz_1235,1,2,BrPh_235_rad,BrBz_124,,0.6695,,0.6653,,0.6608,
b3lyp_smd,BrBz_1235,2,1,BrPh_246_rad,BrBz_135,,0.3292,,0.3327,,0.336,
b3lyp_smd,BrBz_1235,5,1,BrPh_345_rad,BrBz_123,,0.0013,,0.002,,0.0032,
b3lyp_smd,BrBz_1245,1,4,BrPh_245_rad,BrBz_124,,1.0,,1.0,,1.0,
b3lyp_smd,BrBz_12345,1,2,BrPh_2345_rad,BrBz_1234,,0.0115,,0.0163,,0.024,
b3lyp_smd,BrBz_12345,2,2,BrPh_2346_rad,BrBz_1235,,0.2323,,0.2559,,0.2868,
b3lyp_smd,BrBz_12345,3,1,BrPh_2356_rad,BrBz_1245,,0.7562,,0.7278,,0.6892,
b3lyp_smd,BrBz_123456,1,6,BrPh_23456_rad,BrBz_12345,,1.0,,1.0,,1.0,
m062x_gas,ClBz_1,1,1,Ph_rad,Bz,,,,,,,
m062x_gas,ClBz_12,1,2,ClPh_2_rad,ClBz_1,,,,,,,
m062x_gas,ClBz_13,1,2,ClPh_3_rad,ClBz_1,,,,,,,
m062x_gas,ClBz_14,1,2,ClPh_4_rad,ClBz_1,,,,,,,
m062x_gas,ClBz_123,1,2,ClPh_23_rad,ClBz_12,,,,,,,
m062x_gas,ClBz_123,2,1,ClPh_26_rad,ClBz_13,,,,,,,
m062x_gas,ClBz_124,1,1,ClPh_24_rad,ClBz_13,,,,,,,
m062x_gas,ClBz_124,2,1,ClPh_25_rad,ClBz_14,,,,,,,
m062x_gas,ClBz_124,4,1,ClPh_34_rad,ClBz_12,,,,,,,
m062x_gas,ClBz_135,1,3,ClPh_35_rad,ClBz_13,,,,,,,
m062x_gas,ClBz_1234,1,2,ClPh_234_rad,ClBz_123,,,,,,,
m062x_gas,ClBz_1234,2,2,ClPh_236_rad,ClBz_124,,,,,,,
m062x_gas,ClBz_1235,1,2,ClPh_235_rad,ClBz_124,,,,,,,
m062x_gas,ClBz_1235,2,1,ClPh_246_rad,ClBz_135,,,,,,,
m062x_gas,ClBz_1235,5,1,ClPh_345_rad,ClBz_123,,,,,,,
m062x_gas,ClBz_1245,1,4,ClPh_245_rad,ClBz_124,,,,,,,
m062x_gas,ClBz_12345,1,2,ClPh_2345_rad,ClBz_1234,,,,,,,
m062x_gas,ClBz_12345,2,2,ClPh_2346_rad,ClBz_1235,,,,,,,
m062x_gas,ClBz_12345,3,1,ClPh_2356_rad,ClBz_1245,,,,,,,
m062x_gas,ClBz_123456,1,6,ClPh_23456_rad,ClBz_12345,,,,,,,
m062x_gas,BrBz_1,1,1,Ph_rad,Bz,,,,,,,
m062x_gas,BrBz_12,1,2,BrPh_2_rad,BrBz_1,,,,,,,
m062x_gas,BrBz_13,1,2,BrPh_3_rad,BrBz_1,,,,,,,
m062x_gas,BrBz_14,1,2,BrPh_4_rad,BrBz_1,,,,,,,
m062x_gas,BrBz_123,1,2,BrPh_23_rad,BrBz_12,,,,,,,
m062x_gas,BrBz_123,2,1,BrPh_26_rad,BrBz_13,,,,,,,
m062x_gas,BrBz_124,1,1,BrPh_24_rad,BrBz_13,,,,,,,
m062x_gas,BrBz_124,2,1,BrPh_25_rad,BrBz_14,,,,,,,
m062x_gas,BrBz_124,4,1,BrPh_34_rad,BrBz_12,,,,,,,
m062x_gas,BrBz_135,1,3,BrPh_35_rad,BrBz_13,,,,,,,
m062x_gas,BrBz_1234,1,2,BrPh_234_rad,BrBz_123,,,,,,,
m062x_gas,BrBz_1234,2,2,BrPh_236_rad,BrBz_124,,,,,,,
m062x_gas,BrBz_1235,1,2,BrPh_235_rad,BrBz_124,,,,,,,
m062x_gas,BrBz_1235,2,1,BrPh_246_rad,BrBz_135,,,,,,,
m062x_gas,BrBz_1235,5,1,BrPh_345_rad,BrBz_123,,,,,,,
m062x_gas,BrBz_1245,1,4,BrPh_245_rad,BrBz_124,,,,,,,
m062x_gas,BrBz_12345,1,2,BrPh_2345_rad,BrBz_1234,,,,,,,
m062x_gas,BrBz_12345,2,2,BrPh_2346_rad,BrBz_1235,,,,,,,
m062x_gas,BrBz_12345,3,1,BrPh_2356_rad,BrBz_1245,,,,,,,
m062x_gas,BrBz_123456,1,6,BrPh_23456_rad,BrBz_12345,,,,,,,
m062x_smd,ClBz_1,1,1,Ph_rad,Bz,,1.0,1.0,1.0,1.0,1.0,1.0
m062x_smd,ClBz_12,1,2,ClPh_2_rad,ClBz_1,,1.0,1.0,1.0,1.0,1.0,1.0
m062x_smd,ClBz_13,1,2,ClPh_3_rad,ClBz_1,,1.0,1.0,1.0,1.0,1.0,1.0
m062x_smd,ClBz_14,1,2,ClPh_4_rad,ClBz_1,,1.0,1.0,1.0,1.0,1.0,1.0
m062x_smd,ClBz_123,1,2,ClPh_23_rad,ClBz_12,,0.7916,0.7916,0.7831,0.7831,0.7744,0.7744
m062x_smd,ClBz_123,2,1,ClPh_26_rad,ClBz_13,,0.2084,0.2084,0.2169,0.2169,0.2256,0.2256
m062x_smd,ClBz_124,1,1,ClPh_24_rad,ClBz_13,,0.2736,0.2736,0.2796,0.2796,0.2864,0.2864
m062x_smd,ClBz_124,2,1,ClPh_25_rad,ClBz_14,,0.5559,0.5559,0.5401,0.5401,0.5258,0.5258
m062x_smd,ClBz_124,4,1,ClPh_34_rad,ClBz_12,,0.1706,0.1706,0.1803,0.1803,0.1878,0.1878
m062x_smd,ClBz_135,1,3,ClPh_35_rad,ClBz_13,,1.0,1.0,1.0,1.0,1.0,1.0
m062x_smd,ClBz_1234,1,2,ClPh_234_rad,ClBz_123,,0.2867,0.2867,0.3007,0.3007,0.3151,0.3151
m062x_smd,ClBz_1234,2,2,ClPh_236_rad,ClBz_124,,0.7133,0.7133,0.6993,0.6993,0.6849,0.6849
m062x_smd,ClBz_1235,1,2,ClPh_235_rad,ClBz_124,,0.8531,0.8531,0.8383,0.8383,0.8213,0.8213
m062x_smd,ClBz_1235,2,1,ClPh_246_rad,ClBz_135,,0.0934,0.0934,0.1015,0.1015,0.1101,0.1101
m062x_smd,ClBz_1235,5,1,ClPh_345_rad,ClBz_123,,0.0535,0.0535,0.0602,0.0602,0.0686,0.0686
m062x_smd,ClBz_1245,1,4,ClPh_245_rad,ClBz_124,,1.0,1.0,1.0,1.0,1.0,1.0
m062x_smd,ClBz_12345,1,2,ClPh_2345_rad,ClBz_1234,,0.2995,0.2995,0.3053,0.3053,0.3147,0.3147
m062x_smd,ClBz_12345,2,2,ClPh_2346_rad,ClBz_1235,,0.3151,0.3151,0.3212,0.3212,0.3255,0.3255
m062x_smd,ClBz_12345,3,1,ClPh_2356_rad,ClBz_1245,,0.3854,0.3854,0.3735,0.3735,0.3598,0.3598
m062x_smd,ClBz_123456,1,6,ClPh_23456_rad,ClBz_12345,,1.0,1.0,1.0,1.0,1.0,1.0
m062x_smd,BrBz_1,1,1,Ph_rad,Bz,,1.0,1.0,1.0,1.0,1.0,1.0
m062x_smd,BrBz_12,1,2,BrPh_2_rad,BrBz_1,,1.0,1.0,1.0,1.0,1.0,1.0
m062x_smd,BrBz_13,1,2,BrPh_3_rad,BrBz_1,,1.0,1.0,1.0,1.0,1.0,1.0
m062x_smd,BrBz_14,1,2,BrPh_4_rad,BrBz_1,,1.0,1.0,1.0,1.0,1.0,1.0
m062x_smd,BrBz_123,1,2,BrPh_23_rad,BrBz_12,,0.6591,0.6591,0.6553,0.6553,0.6591,0.6591
m062x_smd,BrBz_123,2,1,BrPh_26_rad,BrBz_13,,0.3409,0.3409,0.3447,0.3447,0.3409,0.3409
m062x_smd,BrBz_124,1,1,BrPh_24_rad,BrBz_13,,0.3171,0.3171,0.3212,0.3212,0.3281,0.3281
m062x_smd,BrBz_124,2,1,BrPh_25_rad,BrBz_14,,0.6124,0.6124,0.5997,0.5997,0.5824,0.5824
m062x_smd,BrBz_124,4,1,BrPh_34_rad,BrBz_12,,0.0706,0.0706,0.0791,0.0791,0.0895,0.0895
m062x_smd,BrBz_135,1,3,BrPh_35_rad,BrBz_13,,1.0,1.0,1.0,1.0,1.0,1.0
m062x_smd,BrBz_1234,1,2,BrPh_234_rad,BrBz_123,,0.0929,0.0929,0.1082,0.1082,0.1255,0.1255
m062x_smd,BrBz_1234,2,2,BrPh_236_rad,BrBz_124,,0.9071,0.9071,0.8918,0.8918,0.8745,0.8745
m062x_smd,BrBz_1235,1,2,BrPh_235_rad,BrBz_124,,0.8446,0.8446,0.8316,0.8316,0.8168,0.8168
m062x_smd,BrBz_1235,2,1,BrPh_246_rad,BrBz_135,,0.1458,0.1458,0.1562,0.1562,0.167,0.167
m062x_smd,BrBz_1235,5,1,BrPh_345_rad,BrBz_123,,0.0096,0.0096,0.0122,0.0122,0.0163,0.0163
m062x_smd,BrBz_1245,1,4,BrPh_245_rad,BrBz_124,,1.0,1.0,1.0,1.0,1.0,1.0
m062x_smd,BrBz_12345,1,2,BrPh_2345_rad,BrBz_1234,,0.0632,0.0632,0.074,0.074,0.0896,0.0896
m062x_smd,BrBz_12345,2,2,BrPh_2346_rad,BrBz_1235,,0.2886,0.2886,0.3057,0.3057,0.3177,0.3177
m062x_smd,BrBz_12345,3,1,BrPh_2356_rad,BrBz_1245,,0.6482,0.6482,0.6203,0.6203,0.5926,0.5926
m062x_smd,BrBz_123456,1,6,BrPh_23456_rad,BrBz_12345,,1.0,1.0,1.0,1.0,1.0,1.0
