level,fit_set,descriptor_set,model,descriptors,n,slope,intercept,r,R2,p,SSE,MSE,RMSE,LOO_RMSE,Q2,slope_x_RT,pred_RMSE_other_groups,compounds,adj_R2,b0,b1,b2
b3lyp_gas,bromobenzene,thermo,LUMO of ArX,LUMO_eV,7,-4.6493,-8.9407,-0.918,0.8427,0.0035,9.0202,1.2886,1.1352,2.4259,0.2816,,1.77,BrBz_1;BrBz_14;BrBz_13;BrBz_124;BrBz_135;BrBz_1245;BrBz_123456,,,,
b3lyp_gas,bromobenzene,thermo,LUMO of the radical anion ArX.-,LUMO_RA_eV,7,-4.6549,4.5044,-0.9597,0.9211,0.0006,4.5242,0.6463,0.8039,1.5226,0.717,,1.383,BrBz_1;BrBz_14;BrBz_13;BrBz_124;BrBz_135;BrBz_1245;BrBz_123456,,,,
b3lyp_gas,bromobenzene,thermo,dG ArX + e- -> Ar. + X-,min_dG_1e_kcal,7,-0.6483,-12.3894,-0.8132,0.6614,0.0261,19.4174,2.7739,1.6655,4.6973,-1.6937,,4.949,BrBz_1;BrBz_14;BrBz_13;BrBz_124;BrBz_135;BrBz_1245;BrBz_123456,,,,
b3lyp_gas,bromobenzene,thermo,dG ArX + 2e- -> Ar- + X-,min_dG_2e_carbanion_kcal,7,-0.1479,-10.9476,-0.9555,0.9131,0.0008,4.9845,0.7121,0.8438,1.509,0.722,,1.318,BrBz_1;BrBz_14;BrBz_13;BrBz_124;BrBz_135;BrBz_1245;BrBz_123456,,,,
b3lyp_gas,bromobenzene,thermo,dG ArX + e- -> ArX.-,dG_ET_any_kcal,7,-0.2618,-8.5164,-0.9258,0.8571,0.0028,8.1919,1.1703,1.0818,2.3756,0.311,,1.814,BrBz_1;BrBz_14;BrBz_13;BrBz_124;BrBz_135;BrBz_1245;BrBz_123456,,,,
b3lyp_gas,bromobenzene,thermo,dG ArX.- -> Ar. + X-,min_dG_frag_any_kcal,7,0.4087,-5.6014,0.96,0.9217,0.0006,4.4903,0.6415,0.8009,1.4426,0.7459,,2.097,BrBz_1;BrBz_14;BrBz_13;BrBz_124;BrBz_135;BrBz_1245;BrBz_123456,,,,
b3lyp_gas,bromobenzene,thermo,dG ArX.- + e- -> Ar- + X-,min_dG_RA_2e_any_kcal,7,-0.3184,-13.3101,-0.9605,0.9225,0.0006,4.4415,0.6345,0.7966,1.0374,0.8686,,3.775,BrBz_1;BrBz_14;BrBz_13;BrBz_124;BrBz_135;BrBz_1245;BrBz_123456,,,,
b3lyp_gas,bromobenzene,extended,number of halogens,n_X,7,1.7556,-6.915,0.9274,0.8601,0.0026,8.0218,1.146,1.0705,2.084,0.4698,,2.545,BrBz_1;BrBz_14;BrBz_13;BrBz_124;BrBz_135;BrBz_1245;BrBz_123456,,,,
b3lyp_gas,bromobenzene,extended,vertical electron affinity,VEA_eV,7,4.2239,-2.0191,0.8953,0.8015,0.0064,11.3824,1.6261,1.2752,2.2717,0.37,,1.775,BrBz_1;BrBz_14;BrBz_13;BrBz_124;BrBz_135;BrBz_1245;BrBz_123456,,,,
b3lyp_gas,bromobenzene,extended,adiabatic electron affinity (electronic),AEA_elec_eV,0,,,,,,,,,,,,,,,,,
b3lyp_gas,bromobenzene,extended,electrophilicity index (dSCF),omega_dSCF_eV,7,9.5917,-12.795,0.859,0.7379,0.0133,15.0306,2.1472,1.4653,2.9264,-0.0455,,1.774,BrBz_1;BrBz_14;BrBz_13;BrBz_124;BrBz_135;BrBz_1245;BrBz_123456,,,,
b3lyp_gas,bromobenzene,extended,E deg ArX/ArX.- (SMD levels only),E_ET_V,0,,,,,,,,,,,,,,,,,
b3lyp_gas,bromobenzene,extended,"dG ArX + e- -> ArX.-, bound RA only",dG_ET_kcal,0,,,,,,,,,,,,,,,,,
b3lyp_gas,bromobenzene,extended,"dG ArX.- -> Ar. + X-, bound RA only",min_dG_frag_kcal,0,,,,,,,,,,,,,,,,,
b3lyp_gas,bromobenzene,extended,"dG ArX.- + e- -> Ar- + X-, bound RA only",min_dG_RA_2e_kcal,0,,,,,,,,,,,,,,,,,
b3lyp_gas,bromobenzene,extended,dG ArX + H+ + 2e- -> ArH + X-,min_dG_2e_HDH_kcal,7,-0.6342,-275.8338,-0.8696,0.7562,0.011,13.9811,1.9973,1.4133,2.8314,0.0213,,3.812,BrBz_1;BrBz_14;BrBz_13;BrBz_124;BrBz_135;BrBz_1245;BrBz_123456,,,,
b3lyp_gas,bromobenzene,extended,dG Ar. + e- -> Ar-,min_dG_rad_red_kcal,7,-0.1838,-10.1598,-0.9733,0.9473,0.0002,3.0237,0.432,0.6572,1.0504,0.8653,,2.346,BrBz_1;BrBz_14;BrBz_13;BrBz_124;BrBz_135;BrBz_1245;BrBz_123456,,,,
b3lyp_gas,bromobenzene,extended,inner-sphere reorganisation energy,lambda_i_kcal,0,,,,,,,,,,,,,,,,,
b3lyp_gas,bromobenzene,extended,weakest C-X bond enthalpy,min_BDE_kcal,7,-0.7137,49.4084,-0.7911,0.6258,0.0341,21.4546,3.0649,1.7507,4.4319,-1.3979,,9.623,BrBz_1;BrBz_14;BrBz_13;BrBz_124;BrBz_135;BrBz_1245;BrBz_123456,,,,
b3lyp_gas,bromobenzene,extended,Saveant intrinsic barrier (weakest C-X),min_dG0_act_concerted_kcal,0,,,,,,,,,,,,,,,,,
b3lyp_gas,bromobenzene,extended,Saveant concerted barrier,eff_dG_act_concerted_kcal @ -2.00 V,0,,,,,,,,,,,,,,,,,
b3lyp_gas,bromobenzene,extended,stepwise ET + cleavage barrier,eff_dG_act_stepwise_kcal @ -2.00 V,0,,,,,,,,,,,,,,,,,
b3lyp_gas,bromobenzene,extended,combined stepwise + concerted,eff_dG_act_combined_kcal @ -2.00 V,0,,,,,,,,,,,,,,,,,
b3lyp_gas,bromobenzene,extended,C-X cleavage TS barrier of ArX.-,eff_dG_act_frag_TS_kcal,0,,,,,,,,,,,,,,,,,
b3lyp_gas,bromobenzene,extended,largest Fukui f+ on a C-X bond,max_fplus_CX,7,-6.9119,0.025,-0.1871,0.035,0.6879,55.331,7.9044,2.8115,4.6007,-1.584,,3.163,BrBz_1;BrBz_14;BrBz_13;BrBz_124;BrBz_135;BrBz_1245;BrBz_123456,,,,
b3lyp_gas,bromobenzene,extended,weakest Wiberg C-X bond order,min_wiberg_CX_parent,7,306.4347,-322.437,0.92,0.8463,0.0033,8.8122,1.2589,1.122,1.8575,0.5788,,8.733,BrBz_1;BrBz_14;BrBz_13;BrBz_124;BrBz_135;BrBz_1245;BrBz_123456,,,,
b3lyp_gas,bromobenzene,extended,largest halogen spin density in ArX.-,max_spin_RA_X,0,,,,,,,,,,,,,,,,,
b3lyp_gas,bromobenzene,extended,largest C-X elongation in ArX.-,max_dr_CX_RA_A,7,-4.3974,0.4763,-0.583,0.3399,0.1695,37.8505,5.4072,2.3253,3.2955,-0.3259,,3.323,BrBz_1;BrBz_14;BrBz_13;BrBz_124;BrBz_135;BrBz_1245;BrBz_123456,,,,
b3lyp_gas,bromobenzene,MLR,MLR: dG ArX + e- -> ArX.- + dG ArX.- -> Ar. + X-,dG_ET_any_kcal + min_dG_frag_any_kcal,7,,,,0.9541,,2.6302,0.3757,0.613,,,,,,0.9312,-1.2606,0.3674,0.9564
b3lyp_gas,bromobenzene,MLR,MLR: dG ArX + e- -> ArX.- + dG ArX.- + e- -> Ar- + X-,dG_ET_any_kcal + min_dG_RA_2e_any_kcal,7,,,,0.9264,,4.2207,0.603,0.7765,,,,,,0.8896,-12.5648,-0.0524,-0.2605
b3lyp_gas,chlorobenzene,thermo,LUMO of ArX,LUMO_eV,5,-6.8055,-12.8149,-0.8429,0.7105,0.073,11.401,2.2802,1.51,2.873,-0.0481,,,ClBz_123456;ClBz_12345;ClBz_1245;ClBz_12;ClBz_14,,,,
b3lyp_gas,chlorobenzene,thermo,LUMO of the radical anion ArX.-,LUMO_RA_eV,5,-3.8971,3.9975,-0.9243,0.8544,0.0247,5.733,1.1466,1.0708,1.8061,0.5858,,,ClBz_123456;ClBz_12345;ClBz_1245;ClBz_12;ClBz_14,,,,
b3lyp_gas,chlorobenzene,thermo,dG ArX + e- -> Ar. + X-,min_dG_1e_kcal,5,-1.0641,-11.1653,-0.8999,0.8099,0.0374,7.4858,1.4972,1.2236,2.0295,0.477,,,ClBz_123456;ClBz_12345;ClBz_1245;ClBz_12;ClBz_14,,,,
b3lyp_gas,chlorobenzene,thermo,dG ArX + 2e- -> Ar- + X-,min_dG_2e_carbanion_kcal,5,-0.1453,-11.2828,-0.9007,0.8112,0.037,7.4326,1.4865,1.2192,2.164,0.4054,,,ClBz_123456;ClBz_12345;ClBz_1245;ClBz_12;ClBz_14,,,,
b3lyp_gas,chlorobenzene,thermo,dG ArX + e- -> ArX.-,dG_ET_any_kcal,5,-0.2021,-5.9715,-0.9661,0.9333,0.0075,2.6264,0.5253,0.7248,1.1492,0.8323,,,ClBz_123456;ClBz_12345;ClBz_1245;ClBz_12;ClBz_14,,,,
b3lyp_gas,chlorobenzene,thermo,dG ArX.- -> Ar. + X-,min_dG_frag_any_kcal,5,0.2437,-4.6977,0.9694,0.9396,0.0064,2.3766,0.4753,0.6894,1.069,0.8549,,,ClBz_123456;ClBz_12345;ClBz_1245;ClBz_12;ClBz_14,,,,
b3lyp_gas,chlorobenzene,thermo,dG ArX.- + e- -> Ar- + X-,min_dG_RA_2e_any_kcal,5,-0.2664,-13.9242,-0.5071,0.2571,0.3832,29.2518,5.8504,2.4188,3.6266,-0.67,,,ClBz_123456;ClBz_12345;ClBz_1245;ClBz_12;ClBz_14,,,,
b3lyp_gas,chlorobenzene,extended,number of halogens,n_X,5,1.5249,-8.0827,0.8694,0.7558,0.0555,9.6145,1.9229,1.3867,2.4497,0.238,,,ClBz_123456;ClBz_12345;ClBz_1245;ClBz_12;ClBz_14,,,,
b3lyp_gas,chlorobenzene,extended,vertical electron affinity,VEA_eV,5,5.844,-1.0248,0.8408,0.7069,0.0744,11.5414,2.3083,1.5193,2.873,-0.0481,,,ClBz_123456;ClBz_12345;ClBz_1245;ClBz_12;ClBz_14,,,,
b3lyp_gas,chlorobenzene,extended,adiabatic electron affinity (electronic),AEA_elec_eV,3,4.6824,-5.3351,0.9593,0.9202,0.1823,2.9905,0.9968,0.9984,13.8743,-14.4081,,,ClBz_123456;ClBz_12345;ClBz_14,,,,
b3lyp_gas,chlorobenzene,extended,electrophilicity index (dSCF),omega_dSCF_eV,5,16.4707,-19.734,0.8635,0.7456,0.0593,10.0184,2.0037,1.4155,2.6123,0.1335,,,ClBz_123456;ClBz_12345;ClBz_1245;ClBz_12;ClBz_14,,,,
b3lyp_gas,chlorobenzene,extended,E deg ArX/ArX.- (SMD levels only),E_ET_V,0,,,,,,,,,,,,,,,,,
b3lyp_gas,chlorobenzene,extended,"dG ArX + e- -> ArX.-, bound RA only",dG_ET_kcal,3,-0.2052,-6.3244,-0.9733,0.9473,0.1475,1.9753,0.6584,0.8114,7.124,-3.0624,,,ClBz_123456;ClBz_12345;ClBz_14,,,,
b3lyp_gas,chlorobenzene,extended,"dG ArX.- -> Ar. + X-, bound RA only",min_dG_frag_kcal,3,0.247,-4.906,0.9716,0.944,0.1521,2.0987,0.6996,0.8364,7.7098,-3.7579,,,ClBz_123456;ClBz_12345;ClBz_14,,,,
b3lyp_gas,chlorobenzene,extended,"dG ArX.- + e- -> Ar- + X-, bound RA only",min_dG_RA_2e_kcal,3,-0.814,-40.6761,-0.8695,0.756,0.3289,9.1435,3.0478,1.7458,15.6231,-18.5372,,,ClBz_123456;ClBz_12345;ClBz_14,,,,
b3lyp_gas,chlorobenzene,extended,dG ArX + H+ + 2e- -> ArH + X-,min_dG_2e_HDH_kcal,5,-0.8928,-382.3092,-0.9357,0.8755,0.0194,4.9013,0.9803,0.9901,1.6578,0.651,,,ClBz_123456;ClBz_12345;ClBz_1245;ClBz_12;ClBz_14,,,,
b3lyp_gas,chlorobenzene,extended,dG Ar. + e- -> Ar-,min_dG_rad_red_kcal,5,-0.1669,-11.2292,-0.8972,0.8049,0.039,7.6806,1.5361,1.2394,2.2186,0.375,,,ClBz_123456;ClBz_12345;ClBz_1245;ClBz_12;ClBz_14,,,,
b3lyp_gas,chlorobenzene,extended,inner-sphere reorganisation energy,lambda_i_kcal,3,0.0925,-6.2782,0.5645,0.3187,0.6181,25.5341,8.5114,2.9174,10.9725,-8.6369,,,ClBz_123456;ClBz_12345;ClBz_14,,,,
b3lyp_gas,chlorobenzene,extended,weakest C-X bond enthalpy,min_BDE_kcal,5,-1.0847,90.6682,-0.8397,0.7051,0.0751,11.6105,2.3221,1.5238,2.7081,0.0688,,,ClBz_123456;ClBz_12345;ClBz_1245;ClBz_12;ClBz_14,,,,
b3lyp_gas,chlorobenzene,extended,Saveant intrinsic barrier (weakest C-X),min_dG0_act_concerted_kcal,0,,,,,,,,,,,,,,,,,
b3lyp_gas,chlorobenzene,extended,Saveant concerted barrier,eff_dG_act_concerted_kcal @ -2.00 V,0,,,,,,,,,,,,,,,,,
b3lyp_gas,chlorobenzene,extended,stepwise ET + cleavage barrier,eff_dG_act_stepwise_kcal @ -2.00 V,0,,,,,,,,,,,,,,,,,
b3lyp_gas,chlorobenzene,extended,combined stepwise + concerted,eff_dG_act_combined_kcal @ -2.00 V,0,,,,,,,,,,,,,,,,,
b3lyp_gas,chlorobenzene,extended,C-X cleavage TS barrier of ArX.-,eff_dG_act_frag_TS_kcal,0,,,,,,,,,,,,,,,,,
b3lyp_gas,chlorobenzene,extended,largest Fukui f+ on a C-X bond,max_fplus_CX,5,53.0587,-12.016,0.6874,0.4725,0.1997,20.7708,4.1542,2.0382,3.4928,-0.5491,,,ClBz_123456;ClBz_12345;ClBz_1245;ClBz_12;ClBz_14,,,,
b3lyp_gas,chlorobenzene,extended,weakest Wiberg C-X bond order,min_wiberg_CX_parent,5,247.2658,-267.6341,0.9832,0.9667,0.0026,1.311,0.2622,0.512,0.895,0.8983,,,ClBz_123456;ClBz_12345;ClBz_1245;ClBz_12;ClBz_14,,,,
b3lyp_gas,chlorobenzene,extended,largest halogen spin density in ArX.-,max_spin_RA_X,3,5.1446,-3.1974,0.2098,0.044,0.8654,35.8292,11.9431,3.4559,67.1874,-360.3295,,,ClBz_123456;ClBz_12345;ClBz_14,,,,
b3lyp_gas,chlorobenzene,extended,largest C-X elongation in ArX.-,max_dr_CX_RA_A,5,-0.7057,-2.0526,-0.0846,0.0072,0.8924,39.0957,7.8191,2.7963,4.1331,-1.169,,,ClBz_123456;ClBz_12345;ClBz_1245;ClBz_12;ClBz_14,,,,
b3lyp_gas,chlorobenzene,MLR,MLR: dG ArX + e- -> ArX.- + dG ArX.- -> Ar. + X-,dG_ET_any_kcal + min_dG_frag_any_kcal,5,,,,0.9402,,2.355,0.471,0.6863,,,,,,0.8804,-4.1905,0.0797,0.3392
b3lyp_gas,chlorobenzene,MLR,MLR: dG ArX + e- -> ArX.- + dG ArX.- + e- -> Ar- + X-,dG_ET_any_kcal + min_dG_RA_2e_any_kcal,5,,,,0.9621,,1.4932,0.2986,0.5465,,,,,,0.9242,-1.3708,-0.233,0.1183
b3lyp_gas,halobenzene,thermo,LUMO of ArX,LUMO_eV,12,-5.1198,-9.8991,-0.8721,0.7605,0.0002,23.4481,1.954,1.3979,1.8804,0.5666,,,BrBz_1;BrBz_14;BrBz_13;BrBz_124;BrBz_135;BrBz_1245;BrBz_123456;ClBz_123456;ClBz_12345;ClBz_1245;ClBz_12;ClBz_14,,,,
b3lyp_gas,halobenzene,thermo,LUMO of the radical anion ArX.-,LUMO_RA_eV,12,-4.1883,4.1292,-0.937,0.8779,0.0,11.9548,0.9962,0.9981,1.1982,0.8241,,,BrBz_1;BrBz_14;BrBz_13;BrBz_124;BrBz_135;BrBz_1245;BrBz_123456;ClBz_123456;ClBz_12345;ClBz_1245;ClBz_12;ClBz_14,,,,
b3lyp_gas,halobenzene,thermo,dG ArX + e- -> Ar. + X-,min_dG_1e_kcal,12,-0.3288,-6.2353,-0.5905,0.3486,0.0432,63.7751,5.3146,2.3053,2.6468,0.1414,,,BrBz_1;BrBz_14;BrBz_13;BrBz_124;BrBz_135;BrBz_1245;BrBz_123456;ClBz_123456;ClBz_12345;ClBz_1245;ClBz_12;ClBz_14,,,,
b3lyp_gas,halobenzene,thermo,dG ArX + 2e- -> Ar- + X-,min_dG_2e_carbanion_kcal,12,-0.1473,-11.1138,-0.9304,0.8657,0.0,13.1494,1.0958,1.0468,1.2704,0.8022,,,BrBz_1;BrBz_14;BrBz_13;BrBz_124;BrBz_135;BrBz_1245;BrBz_123456;ClBz_123456;ClBz_12345;ClBz_1245;ClBz_12;ClBz_14,,,,
b3lyp_gas,halobenzene,thermo,dG ArX + e- -> ArX.-,dG_ET_any_kcal,12,-0.2131,-6.7954,-0.9149,0.8371,0.0,15.9492,1.3291,1.1529,1.3816,0.766,,,BrBz_1;BrBz_14;BrBz_13;BrBz_124;BrBz_135;BrBz_1245;BrBz_123456;ClBz_123456;ClBz_12345;ClBz_1245;ClBz_12;ClBz_14,,,,
b3lyp_gas,halobenzene,thermo,dG ArX.- -> Ar. + X-,min_dG_frag_any_kcal,12,0.2988,-4.8318,0.9256,0.8568,0.0,14.0253,1.1688,1.0811,1.2672,0.8032,,,BrBz_1;BrBz_14;BrBz_13;BrBz_124;BrBz_135;BrBz_1245;BrBz_123456;ClBz_123456;ClBz_12345;ClBz_1245;ClBz_12;ClBz_14,,,,
b3lyp_gas,halobenzene,thermo,dG ArX.- + e- -> Ar- + X-,min_dG_RA_2e_any_kcal,12,-0.236,-11.2505,-0.6784,0.4603,0.0153,52.8477,4.404,2.0986,2.3983,0.295,,,BrBz_1;BrBz_14;BrBz_13;BrBz_124;BrBz_135;BrBz_1245;BrBz_123456;ClBz_123456;ClBz_12345;ClBz_1245;ClBz_12;ClBz_14,,,,
b3lyp_gas,halobenzene,extended,number of halogens,n_X,12,1.5037,-6.9273,0.8416,0.7082,0.0006,28.5668,2.3806,1.5429,1.7804,0.6115,,,BrBz_1;BrBz_14;BrBz_13;BrBz_124;BrBz_135;BrBz_1245;BrBz_123456;ClBz_123456;ClBz_12345;ClBz_1245;ClBz_12;ClBz_14,,,,
b3lyp_gas,halobenzene,extended,vertical electron affinity,VEA_eV,12,4.4286,-1.7428,0.8563,0.7332,0.0004,26.1196,2.1766,1.4753,2.0369,0.4915,,,BrBz_1;BrBz_14;BrBz_13;BrBz_124;BrBz_135;BrBz_1245;BrBz_123456;ClBz_123456;ClBz_12345;ClBz_1245;ClBz_12;ClBz_14,,,,
b3lyp_gas,halobenzene,extended,adiabatic electron affinity (electronic),AEA_elec_eV,4,4.4369,-5.2908,0.9694,0.9398,0.0306,3.2353,0.8088,0.8993,1.2757,0.8789,,,BrBz_123456;ClBz_123456;ClBz_12345;ClBz_14,,,,
b3lyp_gas,halobenzene,extended,electrophilicity index (dSCF),omega_dSCF_eV,12,10.6606,-13.8466,0.8338,0.6953,0.0007,29.8373,2.4864,1.5768,2.4496,0.2646,,,BrBz_1;BrBz_14;BrBz_13;BrBz_124;BrBz_135;BrBz_1245;BrBz_123456;ClBz_123456;ClBz_12345;ClBz_1245;ClBz_12;ClBz_14,,,,
b3lyp_gas,halobenzene,extended,E deg ArX/ArX.- (SMD levels only),E_ET_V,0,,,,,,,,,,,,,,,,,
b3lyp_gas,halobenzene,extended,"dG ArX + e- -> ArX.-, bound RA only",dG_ET_kcal,4,-0.1908,-6.1934,-0.9773,0.9552,0.0227,2.4084,0.6021,0.776,1.1547,0.9008,,,BrBz_123456;ClBz_123456;ClBz_12345;ClBz_14,,,,
b3lyp_gas,halobenzene,extended,"dG ArX.- -> Ar. + X-, bound RA only",min_dG_frag_kcal,4,0.2696,-4.7688,0.9617,0.9248,0.0383,4.0404,1.0101,1.005,7.8937,-3.6359,,,BrBz_123456;ClBz_123456;ClBz_12345;ClBz_14,,,,
b3lyp_gas,halobenzene,extended,"dG ArX.- + e- -> Ar- + X-, bound RA only",min_dG_RA_2e_kcal,4,-0.9096,-44.7666,-0.8859,0.7849,0.1141,11.5662,2.8915,1.7005,7.9555,-3.7088,,,BrBz_123456;ClBz_123456;ClBz_12345;ClBz_14,,,,
b3lyp_gas,halobenzene,extended,dG ArX + H+ + 2e- -> ArH + X-,min_dG_2e_HDH_kcal,12,-0.4243,-184.1803,-0.7196,0.5178,0.0083,47.2171,3.9348,1.9836,2.2687,0.3692,,,BrBz_1;BrBz_14;BrBz_13;BrBz_124;BrBz_135;BrBz_1245;BrBz_123456;ClBz_123456;ClBz_12345;ClBz_1245;ClBz_12;ClBz_14,,,,
b3lyp_gas,halobenzene,extended,dG Ar. + e- -> Ar-,min_dG_rad_red_kcal,12,-0.1628,-9.9436,-0.8856,0.7843,0.0001,21.1199,1.76,1.3266,1.5857,0.6918,,,BrBz_1;BrBz_14;BrBz_13;BrBz_124;BrBz_135;BrBz_1245;BrBz_123456;ClBz_123456;ClBz_12345;ClBz_1245;ClBz_12;ClBz_14,,,,
b3lyp_gas,halobenzene,extended,inner-sphere reorganisation energy,lambda_i_kcal,4,0.0384,-2.6408,0.2134,0.0455,0.7866,51.316,12.829,3.5818,9.0215,-5.0551,,,BrBz_123456;ClBz_123456;ClBz_12345;ClBz_14,,,,
b3lyp_gas,halobenzene,extended,weakest C-X bond enthalpy,min_BDE_kcal,12,-0.1507,9.7546,-0.3968,0.1575,0.2015,82.4924,6.8744,2.6219,3.14,-0.2084,,,BrBz_1;BrBz_14;BrBz_13;BrBz_124;BrBz_135;BrBz_1245;BrBz_123456;ClBz_123456;ClBz_12345;ClBz_1245;ClBz_12;ClBz_14,,,,
b3lyp_gas,halobenzene,extended,Saveant intrinsic barrier (weakest C-X),min_dG0_act_concerted_kcal,0,,,,,,,,,,,,,,,,,
b3lyp_gas,halobenzene,extended,Saveant concerted barrier,eff_dG_act_concerted_kcal @ -2.00 V,0,,,,,,,,,,,,,,,,,
b3lyp_gas,halobenzene,extended,stepwise ET + cleavage barrier,eff_dG_act_stepwise_kcal @ -2.00 V,0,,,,,,,,,,,,,,,,,
b3lyp_gas,halobenzene,extended,combined stepwise + concerted,eff_dG_act_combined_kcal @ -2.00 V,0,,,,,,,,,,,,,,,,,
b3lyp_gas,halobenzene,extended,C-X cleavage TS barrier of ArX.-,eff_dG_act_frag_TS_kcal,0,,,,,,,,,,,,,,,,,
b3lyp_gas,halobenzene,extended,largest Fukui f+ on a C-X bond,max_fplus_CX,12,2.8939,-2.5444,0.0708,0.005,0.8268,97.4203,8.1184,2.8493,4.0498,-1.0101,,,BrBz_1;BrBz_14;BrBz_13;BrBz_124;BrBz_135;BrBz_1245;BrBz_123456;ClBz_123456;ClBz_12345;ClBz_1245;ClBz_12;ClBz_14,,,,
b3lyp_gas,halobenzene,extended,weakest Wiberg C-X bond order,min_wiberg_CX_parent,12,83.4803,-90.2196,0.4738,0.2244,0.1197,75.9364,6.328,2.5156,2.8657,-0.0065,,,BrBz_1;BrBz_14;BrBz_13;BrBz_124;BrBz_135;BrBz_1245;BrBz_123456;ClBz_123456;ClBz_12345;ClBz_1245;ClBz_12;ClBz_14,,,,
b3lyp_gas,halobenzene,extended,largest halogen spin density in ArX.-,max_spin_RA_X,4,1.8153,-1.4623,0.0631,0.004,0.9369,53.55,13.3875,3.6589,24.1188,-42.2794,,,BrBz_123456;ClBz_123456;ClBz_12345;ClBz_14,,,,
b3lyp_gas,halobenzene,extended,largest C-X elongation in ArX.-,max_dr_CX_RA_A,12,-2.7786,-0.7451,-0.3594,0.1292,0.2512,85.2621,7.1052,2.6656,3.1864,-0.2444,,,BrBz_1;BrBz_14;BrBz_13;BrBz_124;BrBz_135;BrBz_1245;BrBz_123456;ClBz_123456;ClBz_12345;ClBz_1245;ClBz_12;ClBz_14,,,,
b3lyp_gas,halobenzene,MLR,MLR: dG ArX + e- -> ArX.- + dG ArX.- -> Ar. + X-,dG_ET_any_kcal + min_dG_frag_any_kcal,12,,,,0.8773,,12.0094,1.0008,1.0004,,,,,,0.8501,-5.7834,-0.0925,0.1792
b3lyp_gas,halobenzene,MLR,MLR: dG ArX + e- -> ArX.- + dG ArX.- + e- -> Ar- + X-,dG_ET_any_kcal + min_dG_RA_2e_any_kcal,12,,,,0.8869,,11.0742,0.9228,0.9607,,,,,,0.8618,-9.6765,-0.1802,-0.0919
b3lyp_gas,all,thermo,LUMO of ArX,LUMO_eV,12,-5.1198,-9.8991,-0.8721,0.7605,0.0002,23.4481,1.954,1.3979,1.8804,0.5666,,,BrBz_1;BrBz_14;BrBz_13;BrBz_124;BrBz_135;BrBz_1245;BrBz_123456;ClBz_123456;ClBz_12345;ClBz_1245;ClBz_12;ClBz_14,,,,
b3lyp_gas,all,thermo,LUMO of the radical anion ArX.-,LUMO_RA_eV,12,-4.1883,4.1292,-0.937,0.8779,0.0,11.9548,0.9962,0.9981,1.1982,0.8241,,,BrBz_1;BrBz_14;BrBz_13;BrBz_124;BrBz_135;BrBz_1245;BrBz_123456;ClBz_123456;ClBz_12345;ClBz_1245;ClBz_12;ClBz_14,,,,
b3lyp_gas,all,thermo,dG ArX + e- -> Ar. + X-,min_dG_1e_kcal,12,-0.3288,-6.2353,-0.5905,0.3486,0.0432,63.7751,5.3146,2.3053,2.6468,0.1414,,,BrBz_1;BrBz_14;BrBz_13;BrBz_124;BrBz_135;BrBz_1245;BrBz_123456;ClBz_123456;ClBz_12345;ClBz_1245;ClBz_12;ClBz_14,,,,
b3lyp_gas,all,thermo,dG ArX + 2e- -> Ar- + X-,min_dG_2e_carbanion_kcal,12,-0.1473,-11.1138,-0.9304,0.8657,0.0,13.1494,1.0958,1.0468,1.2704,0.8022,,,BrBz_1;BrBz_14;BrBz_13;BrBz_124;BrBz_135;BrBz_1245;BrBz_123456;ClBz_123456;ClBz_12345;ClBz_1245;ClBz_12;ClBz_14,,,,
b3lyp_gas,all,thermo,dG ArX + e- -> ArX.-,dG_ET_any_kcal,12,-0.2131,-6.7954,-0.9149,0.8371,0.0,15.9492,1.3291,1.1529,1.3816,0.766,,,BrBz_1;BrBz_14;BrBz_13;BrBz_124;BrBz_135;BrBz_1245;BrBz_123456;ClBz_123456;ClBz_12345;ClBz_1245;ClBz_12;ClBz_14,,,,
b3lyp_gas,all,thermo,dG ArX.- -> Ar. + X-,min_dG_frag_any_kcal,12,0.2988,-4.8318,0.9256,0.8568,0.0,14.0253,1.1688,1.0811,1.2672,0.8032,,,BrBz_1;BrBz_14;BrBz_13;BrBz_124;BrBz_135;BrBz_1245;BrBz_123456;ClBz_123456;ClBz_12345;ClBz_1245;ClBz_12;ClBz_14,,,,
b3lyp_gas,all,thermo,dG ArX.- + e- -> Ar- + X-,min_dG_RA_2e_any_kcal,12,-0.236,-11.2505,-0.6784,0.4603,0.0153,52.8477,4.404,2.0986,2.3983,0.295,,,BrBz_1;BrBz_14;BrBz_13;BrBz_124;BrBz_135;BrBz_1245;BrBz_123456;ClBz_123456;ClBz_12345;ClBz_1245;ClBz_12;ClBz_14,,,,
b3lyp_gas,all,extended,number of halogens,n_X,14,1.417,-6.8402,0.822,0.6758,0.0003,32.2774,2.3055,1.5184,1.7159,0.5859,,,BrBz_1;BrBz_14;BrBz_13;BrBz_124;BrBz_135;BrBz_1245;BrBz_123456;BDE_24_24;BDE_245_24;ClBz_123456;ClBz_12345;ClBz_1245;ClBz_12;ClBz_14,,,,
b3lyp_gas,all,extended,vertical electron affinity,VEA_eV,12,4.4286,-1.7428,0.8563,0.7332,0.0004,26.1196,2.1766,1.4753,2.0369,0.4915,,,BrBz_1;BrBz_14;BrBz_13;BrBz_124;BrBz_135;BrBz_1245;BrBz_123456;ClBz_123456;ClBz_12345;ClBz_1245;ClBz_12;ClBz_14,,,,
b3lyp_gas,all,extended,adiabatic electron affinity (electronic),AEA_elec_eV,4,4.4369,-5.2908,0.9694,0.9398,0.0306,3.2353,0.8088,0.8993,1.2757,0.8789,,,BrBz_123456;ClBz_123456;ClBz_12345;ClBz_14,,,,
b3lyp_gas,all,extended,electrophilicity index (dSCF),omega_dSCF_eV,12,10.6606,-13.8466,0.8338,0.6953,0.0007,29.8373,2.4864,1.5768,2.4496,0.2646,,,BrBz_1;BrBz_14;BrBz_13;BrBz_124;BrBz_135;BrBz_1245;BrBz_123456;ClBz_123456;ClBz_12345;ClBz_1245;ClBz_12;ClBz_14,,,,
b3lyp_gas,all,extended,E deg ArX/ArX.- (SMD levels only),E_ET_V,0,,,,,,,,,,,,,,,,,
b3lyp_gas,all,extended,"dG ArX + e- -> ArX.-, bound RA only",dG_ET_kcal,4,-0.1908,-6.1934,-0.9773,0.9552,0.0227,2.4084,0.6021,0.776,1.1547,0.9008,,,BrBz_123456;ClBz_123456;ClBz_12345;ClBz_14,,,,
b3lyp_gas,all,extended,"dG ArX.- -> Ar. + X-, bound RA only",min_dG_frag_kcal,4,0.2696,-4.7688,0.9617,0.9248,0.0383,4.0404,1.0101,1.005,7.8937,-3.6359,,,BrBz_123456;ClBz_123456;ClBz_12345;ClBz_14,,,,
b3lyp_gas,all,extended,"dG ArX.- + e- -> Ar- + X-, bound RA only",min_dG_RA_2e_kcal,4,-0.9096,-44.7666,-0.8859,0.7849,0.1141,11.5662,2.8915,1.7005,7.9555,-3.7088,,,BrBz_123456;ClBz_123456;ClBz_12345;ClBz_14,,,,
b3lyp_gas,all,extended,dG ArX + H+ + 2e- -> ArH + X-,min_dG_2e_HDH_kcal,12,-0.4243,-184.1803,-0.7196,0.5178,0.0083,47.2171,3.9348,1.9836,2.2687,0.3692,,,BrBz_1;BrBz_14;BrBz_13;BrBz_124;BrBz_135;BrBz_1245;BrBz_123456;ClBz_123456;ClBz_12345;ClBz_1245;ClBz_12;ClBz_14,,,,
b3lyp_gas,all,extended,dG Ar. + e- -> Ar-,min_dG_rad_red_kcal,12,-0.1628,-9.9436,-0.8856,0.7843,0.0001,21.1199,1.76,1.3266,1.5857,0.6918,,,BrBz_1;BrBz_14;BrBz_13;BrBz_124;BrBz_135;BrBz_1245;BrBz_123456;ClBz_123456;ClBz_12345;ClBz_1245;ClBz_12;ClBz_14,,,,
b3lyp_gas,all,extended,inner-sphere reorganisation energy,lambda_i_kcal,4,0.0384,-2.6408,0.2134,0.0455,0.7866,51.316,12.829,3.5818,9.0215,-5.0551,,,BrBz_123456;ClBz_123456;ClBz_12345;ClBz_14,,,,
b3lyp_gas,all,extended,weakest C-X bond enthalpy,min_BDE_kcal,12,-0.1507,9.7546,-0.3968,0.1575,0.2015,82.4924,6.8744,2.6219,3.14,-0.2084,,,BrBz_1;BrBz_14;BrBz_13;BrBz_124;BrBz_135;BrBz_1245;BrBz_123456;ClBz_123456;ClBz_12345;ClBz_1245;ClBz_12;ClBz_14,,,,
b3lyp_gas,all,extended,Saveant intrinsic barrier (weakest C-X),min_dG0_act_concerted_kcal,0,,,,,,,,,,,,,,,,,
b3lyp_gas,all,extended,Saveant concerted barrier,eff_dG_act_concerted_kcal @ -2.00 V,0,,,,,,,,,,,,,,,,,
b3lyp_gas,all,extended,stepwise ET + cleavage barrier,eff_dG_act_stepwise_kcal @ -2.00 V,0,,,,,,,,,,,,,,,,,
b3lyp_gas,all,extended,combined stepwise + concerted,eff_dG_act_combined_kcal @ -2.00 V,0,,,,,,,,,,,,,,,,,
b3lyp_gas,all,extended,C-X cleavage TS barrier of ArX.-,eff_dG_act_frag_TS_kcal,0,,,,,,,,,,,,,,,,,
b3lyp_gas,all,extended,largest Fukui f+ on a C-X bond,max_fplus_CX,12,2.8939,-2.5444,0.0708,0.005,0.8268,97.4203,8.1184,2.8493,4.0498,-1.0101,,,BrBz_1;BrBz_14;BrBz_13;BrBz_124;BrBz_135;BrBz_1245;BrBz_123456;ClBz_123456;ClBz_12345;ClBz_1245;ClBz_12;ClBz_14,,,,
b3lyp_gas,all,extended,weakest Wiberg C-X bond order,min_wiberg_CX_parent,12,83.4803,-90.2196,0.4738,0.2244,0.1197,75.9364,6.328,2.5156,2.8657,-0.0065,,,BrBz_1;BrBz_14;BrBz_13;BrBz_124;BrBz_135;BrBz_1245;BrBz_123456;ClBz_123456;ClBz_12345;ClBz_1245;ClBz_12;ClBz_14,,,,
b3lyp_gas,all,extended,largest halogen spin density in ArX.-,max_spin_RA_X,4,1.8153,-1.4623,0.0631,0.004,0.9369,53.55,13.3875,3.6589,24.1188,-42.2794,,,BrBz_123456;ClBz_123456;ClBz_12345;ClBz_14,,,,
b3lyp_gas,all,extended,largest C-X elongation in ArX.-,max_dr_CX_RA_A,12,-2.7786,-0.7451,-0.3594,0.1292,0.2512,85.2621,7.1052,2.6656,3.1864,-0.2444,,,BrBz_1;BrBz_14;BrBz_13;BrBz_124;BrBz_135;BrBz_1245;BrBz_123456;ClBz_123456;ClBz_12345;ClBz_1245;ClBz_12;ClBz_14,,,,
b3lyp_gas,all,MLR,MLR: dG ArX + e- -> ArX.- + dG ArX.- -> Ar. + X-,dG_ET_any_kcal + min_dG_frag_any_kcal,12,,,,0.8773,,12.0094,1.0008,1.0004,,,,,,0.8501,-5.7834,-0.0925,0.1792
b3lyp_gas,all,MLR,MLR: dG ArX + e- -> ArX.- + dG ArX.- + e- -> Ar- + X-,dG_ET_any_kcal + min_dG_RA_2e_any_kcal,12,,,,0.8869,,11.0742,0.9228,0.9607,,,,,,0.8618,-9.6765,-0.1802,-0.0919
b3lyp_smd,bromobenzene,thermo,LUMO of ArX,LUMO_eV,7,-4.3352,-7.9111,-0.9185,0.8437,0.0035,8.9635,1.2805,1.1316,2.5073,0.2325,,1.6,BrBz_1;BrBz_14;BrBz_13;BrBz_124;BrBz_135;BrBz_1245;BrBz_123456,,,,
b3lyp_smd,bromobenzene,thermo,LUMO of the radical anion ArX.-,LUMO_RA_eV,7,-8.7741,-18.7654,-0.8694,0.7559,0.011,13.9962,1.9995,1.414,2.4366,0.2752,,7.994,BrBz_1;BrBz_14;BrBz_13;BrBz_124;BrBz_135;BrBz_1245;BrBz_123456,,,,
b3lyp_smd,bromobenzene,thermo,dG ArX + e- -> Ar. + X-,min_dG_1e_kcal,7,-0.6773,-46.9141,-0.8234,0.6779,0.0228,18.4662,2.638,1.6242,3.7844,-0.7484,,3.964,BrBz_1;BrBz_14;BrBz_13;BrBz_124;BrBz_135;BrBz_1245;BrBz_123456,,,,
b3lyp_smd,bromobenzene,thermo,dG ArX + 2e- -> Ar- + X-,min_dG_2e_carbanion_kcal,7,-0.2259,-38.0284,-0.9174,0.8416,0.0036,9.0802,1.2972,1.1389,2.1466,0.4375,,3.51,BrBz_1;BrBz_14;BrBz_13;BrBz_124;BrBz_135;BrBz_1245;BrBz_123456,,,,
b3lyp_smd,bromobenzene,thermo,dG ArX + e- -> ArX.-,dG_ET_any_kcal,7,-0.4652,-32.1512,-0.8654,0.7489,0.0119,14.4004,2.0572,1.4343,3.2037,-0.253,,3.804,BrBz_1;BrBz_14;BrBz_13;BrBz_124;BrBz_135;BrBz_1245;BrBz_123456,,,,
b3lyp_smd,bromobenzene,thermo,dG ArX.- -> Ar. + X-,min_dG_frag_any_kcal,7,1.3174,0.0119,0.8959,0.8027,0.0063,11.3155,1.6165,1.2714,1.9705,0.526,,14.291,BrBz_1;BrBz_14;BrBz_13;BrBz_124;BrBz_135;BrBz_1245;BrBz_123456,,,,
b3lyp_smd,bromobenzene,thermo,dG ArX.- + e- -> Ar- + X-,min_dG_RA_2e_any_kcal,7,-0.4218,-41.9329,-0.9449,0.8928,0.0013,6.146,0.878,0.937,1.4711,0.7358,,7.619,BrBz_1;BrBz_14;BrBz_13;BrBz_124;BrBz_135;BrBz_1245;BrBz_123456,,,,
b3lyp_smd,bromobenzene,extended,number of halogens,n_X,7,1.7556,-6.915,0.9274,0.8601,0.0026,8.0218,1.146,1.0705,2.084,0.4698,,2.545,BrBz_1;BrBz_14;BrBz_13;BrBz_124;BrBz_135;BrBz_1245;BrBz_123456,,,,
b3lyp_smd,bromobenzene,extended,vertical electron affinity,VEA_eV,7,4.8048,-9.1902,0.8632,0.7452,0.0123,14.6127,2.0875,1.4448,3.4195,-0.4275,,1.927,BrBz_1;BrBz_14;BrBz_13;BrBz_124;BrBz_135;BrBz_1245;BrBz_123456,,,,
b3lyp_smd,bromobenzene,extended,adiabatic electron affinity (electronic),AEA_elec_eV,0,,,,,,,,,,,,,,,,,
b3lyp_smd,bromobenzene,extended,electrophilicity index (dSCF),omega_dSCF_eV,7,5.4507,-11.0661,0.8238,0.6786,0.0227,18.4279,2.6326,1.6225,4.5505,-1.5279,,1.986,BrBz_1;BrBz_14;BrBz_13;BrBz_124;BrBz_135;BrBz_1245;BrBz_123456,,,,
b3lyp_smd,bromobenzene,extended,E deg ArX/ArX.- (SMD levels only),E_ET_V,0,,,,,,,,,,,,,,,,,
b3lyp_smd,bromobenzene,extended,"dG ArX + e- -> ArX.-, bound RA only",dG_ET_kcal,0,,,,,,,,,,,,,,,,,
b3lyp_smd,bromobenzene,extended,"dG ArX.- -> Ar. + X-, bound RA only",min_dG_frag_kcal,0,,,,,,,,,,,,,,,,,
b3lyp_smd,bromobenzene,extended,"dG ArX.- + e- -> Ar- + X-, bound RA only",min_dG_RA_2e_kcal,0,,,,,,,,,,,,,,,,,
b3lyp_smd,bromobenzene,extended,dG ArX + H+ + 2e- -> ArH + X-,min_dG_2e_HDH_kcal,7,-0.6499,-144.1566,-0.886,0.785,0.0079,12.327,1.761,1.327,2.394,0.3003,,4.704,BrBz_1;BrBz_14;BrBz_13;BrBz_124;BrBz_135;BrBz_1245;BrBz_123456,,,,
b3lyp_smd,bromobenzene,extended,dG Ar. + e- -> Ar-,min_dG_rad_red_kcal,7,-0.3278,-32.5355,-0.9452,0.8933,0.0013,6.1161,0.8737,0.9347,1.6079,0.6844,,3.351,BrBz_1;BrBz_14;BrBz_13;BrBz_124;BrBz_135;BrBz_1245;BrBz_123456,,,,
b3lyp_smd,bromobenzene,extended,inner-sphere reorganisation energy,lambda_i_kcal,0,,,,,,,,,,,,,,,,,
b3lyp_smd,bromobenzene,extended,weakest C-X bond enthalpy,min_BDE_kcal,7,-0.7196,49.7511,-0.8156,0.6652,0.0253,19.1995,2.7428,1.6561,3.9954,-0.9488,,10.059,BrBz_1;BrBz_14;BrBz_13;BrBz_124;BrBz_135;BrBz_1245;BrBz_123456,,,,
b3lyp_smd,bromobenzene,extended,Saveant intrinsic barrier (weakest C-X),min_dG0_act_concerted_kcal,7,-2.0629,49.9981,-0.8876,0.7878,0.0077,12.1687,1.7384,1.3185,2.9945,-0.0947,1.222,7.115,BrBz_1;BrBz_14;BrBz_13;BrBz_124;BrBz_135;BrBz_1245;BrBz_123456,,,,
b3lyp_smd,bromobenzene,extended,Saveant concerted barrier,eff_dG_act_concerted_kcal @ -2.00 V,7,-0.8657,13.9001,-0.878,0.7709,0.0093,13.1349,1.8764,1.3698,3.1803,-0.2348,0.513,1.565,BrBz_1;BrBz_14;BrBz_13;BrBz_124;BrBz_135;BrBz_1245;BrBz_123456,,,,
b3lyp_smd,bromobenzene,extended,stepwise ET + cleavage barrier,eff_dG_act_stepwise_kcal @ -2.00 V,0,,,,,,,,,,,,,,,,,
b3lyp_smd,bromobenzene,extended,combined stepwise + concerted,eff_dG_act_combined_kcal @ -2.00 V,0,,,,,,,,,,,,,,,,,
b3lyp_smd,bromobenzene,extended,C-X cleavage TS barrier of ArX.-,eff_dG_act_frag_TS_kcal,0,,,,,,,,,,,,,,,,,
b3lyp_smd,bromobenzene,extended,largest Fukui f+ on a C-X bond,max_fplus_CX,7,14.3159,-4.1915,0.4013,0.161,0.3722,48.1052,6.8722,2.6215,5.7996,-3.1062,,2.381,BrBz_1;BrBz_14;BrBz_13;BrBz_124;BrBz_135;BrBz_1245;BrBz_123456,,,,
b3lyp_smd,bromobenzene,extended,weakest Wiberg C-X bond order,min_wiberg_CX_parent,7,240.705,-252.1394,0.9388,0.8813,0.0017,6.8081,0.9726,0.9862,1.6358,0.6733,,6.393,BrBz_1;BrBz_14;BrBz_13;BrBz_124;BrBz_135;BrBz_1245;BrBz_123456,,,,
b3lyp_smd,bromobenzene,extended,largest halogen spin density in ArX.-,max_spin_RA_X,0,,,,,,,,,,,,,,,,,
b3lyp_smd,bromobenzene,extended,largest C-X elongation in ArX.-,max_dr_CX_RA_A,7,-2.8228,-0.7115,-0.4915,0.2416,0.2626,43.4847,6.2121,2.4924,3.8755,-0.8336,,6.516,BrBz_1;BrBz_14;BrBz_13;BrBz_124;BrBz_135;BrBz_1245;BrBz_123456,,,,
b3lyp_smd,bromobenzene,MLR,MLR: dG ArX + e- -> ArX.- + dG ArX.- -> Ar. + X-,dG_ET_any_kcal + min_dG_frag_any_kcal,7,,,,0.8027,,11.3132,1.6162,1.2713,,,,,,0.704,0.9355,0.0134,1.3529
b3lyp_smd,bromobenzene,MLR,MLR: dG ArX + e- -> ArX.- + dG ArX.- + e- -> Ar- + X-,dG_ET_any_kcal + min_dG_RA_2e_any_kcal,7,,,,0.919,,4.6472,0.6639,0.8148,,,,,,0.8784,-45.3711,0.3197,-0.6774
b3lyp_smd,chlorobenzene,thermo,LUMO of ArX,LUMO_eV,5,-6.4346,-10.8385,-0.8706,0.758,0.0548,9.5301,1.906,1.3806,2.3912,0.274,,,ClBz_123456;ClBz_12345;ClBz_1245;ClBz_12;ClBz_14,,,,
b3lyp_smd,chlorobenzene,thermo,LUMO of the radical anion ArX.-,LUMO_RA_eV,5,-2.0924,-6.9966,-0.7914,0.6263,0.1107,14.7161,2.9432,1.7156,6.2561,-3.9696,,,ClBz_123456;ClBz_12345;ClBz_1245;ClBz_12;ClBz_14,,,,
b3lyp_smd,chlorobenzene,thermo,dG ArX + e- -> Ar. + X-,min_dG_1e_kcal,5,-1.1338,-83.065,-0.9,0.8099,0.0374,7.484,1.4968,1.2234,2.1249,0.4267,,,ClBz_123456;ClBz_12345;ClBz_1245;ClBz_12;ClBz_14,,,,
b3lyp_smd,chlorobenzene,thermo,dG ArX + 2e- -> Ar- + X-,min_dG_2e_carbanion_kcal,5,-0.2078,-38.1941,-0.9021,0.8137,0.0362,7.3357,1.4671,1.2113,2.1497,0.4132,,,ClBz_123456;ClBz_12345;ClBz_1245;ClBz_12;ClBz_14,,,,
b3lyp_smd,chlorobenzene,thermo,dG ArX + e- -> ArX.-,dG_ET_any_kcal,5,-0.1904,-14.5331,-0.8791,0.7728,0.0495,8.9466,1.7893,1.3377,4.612,-1.7009,,,ClBz_123456;ClBz_12345;ClBz_1245;ClBz_12;ClBz_14,,,,
b3lyp_smd,chlorobenzene,thermo,dG ArX.- -> Ar. + X-,min_dG_frag_any_kcal,5,0.2087,-0.8423,0.8354,0.698,0.0781,11.893,2.3786,1.5423,3.7935,-0.8272,,,ClBz_123456;ClBz_12345;ClBz_1245;ClBz_12;ClBz_14,,,,
b3lyp_smd,chlorobenzene,thermo,dG ArX.- + e- -> Ar- + X-,min_dG_RA_2e_any_kcal,5,0.0171,-0.4304,0.0498,0.0025,0.9366,39.2799,7.856,2.8029,4.9138,-2.0659,,,ClBz_123456;ClBz_12345;ClBz_1245;ClBz_12;ClBz_14,,,,
b3lyp_smd,chlorobenzene,extended,number of halogens,n_X,5,1.5249,-8.0827,0.8694,0.7558,0.0555,9.6145,1.9229,1.3867,2.4497,0.238,,,ClBz_123456;ClBz_12345;ClBz_1245;ClBz_12;ClBz_14,,,,
b3lyp_smd,chlorobenzene,extended,vertical electron affinity,VEA_eV,5,8.804,-15.9678,0.8467,0.7168,0.0704,11.1509,2.2302,1.4934,2.8104,-0.0029,,,ClBz_123456;ClBz_12345;ClBz_1245;ClBz_12;ClBz_14,,,,
b3lyp_smd,chlorobenzene,extended,adiabatic electron affinity (electronic),AEA_elec_eV,3,4.5541,-13.683,0.9396,0.8829,0.2223,4.3888,1.4629,1.2095,56.3545,-253.2056,,,ClBz_123456;ClBz_12345;ClBz_14,,,,
b3lyp_smd,chlorobenzene,extended,electrophilicity index (dSCF),omega_dSCF_eV,5,12.0268,-22.5654,0.8618,0.7427,0.0604,10.1332,2.0266,1.4236,2.6318,0.1205,,,ClBz_123456;ClBz_12345;ClBz_1245;ClBz_12;ClBz_14,,,,
b3lyp_smd,chlorobenzene,extended,E deg ArX/ArX.- (SMD levels only),E_ET_V,3,4.8251,5.4805,0.9467,0.8963,0.2087,3.8866,1.2955,1.1382,29.3249,-67.8334,,,ClBz_123456;ClBz_12345;ClBz_14,,,,
b3lyp_smd,chlorobenzene,extended,"dG ArX + e- -> ArX.-, bound RA only",dG_ET_kcal,3,-0.2093,-15.1803,-0.9468,0.8965,0.2085,3.8793,1.2931,1.1371,29.1041,-66.8009,,,ClBz_123456;ClBz_12345;ClBz_14,,,,
b3lyp_smd,chlorobenzene,extended,"dG ArX.- -> Ar. + X-, bound RA only",min_dG_frag_kcal,3,0.2513,0.2915,0.9438,0.8908,0.2144,4.0933,1.3644,1.1681,36.9948,-108.5494,,,ClBz_123456;ClBz_12345;ClBz_14,,,,
b3lyp_smd,chlorobenzene,extended,"dG ArX.- + e- -> Ar- + X-, bound RA only",min_dG_RA_2e_kcal,3,2.0886,236.8731,0.8256,0.6817,0.3816,11.9314,3.9771,1.9943,11.7734,-10.095,,,ClBz_123456;ClBz_12345;ClBz_14,,,,
b3lyp_smd,chlorobenzene,extended,dG ArX + H+ + 2e- -> ArH + X-,min_dG_2e_HDH_kcal,5,-0.8274,-188.7141,-0.9329,0.8702,0.0207,5.1092,1.0218,1.0109,1.7509,0.6107,,,ClBz_123456;ClBz_12345;ClBz_1245;ClBz_12;ClBz_14,,,,
b3lyp_smd,chlorobenzene,extended,dG Ar. + e- -> Ar-,min_dG_rad_red_kcal,5,-0.2539,-28.0652,-0.9014,0.8126,0.0366,7.3791,1.4758,1.2148,2.1649,0.4049,,,ClBz_123456;ClBz_12345;ClBz_1245;ClBz_12;ClBz_14,,,,
b3lyp_smd,chlorobenzene,extended,inner-sphere reorganisation energy,lambda_i_kcal,3,0.0951,-8.0278,0.9196,0.8457,0.257,5.7818,1.9273,1.3883,60.6366,-293.3049,,,ClBz_123456;ClBz_12345;ClBz_14,,,,
b3lyp_smd,chlorobenzene,extended,weakest C-X bond enthalpy,min_BDE_kcal,5,-1.0854,91.1689,-0.8511,0.7244,0.0674,10.8543,2.1709,1.4734,2.6228,0.1265,,,ClBz_123456;ClBz_12345;ClBz_1245;ClBz_12;ClBz_14,,,,
b3lyp_smd,chlorobenzene,extended,Saveant intrinsic barrier (weakest C-X),min_dG0_act_concerted_kcal,5,-2.6832,74.7798,-0.8788,0.7723,0.0497,8.965,1.793,1.339,2.3339,0.3084,1.59,,ClBz_123456;ClBz_12345;ClBz_1245;ClBz_12;ClBz_14,,,,
b3lyp_smd,chlorobenzene,extended,Saveant concerted barrier,eff_dG_act_concerted_kcal @ -2.00 V,5,-1.3076,23.2742,-0.925,0.8556,0.0244,5.6873,1.1375,1.0665,1.8024,0.5875,0.775,,ClBz_123456;ClBz_12345;ClBz_1245;ClBz_12;ClBz_14,,,,
b3lyp_smd,chlorobenzene,extended,stepwise ET + cleavage barrier,eff_dG_act_stepwise_kcal @ -2.00 V,0,,,,,,,,,,,,,,,,,
b3lyp_smd,chlorobenzene,extended,combined stepwise + concerted,eff_dG_act_combined_kcal @ -2.00 V,0,,,,,,,,,,,,,,,,,
b3lyp_smd,chlorobenzene,extended,C-X cleavage TS barrier of ArX.-,eff_dG_act_frag_TS_kcal,0,,,,,,,,,,,,,,,,,
b3lyp_smd,chlorobenzene,extended,largest Fukui f+ on a C-X bond,max_fplus_CX,5,43.4508,-9.6297,0.7551,0.5701,0.14,16.9264,3.3853,1.8399,3.1184,-0.2348,,,ClBz_123456;ClBz_12345;ClBz_1245;ClBz_12;ClBz_14,,,,
b3lyp_smd,chlorobenzene,extended,weakest Wiberg C-X bond order,min_wiberg_CX_parent,5,187.379,-201.6932,0.9635,0.9284,0.0083,2.8211,0.5642,0.7512,1.3061,0.7834,,,ClBz_123456;ClBz_12345;ClBz_1245;ClBz_12;ClBz_14,,,,
b3lyp_smd,chlorobenzene,extended,largest halogen spin density in ArX.-,max_spin_RA_X,3,24.0138,-7.4133,0.9406,0.8848,0.2205,4.3194,1.4398,1.1999,50.3936,-202.2728,,,ClBz_123456;ClBz_12345;ClBz_14,,,,
b3lyp_smd,chlorobenzene,extended,largest C-X elongation in ArX.-,max_dr_CX_RA_A,5,-0.0539,-2.2137,-0.0375,0.0014,0.9523,39.3222,7.8644,2.8044,11.8632,-16.8701,,,ClBz_123456;ClBz_12345;ClBz_1245;ClBz_12;ClBz_14,,,,
b3lyp_smd,chlorobenzene,MLR,MLR: dG ArX + e- -> ArX.- + dG ArX.- -> Ar. + X-,dG_ET_any_kcal + min_dG_frag_any_kcal,5,,,,0.8766,,4.8576,0.9715,0.9857,,,,,,0.7533,-57.4872,-0.784,-0.6893
b3lyp_smd,chlorobenzene,MLR,MLR: dG ArX + e- -> ArX.- + dG ArX.- + e- -> Ar- + X-,dG_ET_any_kcal + min_dG_RA_2e_any_kcal,5,,,,0.8868,,4.4571,0.8914,0.9441,,,,,,0.7736,-30.4287,-0.223,-0.1272
b3lyp_smd,halobenzene,thermo,LUMO of ArX,LUMO_eV,12,-4.8031,-8.6219,-0.8863,0.7856,0.0001,20.9963,1.7497,1.3228,1.9612,0.5286,,,BrBz_1;BrBz_14;BrBz_13;BrBz_124;BrBz_135;BrBz_1245;BrBz_123456;ClBz_123456;ClBz_12345;ClBz_1245;ClBz_12;ClBz_14,,,,
b3lyp_smd,halobenzene,thermo,LUMO of the radical anion ArX.-,LUMO_RA_eV,12,-2.5037,-7.1115,-0.643,0.4134,0.0241,57.4339,4.7862,2.1877,2.5755,0.1871,,,BrBz_1;BrBz_14;BrBz_13;BrBz_124;BrBz_135;BrBz_1245;BrBz_123456;ClBz_123456;ClBz_12345;ClBz_1245;ClBz_12;ClBz_14,,,,
b3lyp_smd,halobenzene,thermo,dG ArX + e- -> Ar. + X-,min_dG_1e_kcal,12,-0.4645,-33.8091,-0.6055,0.3666,0.037,62.0195,5.1683,2.2734,2.619,0.1594,,,BrBz_1;BrBz_14;BrBz_13;BrBz_124;BrBz_135;BrBz_1245;BrBz_123456;ClBz_123456;ClBz_12345;ClBz_1245;ClBz_12;ClBz_14,,,,
b3lyp_smd,halobenzene,thermo,dG ArX + 2e- -> Ar- + X-,min_dG_2e_carbanion_kcal,12,-0.1657,-29.4066,-0.7651,0.5854,0.0037,40.5978,3.3831,1.8393,2.1833,0.4158,,,BrBz_1;BrBz_14;BrBz_13;BrBz_124;BrBz_135;BrBz_1245;BrBz_123456;ClBz_123456;ClBz_12345;ClBz_1245;ClBz_12;ClBz_14,,,,
b3lyp_smd,halobenzene,thermo,dG ArX + e- -> ArX.-,dG_ET_any_kcal,12,-0.2441,-17.7925,-0.7965,0.6344,0.0019,35.7948,2.9829,1.7271,2.4481,0.2655,,,BrBz_1;BrBz_14;BrBz_13;BrBz_124;BrBz_135;BrBz_1245;BrBz_123456;ClBz_123456;ClBz_12345;ClBz_1245;ClBz_12;ClBz_14,,,,
b3lyp_smd,halobenzene,thermo,dG ArX.- -> Ar. + X-,min_dG_frag_any_kcal,12,0.2358,-1.0605,0.6534,0.4269,0.0212,56.1119,4.676,2.1624,7.4472,-5.7972,,,BrBz_1;BrBz_14;BrBz_13;BrBz_124;BrBz_135;BrBz_1245;BrBz_123456;ClBz_123456;ClBz_12345;ClBz_1245;ClBz_12;ClBz_14,,,,
b3lyp_smd,halobenzene,thermo,dG ArX.- + e- -> Ar- + X-,min_dG_RA_2e_any_kcal,12,-0.0823,-10.2169,-0.2772,0.0768,0.3831,90.3888,7.5324,2.7445,3.5951,-0.5841,,,BrBz_1;BrBz_14;BrBz_13;BrBz_124;BrBz_135;BrBz_1245;BrBz_123456;ClBz_123456;ClBz_12345;ClBz_1245;ClBz_12;ClBz_14,,,,
b3lyp_smd,halobenzene,extended,number of halogens,n_X,12,1.5037,-6.9273,0.8416,0.7082,0.0006,28.5668,2.3806,1.5429,1.7804,0.6115,,,BrBz_1;BrBz_14;BrBz_13;BrBz_124;BrBz_135;BrBz_1245;BrBz_123456;ClBz_123456;ClBz_12345;ClBz_1245;ClBz_12;ClBz_14,,,,
b3lyp_smd,halobenzene,extended,vertical electron affinity,VEA_eV,12,5.4739,-10.471,0.8234,0.678,0.001,31.5229,2.6269,1.6208,2.3716,0.3107,,,BrBz_1;BrBz_14;BrBz_13;BrBz_124;BrBz_135;BrBz_1245;BrBz_123456;ClBz_123456;ClBz_12345;ClBz_1245;ClBz_12;ClBz_14,,,,
b3lyp_smd,halobenzene,extended,adiabatic electron affinity (electronic),AEA_elec_eV,4,4.966,-14.3844,0.9434,0.89,0.0566,5.9128,1.4782,1.2158,10.2912,-6.8795,,,BrBz_123456;ClBz_123456;ClBz_12345;ClBz_14,,,,
b3lyp_smd,halobenzene,extended,electrophilicity index (dSCF),omega_dSCF_eV,12,6.3604,-12.7936,0.7917,0.6268,0.0022,36.5444,3.0454,1.7451,2.9705,-0.0814,,,BrBz_1;BrBz_14;BrBz_13;BrBz_124;BrBz_135;BrBz_1245;BrBz_123456;ClBz_123456;ClBz_12345;ClBz_1245;ClBz_12;ClBz_14,,,,
b3lyp_smd,halobenzene,extended,E deg ArX/ArX.- (SMD levels only),E_ET_V,4,5.2135,6.3843,0.9524,0.907,0.0476,4.9984,1.2496,1.1179,7.9025,-3.6463,,,BrBz_123456;ClBz_123456;ClBz_12345;ClBz_14,,,,
b3lyp_smd,halobenzene,extended,"dG ArX + e- -> ArX.-, bound RA only",dG_ET_kcal,4,-0.2261,-15.9388,-0.9525,0.9072,0.0475,4.9885,1.2471,1.1168,7.8925,-3.6344,,,BrBz_123456;ClBz_123456;ClBz_12345;ClBz_14,,,,
b3lyp_smd,halobenzene,extended,"dG ArX.- -> Ar. + X-, bound RA only",min_dG_frag_kcal,4,0.2719,0.7882,0.9499,0.9023,0.0501,5.2533,1.3133,1.146,7.9539,-3.7068,,,BrBz_123456;ClBz_123456;ClBz_12345;ClBz_14,,,,
b3lyp_smd,halobenzene,extended,"dG ArX.- + e- -> Ar- + X-, bound RA only",min_dG_RA_2e_kcal,4,0.8185,91.0557,0.7595,0.5769,0.2405,22.7474,5.6869,2.3847,6.7024,-2.3422,,,BrBz_123456;ClBz_123456;ClBz_12345;ClBz_14,,,,
b3lyp_smd,halobenzene,extended,dG ArX + H+ + 2e- -> ArH + X-,min_dG_2e_HDH_kcal,12,-0.3784,-85.8482,-0.6199,0.3842,0.0316,60.29,5.0242,2.2415,2.5807,0.1838,,,BrBz_1;BrBz_14;BrBz_13;BrBz_124;BrBz_135;BrBz_1245;BrBz_123456;ClBz_123456;ClBz_12345;ClBz_1245;ClBz_12;ClBz_14,,,,
b3lyp_smd,halobenzene,extended,dG Ar. + e- -> Ar-,min_dG_rad_red_kcal,12,-0.238,-25.0647,-0.8081,0.653,0.0015,33.9728,2.8311,1.6826,2.0474,0.4863,,,BrBz_1;BrBz_14;BrBz_13;BrBz_124;BrBz_135;BrBz_1245;BrBz_123456;ClBz_123456;ClBz_12345;ClBz_1245;ClBz_12;ClBz_14,,,,
b3lyp_smd,halobenzene,extended,inner-sphere reorganisation energy,lambda_i_kcal,4,0.0467,-3.558,0.4253,0.1809,0.5747,44.0397,11.0099,3.3181,6.8138,-2.4542,,,BrBz_123456;ClBz_123456;ClBz_12345;ClBz_14,,,,
b3lyp_smd,halobenzene,extended,weakest C-X bond enthalpy,min_BDE_kcal,12,-0.147,9.4834,-0.4002,0.1602,0.1974,82.2309,6.8526,2.6177,3.1322,-0.2024,,,BrBz_1;BrBz_14;BrBz_13;BrBz_124;BrBz_135;BrBz_1245;BrBz_123456;ClBz_123456;ClBz_12345;ClBz_1245;ClBz_12;ClBz_14,,,,
b3lyp_smd,halobenzene,extended,Saveant intrinsic barrier (weakest C-X),min_dG0_act_concerted_kcal,12,-0.7364,17.653,-0.5493,0.3017,0.0643,68.371,5.6976,2.387,2.7795,0.0532,0.436,,BrBz_1;BrBz_14;BrBz_13;BrBz_124;BrBz_135;BrBz_1245;BrBz_123456;ClBz_123456;ClBz_12345;ClBz_1245;ClBz_12;ClBz_14,,,,
b3lyp_smd,halobenzene,extended,Saveant concerted barrier,eff_dG_act_concerted_kcal @ -2.00 V,12,-0.9272,15.352,-0.8693,0.7556,0.0002,23.9248,1.9937,1.412,2.2663,0.3705,0.549,,BrBz_1;BrBz_14;BrBz_13;BrBz_124;BrBz_135;BrBz_1245;BrBz_123456;ClBz_123456;ClBz_12345;ClBz_1245;ClBz_12;ClBz_14,,,,
b3lyp_smd,halobenzene,extended,stepwise ET + cleavage barrier,eff_dG_act_stepwise_kcal @ -2.00 V,0,,,,,,,,,,,,,,,,,
b3lyp_smd,halobenzene,extended,combined stepwise + concerted,eff_dG_act_combined_kcal @ -2.00 V,0,,,,,,,,,,,,,,,,,
b3lyp_smd,halobenzene,extended,C-X cleavage TS barrier of ArX.-,eff_dG_act_frag_TS_kcal,0,,,,,,,,,,,,,,,,,
b3lyp_smd,halobenzene,extended,largest Fukui f+ on a C-X bond,max_fplus_CX,12,20.6056,-5.501,0.4979,0.2479,0.0995,73.6393,6.1366,2.4772,3.5503,-0.5448,,,BrBz_1;BrBz_14;BrBz_13;BrBz_124;BrBz_135;BrBz_1245;BrBz_123456;ClBz_123456;ClBz_12345;ClBz_1245;ClBz_12;ClBz_14,,,,
b3lyp_smd,halobenzene,extended,weakest Wiberg C-X bond order,min_wiberg_CX_parent,12,102.3754,-109.4558,0.6145,0.3776,0.0335,60.9445,5.0787,2.2536,2.5734,0.1884,,,BrBz_1;BrBz_14;BrBz_13;BrBz_124;BrBz_135;BrBz_1245;BrBz_123456;ClBz_123456;ClBz_12345;ClBz_1245;ClBz_12;ClBz_14,,,,
b3lyp_smd,halobenzene,extended,largest halogen spin density in ArX.-,max_spin_RA_X,4,14.892,-3.9151,0.5246,0.2752,0.4754,38.968,9.742,3.1212,6.6412,-2.2814,,,BrBz_123456;ClBz_123456;ClBz_12345;ClBz_14,,,,
b3lyp_smd,halobenzene,extended,largest C-X elongation in ArX.-,max_dr_CX_RA_A,12,-0.3292,-1.6612,-0.163,0.0266,0.6128,95.3115,7.9426,2.8183,3.2173,-0.2686,,,BrBz_1;BrBz_14;BrBz_13;BrBz_124;BrBz_135;BrBz_1245;BrBz_123456;ClBz_123456;ClBz_12345;ClBz_1245;ClBz_12;ClBz_14,,,,
b3lyp_smd,halobenzene,MLR,MLR: dG ArX + e- -> ArX.- + dG ArX.- -> Ar. + X-,dG_ET_any_kcal + min_dG_frag_any_kcal,12,,,,0.6748,,31.8369,2.6531,1.6288,,,,,,0.6026,-27.8382,-0.3882,-0.1846
b3lyp_smd,halobenzene,MLR,MLR: dG ArX + e- -> ArX.- + dG ArX.- + e- -> Ar- + X-,dG_ET_any_kcal + min_dG_RA_2e_any_kcal,12,,,,0.7254,,26.8872,2.2406,1.4969,,,,,,0.6644,-27.0142,-0.2469,-0.0896
b3lyp_smd,all,thermo,LUMO of ArX,LUMO_eV,12,-4.8031,-8.6219,-0.8863,0.7856,0.0001,20.9963,1.7497,1.3228,1.9612,0.5286,,,BrBz_1;BrBz_14;BrBz_13;BrBz_124;BrBz_135;BrBz_1245;BrBz_123456;ClBz_123456;ClBz_12345;ClBz_1245;ClBz_12;ClBz_14,,,,
b3lyp_smd,all,thermo,LUMO of the radical anion ArX.-,LUMO_RA_eV,12,-2.5037,-7.1115,-0.643,0.4134,0.0241,57.4339,4.7862,2.1877,2.5755,0.1871,,,BrBz_1;BrBz_14;BrBz_13;BrBz_124;BrBz_135;BrBz_1245;BrBz_123456;ClBz_123456;ClBz_12345;ClBz_1245;ClBz_12;ClBz_14,,,,
b3lyp_smd,all,thermo,dG ArX + e- -> Ar. + X-,min_dG_1e_kcal,12,-0.4645,-33.8091,-0.6055,0.3666,0.037,62.0195,5.1683,2.2734,2.619,0.1594,,,BrBz_1;BrBz_14;BrBz_13;BrBz_124;BrBz_135;BrBz_1245;BrBz_123456;ClBz_123456;ClBz_12345;ClBz_1245;ClBz_12;ClBz_14,,,,
b3lyp_smd,all,thermo,dG ArX + 2e- -> Ar- + X-,min_dG_2e_carbanion_kcal,12,-0.1657,-29.4066,-0.7651,0.5854,0.0037,40.5978,3.3831,1.8393,2.1833,0.4158,,,BrBz_1;BrBz_14;BrBz_13;BrBz_124;BrBz_135;BrBz_1245;BrBz_123456;ClBz_123456;ClBz_12345;ClBz_1245;ClBz_12;ClBz_14,,,,
b3lyp_smd,all,thermo,dG ArX + e- -> ArX.-,dG_ET_any_kcal,12,-0.2441,-17.7925,-0.7965,0.6344,0.0019,35.7948,2.9829,1.7271,2.4481,0.2655,,,BrBz_1;BrBz_14;BrBz_13;BrBz_124;BrBz_135;BrBz_1245;BrBz_123456;ClBz_123456;ClBz_12345;ClBz_1245;ClBz_12;ClBz_14,,,,
b3lyp_smd,all,thermo,dG ArX.- -> Ar. + X-,min_dG_frag_any_kcal,12,0.2358,-1.0605,0.6534,0.4269,0.0212,56.1119,4.676,2.1624,7.4472,-5.7972,,,BrBz_1;BrBz_14;BrBz_13;BrBz_124;BrBz_135;BrBz_1245;BrBz_123456;ClBz_123456;ClBz_12345;ClBz_1245;ClBz_12;ClBz_14,,,,
b3lyp_smd,all,thermo,dG ArX.- + e- -> Ar- + X-,min_dG_RA_2e_any_kcal,12,-0.0823,-10.2169,-0.2772,0.0768,0.3831,90.3888,7.5324,2.7445,3.5951,-0.5841,,,BrBz_1;BrBz_14;BrBz_13;BrBz_124;BrBz_135;BrBz_1245;BrBz_123456;ClBz_123456;ClBz_12345;ClBz_1245;ClBz_12;ClBz_14,,,,
b3lyp_smd,all,extended,number of halogens,n_X,14,1.417,-6.8402,0.822,0.6758,0.0003,32.2774,2.3055,1.5184,1.7159,0.5859,,,BrBz_1;BrBz_14;BrBz_13;BrBz_124;BrBz_135;BrBz_1245;BrBz_123456;BDE_24_24;BDE_245_24;ClBz_123456;ClBz_12345;ClBz_1245;ClBz_12;ClBz_14,,,,
b3lyp_smd,all,extended,vertical electron affinity,VEA_eV,12,5.4739,-10.471,0.8234,0.678,0.001,31.5229,2.6269,1.6208,2.3716,0.3107,,,BrBz_1;BrBz_14;BrBz_13;BrBz_124;BrBz_135;BrBz_1245;BrBz_123456;ClBz_123456;ClBz_12345;ClBz_1245;ClBz_12;ClBz_14,,,,
b3lyp_smd,all,extended,adiabatic electron affinity (electronic),AEA_elec_eV,4,4.966,-14.3844,0.9434,0.89,0.0566,5.9128,1.4782,1.2158,10.2912,-6.8795,,,BrBz_123456;ClBz_123456;ClBz_12345;ClBz_14,,,,
b3lyp_smd,all,extended,electrophilicity index (dSCF),omega_dSCF_eV,12,6.3604,-12.7936,0.7917,0.6268,0.0022,36.5444,3.0454,1.7451,2.9705,-0.0814,,,BrBz_1;BrBz_14;BrBz_13;BrBz_124;BrBz_135;BrBz_1245;BrBz_123456;ClBz_123456;ClBz_12345;ClBz_1245;ClBz_12;ClBz_14,,,,
b3lyp_smd,all,extended,E deg ArX/ArX.- (SMD levels only),E_ET_V,4,5.2135,6.3843,0.9524,0.907,0.0476,4.9984,1.2496,1.1179,7.9025,-3.6463,,,BrBz_123456;ClBz_123456;ClBz_12345;ClBz_14,,,,
b3lyp_smd,all,extended,"dG ArX + e- -> ArX.-, bound RA only",dG_ET_kcal,4,-0.2261,-15.9388,-0.9525,0.9072,0.0475,4.9885,1.2471,1.1168,7.8925,-3.6344,,,BrBz_123456;ClBz_123456;ClBz_12345;ClBz_14,,,,
b3lyp_smd,all,extended,"dG ArX.- -> Ar. + X-, bound RA only",min_dG_frag_kcal,4,0.2719,0.7882,0.9499,0.9023,0.0501,5.2533,1.3133,1.146,7.9539,-3.7068,,,BrBz_123456;ClBz_123456;ClBz_12345;ClBz_14,,,,
b3lyp_smd,all,extended,"dG ArX.- + e- -> Ar- + X-, bound RA only",min_dG_RA_2e_kcal,4,0.8185,91.0557,0.7595,0.5769,0.2405,22.7474,5.6869,2.3847,6.7024,-2.3422,,,BrBz_123456;ClBz_123456;ClBz_12345;ClBz_14,,,,
b3lyp_smd,all,extended,dG ArX + H+ + 2e- -> ArH + X-,min_dG_2e_HDH_kcal,12,-0.3784,-85.8482,-0.6199,0.3842,0.0316,60.29,5.0242,2.2415,2.5807,0.1838,,,BrBz_1;BrBz_14;BrBz_13;BrBz_124;BrBz_135;BrBz_1245;BrBz_123456;ClBz_123456;ClBz_12345;ClBz_1245;ClBz_12;ClBz_14,,,,
b3lyp_smd,all,extended,dG Ar. + e- -> Ar-,min_dG_rad_red_kcal,12,-0.238,-25.0647,-0.8081,0.653,0.0015,33.9728,2.8311,1.6826,2.0474,0.4863,,,BrBz_1;BrBz_14;BrBz_13;BrBz_124;BrBz_135;BrBz_1245;BrBz_123456;ClBz_123456;ClBz_12345;ClBz_1245;ClBz_12;ClBz_14,,,,
b3lyp_smd,all,extended,inner-sphere reorganisation energy,lambda_i_kcal,4,0.0467,-3.558,0.4253,0.1809,0.5747,44.0397,11.0099,3.3181,6.8138,-2.4542,,,BrBz_123456;ClBz_123456;ClBz_12345;ClBz_14,,,,
b3lyp_smd,all,extended,weakest C-X bond enthalpy,min_BDE_kcal,12,-0.147,9.4834,-0.4002,0.1602,0.1974,82.2309,6.8526,2.6177,3.1322,-0.2024,,,BrBz_1;BrBz_14;BrBz_13;BrBz_124;BrBz_135;BrBz_1245;BrBz_123456;ClBz_123456;ClBz_12345;ClBz_1245;ClBz_12;ClBz_14,,,,
b3lyp_smd,all,extended,Saveant intrinsic barrier (weakest C-X),min_dG0_act_concerted_kcal,12,-0.7364,17.653,-0.5493,0.3017,0.0643,68.371,5.6976,2.387,2.7795,0.0532,0.436,,BrBz_1;BrBz_14;BrBz_13;BrBz_124;BrBz_135;BrBz_1245;BrBz_123456;ClBz_123456;ClBz_12345;ClBz_1245;ClBz_12;ClBz_14,,,,
b3lyp_smd,all,extended,Saveant concerted barrier,eff_dG_act_concerted_kcal @ -2.00 V,12,-0.9272,15.352,-0.8693,0.7556,0.0002,23.9248,1.9937,1.412,2.2663,0.3705,0.549,,BrBz_1;BrBz_14;BrBz_13;BrBz_124;BrBz_135;BrBz_1245;BrBz_123456;ClBz_123456;ClBz_12345;ClBz_1245;ClBz_12;ClBz_14,,,,
b3lyp_smd,all,extended,stepwise ET + cleavage barrier,eff_dG_act_stepwise_kcal @ -2.00 V,0,,,,,,,,,,,,,,,,,
b3lyp_smd,all,extended,combined stepwise + concerted,eff_dG_act_combined_kcal @ -2.00 V,0,,,,,,,,,,,,,,,,,
b3lyp_smd,all,extended,C-X cleavage TS barrier of ArX.-,eff_dG_act_frag_TS_kcal,0,,,,,,,,,,,,,,,,,
b3lyp_smd,all,extended,largest Fukui f+ on a C-X bond,max_fplus_CX,12,20.6056,-5.501,0.4979,0.2479,0.0995,73.6393,6.1366,2.4772,3.5503,-0.5448,,,BrBz_1;BrBz_14;BrBz_13;BrBz_124;BrBz_135;BrBz_1245;BrBz_123456;ClBz_123456;ClBz_12345;ClBz_1245;ClBz_12;ClBz_14,,,,
b3lyp_smd,all,extended,weakest Wiberg C-X bond order,min_wiberg_CX_parent,12,102.3754,-109.4558,0.6145,0.3776,0.0335,60.9445,5.0787,2.2536,2.5734,0.1884,,,BrBz_1;BrBz_14;BrBz_13;BrBz_124;BrBz_135;BrBz_1245;BrBz_123456;ClBz_123456;ClBz_12345;ClBz_1245;ClBz_12;ClBz_14,,,,
b3lyp_smd,all,extended,largest halogen spin density in ArX.-,max_spin_RA_X,4,14.892,-3.9151,0.5246,0.2752,0.4754,38.968,9.742,3.1212,6.6412,-2.2814,,,BrBz_123456;ClBz_123456;ClBz_12345;ClBz_14,,,,
b3lyp_smd,all,extended,largest C-X elongation in ArX.-,max_dr_CX_RA_A,12,-0.3292,-1.6612,-0.163,0.0266,0.6128,95.3115,7.9426,2.8183,3.2173,-0.2686,,,BrBz_1;BrBz_14;BrBz_13;BrBz_124;BrBz_135;BrBz_1245;BrBz_123456;ClBz_123456;ClBz_12345;ClBz_1245;ClBz_12;ClBz_14,,,,
b3lyp_smd,all,MLR,MLR: dG ArX + e- -> ArX.- + dG ArX.- -> Ar. + X-,dG_ET_any_kcal + min_dG_frag_any_kcal,12,,,,0.6748,,31.8369,2.6531,1.6288,,,,,,0.6026,-27.8382,-0.3882,-0.1846
b3lyp_smd,all,MLR,MLR: dG ArX + e- -> ArX.- + dG ArX.- + e- -> Ar- + X-,dG_ET_any_kcal + min_dG_RA_2e_any_kcal,12,,,,0.7254,,26.8872,2.2406,1.4969,,,,,,0.6644,-27.0142,-0.2469,-0.0896
m062x_gas,bromobenzene,thermo,LUMO of ArX,LUMO_eV,7,-5.4215,-4.9087,-0.8711,0.7588,0.0107,13.8273,1.9753,1.4055,3.4627,-0.4638,,1.78,BrBz_1;BrBz_14;BrBz_13;BrBz_124;BrBz_135;BrBz_1245;BrBz_123456,,,,
m062x_gas,bromobenzene,thermo,LUMO of the radical anion ArX.-,LUMO_RA_eV,7,-5.7594,10.3861,-0.664,0.4408,0.1039,32.0616,4.5802,2.1401,3.3533,-0.3728,,3.101,BrBz_1;BrBz_14;BrBz_13;BrBz_124;BrBz_135;BrBz_1245;BrBz_123456,,,,
m062x_gas,bromobenzene,thermo,dG ArX + e- -> Ar. + X-,min_dG_1e_kcal,7,-0.8664,-10.9226,-0.8226,0.6766,0.0231,18.5427,2.649,1.6276,5.0637,-2.1303,,8.359,BrBz_1;BrBz_14;BrBz_13;BrBz_124;BrBz_135;BrBz_1245;BrBz_123456,,,,
m062x_gas,bromobenzene,thermo,dG ArX + 2e- -> Ar- + X-,min_dG_2e_carbanion_kcal,7,-0.1578,-10.5053,-0.9567,0.9152,0.0007,4.8604,0.6943,0.8333,1.4322,0.7496,,1.225,BrBz_1;BrBz_14;BrBz_13;BrBz_124;BrBz_135;BrBz_1245;BrBz_123456,,,,
m062x_gas,bromobenzene,thermo,dG ArX + e- -> ArX.-,dG_ET_any_kcal,7,-0.2803,-7.3735,-0.9307,0.8662,0.0023,7.672,1.096,1.0469,2.2133,0.402,,2.422,BrBz_1;BrBz_14;BrBz_13;BrBz_124;BrBz_135;BrBz_1245;BrBz_123456,,,,
m062x_gas,bromobenzene,thermo,dG ArX.- -> Ar. + X-,min_dG_frag_any_kcal,7,0.3972,-5.5115,0.9579,0.9175,0.0007,4.7302,0.6757,0.822,1.5191,0.7183,,1.908,BrBz_1;BrBz_14;BrBz_13;BrBz_124;BrBz_135;BrBz_1245;BrBz_123456,,,,
m062x_gas,bromobenzene,thermo,dG ArX.- + e- -> Ar- + X-,min_dG_RA_2e_any_kcal,7,-0.3432,-13.9074,-0.9647,0.9306,0.0004,3.9811,0.5687,0.7541,0.9687,0.8854,,3.58,BrBz_1;BrBz_14;BrBz_13;BrBz_124;BrBz_135;BrBz_1245;BrBz_123456,,,,
m062x_gas,bromobenzene,extended,number of halogens,n_X,7,1.7556,-6.915,0.9274,0.8601,0.0026,8.0218,1.146,1.0705,2.084,0.4698,,2.545,BrBz_1;BrBz_14;BrBz_13;BrBz_124;BrBz_135;BrBz_1245;BrBz_123456,,,,
m062x_gas,bromobenzene,extended,vertical electron affinity,VEA_eV,7,4.3418,-0.4137,0.8961,0.8029,0.0063,11.301,1.6144,1.2706,2.0491,0.4874,,1.786,BrBz_1;BrBz_14;BrBz_13;BrBz_124;BrBz_135;BrBz_1245;BrBz_123456,,,,
m062x_gas,bromobenzene,extended,adiabatic electron affinity (electronic),AEA_elec_eV,0,,,,,,,,,,,,,,,,,
m062x_gas,bromobenzene,extended,electrophilicity index (dSCF),omega_dSCF_eV,7,11.173,-13.6175,0.8734,0.7629,0.0102,13.5962,1.9423,1.3937,2.4961,0.2394,,1.785,BrBz_1;BrBz_14;BrBz_13;BrBz_124;BrBz_135;BrBz_1245;BrBz_123456,,,,
m062x_gas,bromobenzene,extended,E deg ArX/ArX.- (SMD levels only),E_ET_V,0,,,,,,,,,,,,,,,,,
m062x_gas,bromobenzene,extended,"dG ArX + e- -> ArX.-, bound RA only",dG_ET_kcal,0,,,,,,,,,,,,,,,,,
m062x_gas,bromobenzene,extended,"dG ArX.- -> Ar. + X-, bound RA only",min_dG_frag_kcal,0,,,,,,,,,,,,,,,,,
m062x_gas,bromobenzene,extended,"dG ArX.- + e- -> Ar- + X-, bound RA only",min_dG_RA_2e_kcal,0,,,,,,,,,,,,,,,,,
m062x_gas,bromobenzene,extended,dG ArX + H+ + 2e- -> ArH + X-,min_dG_2e_HDH_kcal,7,-0.7524,-321.3947,-0.8862,0.7853,0.0079,12.3114,1.7588,1.3262,2.7153,0.0999,,5.952,BrBz_1;BrBz_14;BrBz_13;BrBz_124;BrBz_135;BrBz_1245;BrBz_123456,,,,
m062x_gas,bromobenzene,extended,dG Ar. + e- -> Ar-,min_dG_rad_red_kcal,7,-0.1867,-10.1339,-0.9683,0.9375,0.0003,3.5831,0.5119,0.7155,1.097,0.8531,,2.408,BrBz_1;BrBz_14;BrBz_13;BrBz_124;BrBz_135;BrBz_1245;BrBz_123456,,,,
m062x_gas,bromobenzene,extended,inner-sphere reorganisation energy,lambda_i_kcal,0,,,,,,,,,,,,,,,,,
m062x_gas,bromobenzene,extended,weakest C-X bond enthalpy,min_BDE_kcal,7,-1.0139,74.5381,-0.7993,0.6389,0.031,20.7035,2.9576,1.7198,5.0328,-2.0922,,17.198,BrBz_1;BrBz_14;BrBz_13;BrBz_124;BrBz_135;BrBz_1245;BrBz_123456,,,,
m062x_gas,bromobenzene,extended,Saveant intrinsic barrier (weakest C-X),min_dG0_act_concerted_kcal,0,,,,,,,,,,,,,,,,,
m062x_gas,bromobenzene,extended,Saveant concerted barrier,eff_dG_act_concerted_kcal @ -2.00 V,0,,,,,,,,,,,,,,,,,
m062x_gas,bromobenzene,extended,stepwise ET + cleavage barrier,eff_dG_act_stepwise_kcal @ -2.00 V,0,,,,,,,,,,,,,,,,,
m062x_gas,bromobenzene,extended,combined stepwise + concerted,eff_dG_act_combined_kcal @ -2.00 V,0,,,,,,,,,,,,,,,,,
m062x_gas,bromobenzene,extended,C-X cleavage TS barrier of ArX.-,eff_dG_act_frag_TS_kcal,0,,,,,,,,,,,,,,,,,
m062x_gas,bromobenzene,extended,largest Fukui f+ on a C-X bond,max_fplus_CX,7,-2.663,-1.1421,-0.081,0.0066,0.8629,56.9621,8.1374,2.8526,5.0489,-2.112,,2.957,BrBz_1;BrBz_14;BrBz_13;BrBz_124;BrBz_135;BrBz_1245;BrBz_123456,,,,
m062x_gas,bromobenzene,extended,weakest Wiberg C-X bond order,min_wiberg_CX_parent,7,327.7144,-346.2257,0.9264,0.8583,0.0027,8.1277,1.1611,1.0775,1.7791,0.6136,,8.373,BrBz_1;BrBz_14;BrBz_13;BrBz_124;BrBz_135;BrBz_1245;BrBz_123456,,,,
m062x_gas,bromobenzene,extended,largest halogen spin density in ArX.-,max_spin_RA_X,0,,,,,,,,,,,,,,,,,
m062x_gas,bromobenzene,extended,largest C-X elongation in ArX.-,max_dr_CX_RA_A,7,-2.4631,-0.7542,-0.3369,0.1135,0.4599,50.8302,7.2615,2.6947,4.0428,-0.9953,,2.968,BrBz_1;BrBz_14;BrBz_13;BrBz_124;BrBz_135;BrBz_1245;BrBz_123456,,,,
m062x_gas,bromobenzene,MLR,MLR: dG ArX + e- -> ArX.- + dG ArX.- -> Ar. + X-,dG_ET_any_kcal + min_dG_frag_any_kcal,7,,,,0.9721,,1.6023,0.2289,0.4784,,,,,,0.9581,-0.3639,0.7254,1.3914
m062x_gas,bromobenzene,MLR,MLR: dG ArX + e- -> ArX.- + dG ArX.- + e- -> Ar- + X-,dG_ET_any_kcal + min_dG_RA_2e_any_kcal,7,,,,0.9313,,3.9371,0.5624,0.75,,,,,,0.897,-13.3378,-0.0286,-0.3109
m062x_gas,chlorobenzene,thermo,LUMO of ArX,LUMO_eV,5,-7.0687,-6.4404,-0.8214,0.6747,0.0881,12.8105,2.5621,1.6007,3.0685,-0.1956,,,ClBz_123456;ClBz_12345;ClBz_1245;ClBz_12;ClBz_14,,,,
m062x_gas,chlorobenzene,thermo,LUMO of the radical anion ArX.-,LUMO_RA_eV,5,-3.665,6.9422,-0.5515,0.3041,0.3352,27.4011,5.4802,2.341,4.2298,-1.2717,,,ClBz_123456;ClBz_12345;ClBz_1245;ClBz_12;ClBz_14,,,,
m062x_gas,chlorobenzene,thermo,dG ArX + e- -> Ar. + X-,min_dG_1e_kcal,5,-1.7207,-3.1692,-0.9255,0.8565,0.0241,5.6494,1.1299,1.063,1.7432,0.6142,,,ClBz_123456;ClBz_12345;ClBz_1245;ClBz_12;ClBz_14,,,,
m062x_gas,chlorobenzene,thermo,dG ArX + 2e- -> Ar- + X-,min_dG_2e_carbanion_kcal,5,-0.1553,-10.6008,-0.9035,0.8162,0.0355,7.2366,1.4473,1.203,2.1364,0.4205,,,ClBz_123456;ClBz_12345;ClBz_1245;ClBz_12;ClBz_14,,,,
m062x_gas,chlorobenzene,thermo,dG ArX + e- -> ArX.-,dG_ET_any_kcal,5,-0.2284,-4.7294,-0.924,0.8538,0.0248,5.7556,1.1511,1.0729,1.8246,0.5773,,,ClBz_123456;ClBz_12345;ClBz_1245;ClBz_12;ClBz_14,,,,
m062x_gas,chlorobenzene,thermo,dG ArX.- -> Ar. + X-,min_dG_frag_any_kcal,5,0.2621,-4.9546,0.9213,0.8488,0.0262,5.9534,1.1907,1.0912,1.8732,0.5545,,,ClBz_123456;ClBz_12345;ClBz_1245;ClBz_12;ClBz_14,,,,
m062x_gas,chlorobenzene,thermo,dG ArX.- + e- -> Ar- + X-,min_dG_RA_2e_any_kcal,5,-0.3883,-18.9253,-0.7678,0.5895,0.1295,16.1643,3.2329,1.798,3.4667,-0.526,,,ClBz_123456;ClBz_12345;ClBz_1245;ClBz_12;ClBz_14,,,,
m062x_gas,chlorobenzene,extended,number of halogens,n_X,5,1.5249,-8.0827,0.8694,0.7558,0.0555,9.6145,1.9229,1.3867,2.4497,0.238,,,ClBz_123456;ClBz_12345;ClBz_1245;ClBz_12;ClBz_14,,,,
m062x_gas,chlorobenzene,extended,vertical electron affinity,VEA_eV,5,5.5776,-0.8626,0.8388,0.7036,0.0758,11.6701,2.334,1.5277,2.89,-0.0605,,,ClBz_123456;ClBz_12345;ClBz_1245;ClBz_12;ClBz_14,,,,
m062x_gas,chlorobenzene,extended,adiabatic electron affinity (electronic),AEA_elec_eV,4,5.1111,-3.8834,0.9189,0.8444,0.0811,5.9826,1.4957,1.223,2.5426,0.3275,,,ClBz_123456;ClBz_12345;ClBz_1245;ClBz_14,,,,
m062x_gas,chlorobenzene,extended,electrophilicity index (dSCF),omega_dSCF_eV,5,15.4838,-19.1687,0.8632,0.7451,0.0595,10.0372,2.0074,1.4168,2.6103,0.1348,,,ClBz_123456;ClBz_12345;ClBz_1245;ClBz_12;ClBz_14,,,,
m062x_gas,chlorobenzene,extended,E deg ArX/ArX.- (SMD levels only),E_ET_V,0,,,,,,,,,,,,,,,,,
m062x_gas,chlorobenzene,extended,"dG ArX + e- -> ArX.-, bound RA only",dG_ET_kcal,4,-0.2349,-4.9371,-0.9271,0.8596,0.0729,5.3992,1.3498,1.1618,2.3817,0.4099,,,ClBz_123456;ClBz_12345;ClBz_1245;ClBz_14,,,,
m062x_gas,chlorobenzene,extended,"dG ArX.- -> Ar. + X-, bound RA only",min_dG_frag_kcal,4,0.2683,-5.14,0.9232,0.8524,0.0768,5.6768,1.4192,1.1913,2.474,0.3633,,,ClBz_123456;ClBz_12345;ClBz_1245;ClBz_14,,,,
m062x_gas,chlorobenzene,extended,"dG ArX.- + e- -> Ar- + X-, bound RA only",min_dG_RA_2e_kcal,4,-0.6648,-31.8564,-0.9422,0.8877,0.0578,4.3196,1.0799,1.0392,1.7102,0.6957,,,ClBz_123456;ClBz_12345;ClBz_1245;ClBz_14,,,,
m062x_gas,chlorobenzene,extended,dG ArX + H+ + 2e- -> ArH + X-,min_dG_2e_HDH_kcal,5,-1.0933,-457.5335,-0.9431,0.8894,0.0162,4.3542,0.8708,0.9332,1.5902,0.6789,,,ClBz_123456;ClBz_12345;ClBz_1245;ClBz_12;ClBz_14,,,,
m062x_gas,chlorobenzene,extended,dG Ar. + e- -> Ar-,min_dG_rad_red_kcal,5,-0.1698,-11.2895,-0.8988,0.8079,0.038,7.5657,1.5131,1.2301,2.2009,0.3849,,,ClBz_123456;ClBz_12345;ClBz_1245;ClBz_12;ClBz_14,,,,
m062x_gas,chlorobenzene,extended,inner-sphere reorganisation energy,lambda_i_kcal,3,0.0611,-5.2839,0.5394,0.291,0.6373,14.8138,4.9379,2.2221,25.6418,-93.4115,,,ClBz_12345;ClBz_1245;ClBz_14,,,,
m062x_gas,chlorobenzene,extended,weakest C-X bond enthalpy,min_BDE_kcal,5,-1.8058,165.0,-0.8433,0.7111,0.0727,11.3744,2.2749,1.5083,2.652,0.107,,,ClBz_123456;ClBz_12345;ClBz_1245;ClBz_12;ClBz_14,,,,
m062x_gas,chlorobenzene,extended,Saveant intrinsic barrier (weakest C-X),min_dG0_act_concerted_kcal,0,,,,,,,,,,,,,,,,,
m062x_gas,chlorobenzene,extended,Saveant concerted barrier,eff_dG_act_concerted_kcal @ -2.00 V,0,,,,,,,,,,,,,,,,,
m062x_gas,chlorobenzene,extended,stepwise ET + cleavage barrier,eff_dG_act_stepwise_kcal @ -2.00 V,0,,,,,,,,,,,,,,,,,
m062x_gas,chlorobenzene,extended,combined stepwise + concerted,eff_dG_act_combined_kcal @ -2.00 V,0,,,,,,,,,,,,,,,,,
m062x_gas,chlorobenzene,extended,C-X cleavage TS barrier of ArX.-,eff_dG_act_frag_TS_kcal,0,,,,,,,,,,,,,,,,,
m062x_gas,chlorobenzene,extended,largest Fukui f+ on a C-X bond,max_fplus_CX,5,47.2572,-10.9637,0.6904,0.4767,0.1969,20.6068,4.1214,2.0301,3.489,-0.5457,,,ClBz_123456;ClBz_12345;ClBz_1245;ClBz_12;ClBz_14,,,,
m062x_gas,chlorobenzene,extended,weakest Wiberg C-X bond order,min_wiberg_CX_parent,5,262.5113,-284.4669,0.983,0.9664,0.0026,1.325,0.265,0.5148,0.8813,0.9014,,,ClBz_123456;ClBz_12345;ClBz_1245;ClBz_12;ClBz_14,,,,
m062x_gas,chlorobenzene,extended,largest halogen spin density in ArX.-,max_spin_RA_X,3,8.1219,-4.4416,0.4909,0.241,0.6733,15.8578,5.2859,2.2991,54.9851,-433.1285,,,ClBz_12345;ClBz_1245;ClBz_14,,,,
m062x_gas,chlorobenzene,extended,largest C-X elongation in ArX.-,max_dr_CX_RA_A,5,-0.6263,-2.1029,-0.0691,0.0048,0.9121,39.1895,7.8379,2.7996,4.2072,-1.2476,,,ClBz_123456;ClBz_12345;ClBz_1245;ClBz_12;ClBz_14,,,,
m062x_gas,chlorobenzene,MLR,MLR: dG ArX + e- -> ArX.- + dG ArX.- -> Ar. + X-,dG_ET_any_kcal + min_dG_frag_any_kcal,5,,,,0.8625,,5.414,1.0828,1.0406,,,,,,0.725,-3.8191,-1.1173,-1.023
m062x_gas,chlorobenzene,MLR,MLR: dG ArX + e- -> ArX.- + dG ArX.- + e- -> Ar- + X-,dG_ET_any_kcal + min_dG_RA_2e_any_kcal,5,,,,0.8548,,5.7192,1.1438,1.0695,,,,,,0.7095,-3.6127,-0.2405,0.0291
m062x_gas,halobenzene,thermo,LUMO of ArX,LUMO_eV,12,-5.8681,-5.4097,-0.8413,0.7078,0.0006,28.6073,2.3839,1.544,2.0585,0.4807,,,BrBz_1;BrBz_14;BrBz_13;BrBz_124;BrBz_135;BrBz_1245;BrBz_123456;ClBz_123456;ClBz_12345;ClBz_1245;ClBz_12;ClBz_14,,,,
m062x_gas,halobenzene,thermo,LUMO of the radical anion ArX.-,LUMO_RA_eV,12,-3.861,6.843,-0.5775,0.3335,0.0493,65.2559,5.438,2.3319,2.8864,-0.0211,,,BrBz_1;BrBz_14;BrBz_13;BrBz_124;BrBz_135;BrBz_1245;BrBz_123456;ClBz_123456;ClBz_12345;ClBz_1245;ClBz_12;ClBz_14,,,,
m062x_gas,halobenzene,thermo,dG ArX + e- -> Ar. + X-,min_dG_1e_kcal,12,-0.2279,-3.3862,-0.4406,0.1941,0.1517,78.9057,6.5755,2.5643,3.0391,-0.132,,,BrBz_1;BrBz_14;BrBz_13;BrBz_124;BrBz_135;BrBz_1245;BrBz_123456;ClBz_123456;ClBz_12345;ClBz_1245;ClBz_12;ClBz_14,,,,
m062x_gas,halobenzene,thermo,dG ArX + 2e- -> Ar- + X-,min_dG_2e_carbanion_kcal,12,-0.1573,-10.5755,-0.9353,0.8748,0.0,12.2558,1.0213,1.0106,1.2345,0.8132,,,BrBz_1;BrBz_14;BrBz_13;BrBz_124;BrBz_135;BrBz_1245;BrBz_123456;ClBz_123456;ClBz_12345;ClBz_1245;ClBz_12;ClBz_14,,,,
m062x_gas,halobenzene,thermo,dG ArX + e- -> ArX.-,dG_ET_any_kcal,12,-0.2206,-5.5249,-0.8784,0.7717,0.0002,22.3566,1.863,1.3649,1.5885,0.6907,,,BrBz_1;BrBz_14;BrBz_13;BrBz_124;BrBz_135;BrBz_1245;BrBz_123456;ClBz_123456;ClBz_12345;ClBz_1245;ClBz_12;ClBz_14,,,,
m062x_gas,halobenzene,thermo,dG ArX.- -> Ar. + X-,min_dG_frag_any_kcal,12,0.3158,-5.0449,0.9142,0.8357,0.0,16.0828,1.3402,1.1577,1.3718,0.7694,,,BrBz_1;BrBz_14;BrBz_13;BrBz_124;BrBz_135;BrBz_1245;BrBz_123456;ClBz_123456;ClBz_12345;ClBz_1245;ClBz_12;ClBz_14,,,,
m062x_gas,halobenzene,thermo,dG ArX.- + e- -> Ar- + X-,min_dG_RA_2e_any_kcal,12,-0.2675,-12.2626,-0.7427,0.5516,0.0057,43.9001,3.6583,1.9127,2.1681,0.4239,,,BrBz_1;BrBz_14;BrBz_13;BrBz_124;BrBz_135;BrBz_1245;BrBz_123456;ClBz_123456;ClBz_12345;ClBz_1245;ClBz_12;ClBz_14,,,,
m062x_gas,halobenzene,extended,number of halogens,n_X,12,1.5037,-6.9273,0.8416,0.7082,0.0006,28.5668,2.3806,1.5429,1.7804,0.6115,,,BrBz_1;BrBz_14;BrBz_13;BrBz_124;BrBz_135;BrBz_1245;BrBz_123456;ClBz_123456;ClBz_12345;ClBz_1245;ClBz_12;ClBz_14,,,,
m062x_gas,halobenzene,extended,vertical electron affinity,VEA_eV,12,4.6527,-0.6477,0.8587,0.7374,0.0003,25.7149,2.1429,1.4639,1.7841,0.6099,,,BrBz_1;BrBz_14;BrBz_13;BrBz_124;BrBz_135;BrBz_1245;BrBz_123456;ClBz_123456;ClBz_12345;ClBz_1245;ClBz_12;ClBz_14,,,,
m062x_gas,halobenzene,extended,adiabatic electron affinity (electronic),AEA_elec_eV,5,4.6216,-3.8487,0.936,0.876,0.0193,6.665,1.333,1.1546,2.0491,0.6095,,,BrBz_123456;ClBz_123456;ClBz_12345;ClBz_1245;ClBz_14,,,,
m062x_gas,halobenzene,extended,electrophilicity index (dSCF),omega_dSCF_eV,12,12.1873,-15.0669,0.8478,0.7188,0.0005,27.5352,2.2946,1.5148,1.8739,0.5696,,,BrBz_1;BrBz_14;BrBz_13;BrBz_124;BrBz_135;BrBz_1245;BrBz_123456;ClBz_123456;ClBz_12345;ClBz_1245;ClBz_12;ClBz_14,,,,
m062x_gas,halobenzene,extended,E deg ArX/ArX.- (SMD levels only),E_ET_V,0,,,,,,,,,,,,,,,,,
m062x_gas,halobenzene,extended,"dG ArX + e- -> ArX.-, bound RA only",dG_ET_kcal,5,-0.1976,-4.687,-0.932,0.8686,0.0211,7.0665,1.4133,1.1888,2.2147,0.5439,,,BrBz_123456;ClBz_123456;ClBz_12345;ClBz_1245;ClBz_14,,,,
m062x_gas,halobenzene,extended,"dG ArX.- -> Ar. + X-, bound RA only",min_dG_frag_kcal,5,0.2905,-5.1676,0.9334,0.8712,0.0204,6.9226,1.3845,1.1767,1.8806,0.6711,,,BrBz_123456;ClBz_123456;ClBz_12345;ClBz_1245;ClBz_14,,,,
m062x_gas,halobenzene,extended,"dG ArX.- + e- -> Ar- + X-, bound RA only",min_dG_RA_2e_kcal,5,-0.729,-34.3998,-0.9339,0.8721,0.0202,6.8763,1.3753,1.1727,1.9391,0.6503,,,BrBz_123456;ClBz_123456;ClBz_12345;ClBz_1245;ClBz_14,,,,
m062x_gas,halobenzene,extended,dG ArX + H+ + 2e- -> ArH + X-,min_dG_2e_HDH_kcal,12,-0.3332,-142.3122,-0.606,0.3672,0.0367,61.9578,5.1631,2.2723,2.614,0.1625,,,BrBz_1;BrBz_14;BrBz_13;BrBz_124;BrBz_135;BrBz_1245;BrBz_123456;ClBz_123456;ClBz_12345;ClBz_1245;ClBz_12;ClBz_14,,,,
m062x_gas,halobenzene,extended,dG Ar. + e- -> Ar-,min_dG_rad_red_kcal,12,-0.1639,-9.8822,-0.8787,0.772,0.0002,22.3194,1.8599,1.3638,1.626,0.6759,,,BrBz_1;BrBz_14;BrBz_13;BrBz_124;BrBz_135;BrBz_1245;BrBz_123456;ClBz_123456;ClBz_12345;ClBz_1245;ClBz_12;ClBz_14,,,,
m062x_gas,halobenzene,extended,inner-sphere reorganisation energy,lambda_i_kcal,4,0.0478,-3.3909,0.2912,0.0848,0.7088,40.5317,10.1329,3.1832,14.961,-19.2167,,,BrBz_123456;ClBz_12345;ClBz_1245;ClBz_14,,,,
m062x_gas,halobenzene,extended,weakest C-X bond enthalpy,min_BDE_kcal,12,-0.09,5.5015,-0.2783,0.0775,0.381,90.3262,7.5272,2.7436,3.3077,-0.3409,,,BrBz_1;BrBz_14;BrBz_13;BrBz_124;BrBz_135;BrBz_1245;BrBz_123456;ClBz_123456;ClBz_12345;ClBz_1245;ClBz_12;ClBz_14,,,,
m062x_gas,halobenzene,extended,Saveant intrinsic barrier (weakest C-X),min_dG0_act_concerted_kcal,0,,,,,,,,,,,,,,,,,
m062x_gas,halobenzene,extended,Saveant concerted barrier,eff_dG_act_concerted_kcal @ -2.00 V,0,,,,,,,,,,,,,,,,,
m062x_gas,halobenzene,extended,stepwise ET + cleavage barrier,eff_dG_act_stepwise_kcal @ -2.00 V,0,,,,,,,,,,,,,,,,,
m062x_gas,halobenzene,extended,combined stepwise + concerted,eff_dG_act_combined_kcal @ -2.00 V,0,,,,,,,,,,,,,,,,,
m062x_gas,halobenzene,extended,C-X cleavage TS barrier of ArX.-,eff_dG_act_frag_TS_kcal,0,,,,,,,,,,,,,,,,,
m062x_gas,halobenzene,extended,largest Fukui f+ on a C-X bond,max_fplus_CX,12,4.3434,-2.7283,0.109,0.0119,0.736,96.7491,8.0624,2.8394,3.9972,-0.9582,,,BrBz_1;BrBz_14;BrBz_13;BrBz_124;BrBz_135;BrBz_1245;BrBz_123456;ClBz_123456;ClBz_12345;ClBz_1245;ClBz_12;ClBz_14,,,,
m062x_gas,halobenzene,extended,weakest Wiberg C-X bond order,min_wiberg_CX_parent,12,96.0634,-103.8605,0.4966,0.2466,0.1006,73.7704,6.1475,2.4794,2.8224,0.0237,,,BrBz_1;BrBz_14;BrBz_13;BrBz_124;BrBz_135;BrBz_1245;BrBz_123456;ClBz_123456;ClBz_12345;ClBz_1245;ClBz_12;ClBz_14,,,,
m062x_gas,halobenzene,extended,largest halogen spin density in ArX.-,max_spin_RA_X,4,4.9329,-2.5219,0.2078,0.0432,0.7922,42.3732,10.5933,3.2547,20.6649,-37.5706,,,BrBz_123456;ClBz_12345;ClBz_1245;ClBz_14,,,,
m062x_gas,halobenzene,extended,largest C-X elongation in ArX.-,max_dr_CX_RA_A,12,-1.8005,-1.3116,-0.2276,0.0518,0.4768,92.839,7.7366,2.7815,3.3817,-0.4016,,,BrBz_1;BrBz_14;BrBz_13;BrBz_124;BrBz_135;BrBz_1245;BrBz_123456;ClBz_123456;ClBz_12345;ClBz_1245;ClBz_12;ClBz_14,,,,
m062x_gas,halobenzene,MLR,MLR: dG ArX + e- -> ArX.- + dG ArX.- -> Ar. + X-,dG_ET_any_kcal + min_dG_frag_any_kcal,12,,,,0.8562,,14.0755,1.173,1.083,,,,,,0.8243,-5.3783,-0.0786,0.2196
m062x_gas,halobenzene,MLR,MLR: dG ArX + e- -> ArX.- + dG ArX.- + e- -> Ar- + X-,dG_ET_any_kcal + min_dG_RA_2e_any_kcal,12,,,,0.8772,,12.0206,1.0017,1.0009,,,,,,0.8499,-10.0327,-0.1693,-0.1382
m062x_gas,all,thermo,LUMO of ArX,LUMO_eV,12,-5.8681,-5.4097,-0.8413,0.7078,0.0006,28.6073,2.3839,1.544,2.0585,0.4807,,,BrBz_1;BrBz_14;BrBz_13;BrBz_124;BrBz_135;BrBz_1245;BrBz_123456;ClBz_123456;ClBz_12345;ClBz_1245;ClBz_12;ClBz_14,,,,
m062x_gas,all,thermo,LUMO of the radical anion ArX.-,LUMO_RA_eV,12,-3.861,6.843,-0.5775,0.3335,0.0493,65.2559,5.438,2.3319,2.8864,-0.0211,,,BrBz_1;BrBz_14;BrBz_13;BrBz_124;BrBz_135;BrBz_1245;BrBz_123456;ClBz_123456;ClBz_12345;ClBz_1245;ClBz_12;ClBz_14,,,,
m062x_gas,all,thermo,dG ArX + e- -> Ar. + X-,min_dG_1e_kcal,12,-0.2279,-3.3862,-0.4406,0.1941,0.1517,78.9057,6.5755,2.5643,3.0391,-0.132,,,BrBz_1;BrBz_14;BrBz_13;BrBz_124;BrBz_135;BrBz_1245;BrBz_123456;ClBz_123456;ClBz_12345;ClBz_1245;ClBz_12;ClBz_14,,,,
m062x_gas,all,thermo,dG ArX + 2e- -> Ar- + X-,min_dG_2e_carbanion_kcal,12,-0.1573,-10.5755,-0.9353,0.8748,0.0,12.2558,1.0213,1.0106,1.2345,0.8132,,,BrBz_1;BrBz_14;BrBz_13;BrBz_124;BrBz_135;BrBz_1245;BrBz_123456;ClBz_123456;ClBz_12345;ClBz_1245;ClBz_12;ClBz_14,,,,
m062x_gas,all,thermo,dG ArX + e- -> ArX.-,dG_ET_any_kcal,12,-0.2206,-5.5249,-0.8784,0.7717,0.0002,22.3566,1.863,1.3649,1.5885,0.6907,,,BrBz_1;BrBz_14;BrBz_13;BrBz_124;BrBz_135;BrBz_1245;BrBz_123456;ClBz_123456;ClBz_12345;ClBz_1245;ClBz_12;ClBz_14,,,,
m062x_gas,all,thermo,dG ArX.- -> Ar. + X-,min_dG_frag_any_kcal,12,0.3158,-5.0449,0.9142,0.8357,0.0,16.0828,1.3402,1.1577,1.3718,0.7694,,,BrBz_1;BrBz_14;BrBz_13;BrBz_124;BrBz_135;BrBz_1245;BrBz_123456;ClBz_123456;ClBz_12345;ClBz_1245;ClBz_12;ClBz_14,,,,
m062x_gas,all,thermo,dG ArX.- + e- -> Ar- + X-,min_dG_RA_2e_any_kcal,12,-0.2675,-12.2626,-0.7427,0.5516,0.0057,43.9001,3.6583,1.9127,2.1681,0.4239,,,BrBz_1;BrBz_14;BrBz_13;BrBz_124;BrBz_135;BrBz_1245;BrBz_123456;ClBz_123456;ClBz_12345;ClBz_1245;ClBz_12;ClBz_14,,,,
m062x_gas,all,extended,number of halogens,n_X,14,1.417,-6.8402,0.822,0.6758,0.0003,32.2774,2.3055,1.5184,1.7159,0.5859,,,BrBz_1;BrBz_14;BrBz_13;BrBz_124;BrBz_135;BrBz_1245;BrBz_123456;BDE_24_24;BDE_245_24;ClBz_123456;ClBz_12345;ClBz_1245;ClBz_12;ClBz_14,,,,
m062x_gas,all,extended,vertical electron affinity,VEA_eV,12,4.6527,-0.6477,0.8587,0.7374,0.0003,25.7149,2.1429,1.4639,1.7841,0.6099,,,BrBz_1;BrBz_14;BrBz_13;BrBz_124;BrBz_135;BrBz_1245;BrBz_123456;ClBz_123456;ClBz_12345;ClBz_1245;ClBz_12;ClBz_14,,,,
m062x_gas,all,extended,adiabatic electron affinity (electronic),AEA_elec_eV,5,4.6216,-3.8487,0.936,0.876,0.0193,6.665,1.333,1.1546,2.0491,0.6095,,,BrBz_123456;ClBz_123456;ClBz_12345;ClBz_1245;ClBz_14,,,,
m062x_gas,all,extended,electrophilicity index (dSCF),omega_dSCF_eV,12,12.1873,-15.0669,0.8478,0.7188,0.0005,27.5352,2.2946,1.5148,1.8739,0.5696,,,BrBz_1;BrBz_14;BrBz_13;BrBz_124;BrBz_135;BrBz_1245;BrBz_123456;ClBz_123456;ClBz_12345;ClBz_1245;ClBz_12;ClBz_14,,,,
m062x_gas,all,extended,E deg ArX/ArX.- (SMD levels only),E_ET_V,0,,,,,,,,,,,,,,,,,
m062x_gas,all,extended,"dG ArX + e- -> ArX.-, bound RA only",dG_ET_kcal,5,-0.1976,-4.687,-0.932,0.8686,0.0211,7.0665,1.4133,1.1888,2.2147,0.5439,,,BrBz_123456;ClBz_123456;ClBz_12345;ClBz_1245;ClBz_14,,,,
m062x_gas,all,extended,"dG ArX.- -> Ar. + X-, bound RA only",min_dG_frag_kcal,5,0.2905,-5.1676,0.9334,0.8712,0.0204,6.9226,1.3845,1.1767,1.8806,0.6711,,,BrBz_123456;ClBz_123456;ClBz_12345;ClBz_1245;ClBz_14,,,,
m062x_gas,all,extended,"dG ArX.- + e- -> Ar- + X-, bound RA only",min_dG_RA_2e_kcal,5,-0.729,-34.3998,-0.9339,0.8721,0.0202,6.8763,1.3753,1.1727,1.9391,0.6503,,,BrBz_123456;ClBz_123456;ClBz_12345;ClBz_1245;ClBz_14,,,,
m062x_gas,all,extended,dG ArX + H+ + 2e- -> ArH + X-,min_dG_2e_HDH_kcal,12,-0.3332,-142.3122,-0.606,0.3672,0.0367,61.9578,5.1631,2.2723,2.614,0.1625,,,BrBz_1;BrBz_14;BrBz_13;BrBz_124;BrBz_135;BrBz_1245;BrBz_123456;ClBz_123456;ClBz_12345;ClBz_1245;ClBz_12;ClBz_14,,,,
m062x_gas,all,extended,dG Ar. + e- -> Ar-,min_dG_rad_red_kcal,12,-0.1639,-9.8822,-0.8787,0.772,0.0002,22.3194,1.8599,1.3638,1.626,0.6759,,,BrBz_1;BrBz_14;BrBz_13;BrBz_124;BrBz_135;BrBz_1245;BrBz_123456;ClBz_123456;ClBz_12345;ClBz_1245;ClBz_12;ClBz_14,,,,
m062x_gas,all,extended,inner-sphere reorganisation energy,lambda_i_kcal,4,0.0478,-3.3909,0.2912,0.0848,0.7088,40.5317,10.1329,3.1832,14.961,-19.2167,,,BrBz_123456;ClBz_12345;ClBz_1245;ClBz_14,,,,
m062x_gas,all,extended,weakest C-X bond enthalpy,min_BDE_kcal,12,-0.09,5.5015,-0.2783,0.0775,0.381,90.3262,7.5272,2.7436,3.3077,-0.3409,,,BrBz_1;BrBz_14;BrBz_13;BrBz_124;BrBz_135;BrBz_1245;BrBz_123456;ClBz_123456;ClBz_12345;ClBz_1245;ClBz_12;ClBz_14,,,,
m062x_gas,all,extended,Saveant intrinsic barrier (weakest C-X),min_dG0_act_concerted_kcal,0,,,,,,,,,,,,,,,,,
m062x_gas,all,extended,Saveant concerted barrier,eff_dG_act_concerted_kcal @ -2.00 V,0,,,,,,,,,,,,,,,,,
m062x_gas,all,extended,stepwise ET + cleavage barrier,eff_dG_act_stepwise_kcal @ -2.00 V,0,,,,,,,,,,,,,,,,,
m062x_gas,all,extended,combined stepwise + concerted,eff_dG_act_combined_kcal @ -2.00 V,0,,,,,,,,,,,,,,,,,
m062x_gas,all,extended,C-X cleavage TS barrier of ArX.-,eff_dG_act_frag_TS_kcal,0,,,,,,,,,,,,,,,,,
m062x_gas,all,extended,largest Fukui f+ on a C-X bond,max_fplus_CX,12,4.3434,-2.7283,0.109,0.0119,0.736,96.7491,8.0624,2.8394,3.9972,-0.9582,,,BrBz_1;BrBz_14;BrBz_13;BrBz_124;BrBz_135;BrBz_1245;BrBz_123456;ClBz_123456;ClBz_12345;ClBz_1245;ClBz_12;ClBz_14,,,,
m062x_gas,all,extended,weakest Wiberg C-X bond order,min_wiberg_CX_parent,12,96.0634,-103.8605,0.4966,0.2466,0.1006,73.7704,6.1475,2.4794,2.8224,0.0237,,,BrBz_1;BrBz_14;BrBz_13;BrBz_124;BrBz_135;BrBz_1245;BrBz_123456;ClBz_123456;ClBz_12345;ClBz_1245;ClBz_12;ClBz_14,,,,
m062x_gas,all,extended,largest halogen spin density in ArX.-,max_spin_RA_X,4,4.9329,-2.5219,0.2078,0.0432,0.7922,42.3732,10.5933,3.2547,20.6649,-37.5706,,,BrBz_123456;ClBz_12345;ClBz_1245;ClBz_14,,,,
m062x_gas,all,extended,largest C-X elongation in ArX.-,max_dr_CX_RA_A,12,-1.8005,-1.3116,-0.2276,0.0518,0.4768,92.839,7.7366,2.7815,3.3817,-0.4016,,,BrBz_1;BrBz_14;BrBz_13;BrBz_124;BrBz_135;BrBz_1245;BrBz_123456;ClBz_123456;ClBz_12345;ClBz_1245;ClBz_12;ClBz_14,,,,
m062x_gas,all,MLR,MLR: dG ArX + e- -> ArX.- + dG ArX.- -> Ar. + X-,dG_ET_any_kcal + min_dG_frag_any_kcal,12,,,,0.8562,,14.0755,1.173,1.083,,,,,,0.8243,-5.3783,-0.0786,0.2196
m062x_gas,all,MLR,MLR: dG ArX + e- -> ArX.- + dG ArX.- + e- -> Ar- + X-,dG_ET_any_kcal + min_dG_RA_2e_any_kcal,12,,,,0.8772,,12.0206,1.0017,1.0009,,,,,,0.8499,-10.0327,-0.1693,-0.1382
m062x_smd,bromobenzene,thermo,LUMO of ArX,LUMO_eV,7,-4.8021,-3.7877,-0.861,0.7412,0.0128,14.8372,2.1196,1.4559,3.6888,-0.6612,,1.712,BrBz_1;BrBz_14;BrBz_13;BrBz_124;BrBz_135;BrBz_1245;BrBz_123456,,,,
m062x_smd,bromobenzene,thermo,LUMO of the radical anion ArX.-,LUMO_RA_eV,7,-1.8929,-3.4021,-0.3349,0.1122,0.4628,50.9078,7.2725,2.6968,3.8079,-0.7702,,2.283,BrBz_1;BrBz_14;BrBz_13;BrBz_124;BrBz_135;BrBz_1245;BrBz_123456,,,,
m062x_smd,bromobenzene,thermo,dG ArX + e- -> Ar. + X-,min_dG_1e_kcal,7,-0.9294,-58.5479,-0.8418,0.7086,0.0175,16.7087,2.387,1.545,3.8024,-0.7651,,3.48,BrBz_1;BrBz_14;BrBz_13;BrBz_124;BrBz_135;BrBz_1245;BrBz_123456,,,,
m062x_smd,bromobenzene,thermo,dG ArX + 2e- -> Ar- + X-,min_dG_2e_carbanion_kcal,7,-0.2521,-41.0824,-0.9269,0.8592,0.0027,8.075,1.1536,1.074,1.9456,0.5379,,3.404,BrBz_1;BrBz_14;BrBz_13;BrBz_124;BrBz_135;BrBz_1245;BrBz_123456,,,,
m062x_smd,bromobenzene,thermo,dG ArX + e- -> ArX.-,dG_ET_any_kcal,7,-0.2147,-14.1465,-0.6968,0.4856,0.0819,29.496,4.2137,2.0527,3.9994,-0.9527,,2.172,BrBz_1;BrBz_14;BrBz_13;BrBz_124;BrBz_135;BrBz_1245;BrBz_123456,,,,
m062x_smd,bromobenzene,thermo,dG ArX.- -> Ar. + X-,min_dG_frag_any_kcal,7,0.2104,-1.0142,0.5615,0.3153,0.1897,39.2621,5.6089,2.3683,7.9689,-6.7526,,2.486,BrBz_1;BrBz_14;BrBz_13;BrBz_124;BrBz_135;BrBz_1245;BrBz_123456,,,,
m062x_smd,bromobenzene,thermo,dG ArX.- + e- -> Ar- + X-,min_dG_RA_2e_any_kcal,7,-0.1704,-18.3873,-0.4422,0.1955,0.3205,46.1282,6.5897,2.567,4.4028,-1.3665,,4.383,BrBz_1;BrBz_14;BrBz_13;BrBz_124;BrBz_135;BrBz_1245;BrBz_123456,,,,
m062x_smd,bromobenzene,extended,number of halogens,n_X,7,1.7556,-6.915,0.9274,0.8601,0.0026,8.0218,1.146,1.0705,2.084,0.4698,,2.545,BrBz_1;BrBz_14;BrBz_13;BrBz_124;BrBz_135;BrBz_1245;BrBz_123456,,,,
m062x_smd,bromobenzene,extended,vertical electron affinity,VEA_eV,7,6.8345,-11.7573,0.9097,0.8275,0.0045,9.8895,1.4128,1.1886,2.5504,0.2059,,1.971,BrBz_1;BrBz_14;BrBz_13;BrBz_124;BrBz_135;BrBz_1245;BrBz_123456,,,,
m062x_smd,bromobenzene,extended,adiabatic electron affinity (electronic),AEA_elec_eV,0,,,,,,,,,,,,,,,,,
m062x_smd,bromobenzene,extended,electrophilicity index (dSCF),omega_dSCF_eV,7,8.9362,-16.6302,0.8918,0.7953,0.007,11.7385,1.6769,1.295,3.0426,-0.1301,,1.855,BrBz_1;BrBz_14;BrBz_13;BrBz_124;BrBz_135;BrBz_1245;BrBz_123456,,,,
m062x_smd,bromobenzene,extended,E deg ArX/ArX.- (SMD levels only),E_ET_V,0,,,,,,,,,,,,,,,,,
m062x_smd,bromobenzene,extended,"dG ArX + e- -> ArX.-, bound RA only",dG_ET_kcal,0,,,,,,,,,,,,,,,,,
m062x_smd,bromobenzene,extended,"dG ArX.- -> Ar. + X-, bound RA only",min_dG_frag_kcal,0,,,,,,,,,,,,,,,,,
m062x_smd,bromobenzene,extended,"dG ArX.- + e- -> Ar- + X-, bound RA only",min_dG_RA_2e_kcal,0,,,,,,,,,,,,,,,,,
m062x_smd,bromobenzene,extended,dG ArX + H+ + 2e- -> ArH + X-,min_dG_2e_HDH_kcal,7,-0.7831,-167.9041,-0.904,0.8172,0.0052,10.4834,1.4976,1.2238,2.2412,0.3868,,4.132,BrBz_1;BrBz_14;BrBz_13;BrBz_124;BrBz_135;BrBz_1245;BrBz_123456,,,,
m062x_smd,bromobenzene,extended,dG Ar. + e- -> Ar-,min_dG_rad_red_kcal,7,-0.3373,-33.757,-0.9447,0.8924,0.0013,6.1711,0.8816,0.9389,1.5376,0.7114,,3.477,BrBz_1;BrBz_14;BrBz_13;BrBz_124;BrBz_135;BrBz_1245;BrBz_123456,,,,
m062x_smd,bromobenzene,extended,inner-sphere reorganisation energy,lambda_i_kcal,0,,,,,,,,,,,,,,,,,
m062x_smd,bromobenzene,extended,weakest C-X bond enthalpy,min_BDE_kcal,7,-1.026,75.3209,-0.8371,0.7007,0.0188,17.1611,2.4516,1.5658,4.1284,-1.0808,,17.937,BrBz_1;BrBz_14;BrBz_13;BrBz_124;BrBz_135;BrBz_1245;BrBz_123456,,,,
m062x_smd,bromobenzene,extended,Saveant intrinsic barrier (weakest C-X),min_dG0_act_concerted_kcal,7,-2.5709,65.0512,-0.9102,0.8285,0.0044,9.8363,1.4052,1.1854,2.658,0.1375,1.523,11.083,BrBz_1;BrBz_14;BrBz_13;BrBz_124;BrBz_135;BrBz_1245;BrBz_123456,,,,
m062x_smd,bromobenzene,extended,Saveant concerted barrier,eff_dG_act_concerted_kcal @ -2.00 V,7,-1.0471,20.6633,-0.8948,0.8007,0.0065,11.4262,1.6323,1.2776,2.9235,-0.0434,0.62,3.034,BrBz_1;BrBz_14;BrBz_13;BrBz_124;BrBz_135;BrBz_1245;BrBz_123456,,,,
m062x_smd,bromobenzene,extended,stepwise ET + cleavage barrier,eff_dG_act_stepwise_kcal @ -2.00 V,0,,,,,,,,,,,,,,,,,
m062x_smd,bromobenzene,extended,combined stepwise + concerted,eff_dG_act_combined_kcal @ -2.00 V,7,-1.0471,20.6633,-0.8948,0.8007,0.0065,11.4262,1.6323,1.2776,2.9235,-0.0434,0.62,3.034,BrBz_1;BrBz_14;BrBz_13;BrBz_124;BrBz_135;BrBz_1245;BrBz_123456,,,,
m062x_smd,bromobenzene,extended,C-X cleavage TS barrier of ArX.-,eff_dG_act_frag_TS_kcal,0,,,,,,,,,,,,,,,,,
m062x_smd,bromobenzene,extended,largest Fukui f+ on a C-X bond,max_fplus_CX,7,105.2913,-15.9496,0.7302,0.5331,0.0624,26.7702,3.8243,1.9556,2.5925,0.1795,,5.74,BrBz_1;BrBz_14;BrBz_13;BrBz_124;BrBz_135;BrBz_1245;BrBz_123456,,,,
m062x_smd,bromobenzene,extended,weakest Wiberg C-X bond order,min_wiberg_CX_parent,7,259.9502,-273.6079,0.9392,0.8822,0.0017,6.7555,0.9651,0.9824,1.6345,0.6738,,6.204,BrBz_1;BrBz_14;BrBz_13;BrBz_124;BrBz_135;BrBz_1245;BrBz_123456,,,,
m062x_smd,bromobenzene,extended,largest halogen spin density in ArX.-,max_spin_RA_X,0,,,,,,,,,,,,,,,,,
m062x_smd,bromobenzene,extended,largest C-X elongation in ArX.-,max_dr_CX_RA_A,7,-1.5677,-0.5597,-0.5568,0.31,0.1942,39.5654,5.6522,2.3774,4.1108,-1.063,,3.25,BrBz_1;BrBz_14;BrBz_13;BrBz_124;BrBz_135;BrBz_1245;BrBz_123456,,,,
m062x_smd,bromobenzene,MLR,MLR: dG ArX + e- -> ArX.- + dG ArX.- -> Ar. + X-,dG_ET_any_kcal + min_dG_frag_any_kcal,7,,,,0.726,,15.7093,2.2442,1.4981,,,,,,0.589,-52.7187,-0.8371,-0.7787
m062x_smd,bromobenzene,MLR,MLR: dG ArX + e- -> ArX.- + dG ArX.- + e- -> Ar- + X-,dG_ET_any_kcal + min_dG_RA_2e_any_kcal,7,,,,0.8603,,8.0082,1.144,1.0696,,,,,,0.7905,-40.4151,-0.2577,-0.242
m062x_smd,chlorobenzene,thermo,LUMO of ArX,LUMO_eV,5,-7.4414,-5.0669,-0.8548,0.7307,0.0649,10.6048,2.121,1.4563,2.7035,0.072,,,ClBz_123456;ClBz_12345;ClBz_1245;ClBz_12;ClBz_14,,,,
m062x_smd,chlorobenzene,thermo,LUMO of the radical anion ArX.-,LUMO_RA_eV,5,-2.3726,-3.405,-0.5995,0.3594,0.2853,25.2246,5.0449,2.2461,4.1587,-1.1961,,,ClBz_123456;ClBz_12345;ClBz_1245;ClBz_12;ClBz_14,,,,
m062x_smd,chlorobenzene,thermo,dG ArX + e- -> Ar. + X-,min_dG_1e_kcal,5,-1.8519,-120.4626,-0.9252,0.8561,0.0243,5.6677,1.1335,1.0647,1.8305,0.5745,,,ClBz_123456;ClBz_12345;ClBz_1245;ClBz_12;ClBz_14,,,,
m062x_smd,chlorobenzene,thermo,dG ArX + 2e- -> Ar- + X-,min_dG_2e_carbanion_kcal,5,-0.2246,-39.6713,-0.9068,0.8223,0.0337,6.9963,1.3993,1.1829,2.0962,0.4421,,,ClBz_123456;ClBz_12345;ClBz_1245;ClBz_12;ClBz_14,,,,
m062x_smd,chlorobenzene,thermo,dG ArX + e- -> ArX.-,dG_ET_any_kcal,5,-0.1788,-11.4082,-0.7251,0.5258,0.1657,18.6742,3.7348,1.9326,3.3341,-0.4115,,,ClBz_123456;ClBz_12345;ClBz_1245;ClBz_12;ClBz_14,,,,
m062x_smd,chlorobenzene,thermo,dG ArX.- -> Ar. + X-,min_dG_frag_any_kcal,5,0.1916,0.1627,0.6891,0.4749,0.1981,20.6769,4.1354,2.0336,3.4656,-0.525,,,ClBz_123456;ClBz_12345;ClBz_1245;ClBz_12;ClBz_14,,,,
m062x_smd,chlorobenzene,thermo,dG ArX.- + e- -> Ar- + X-,min_dG_RA_2e_any_kcal,5,-0.3692,-44.9111,-0.5154,0.2656,0.3741,28.9176,5.7835,2.4049,4.6708,-1.7702,,,ClBz_123456;ClBz_12345;ClBz_1245;ClBz_12;ClBz_14,,,,
m062x_smd,chlorobenzene,extended,number of halogens,n_X,5,1.5249,-8.0827,0.8694,0.7558,0.0555,9.6145,1.9229,1.3867,2.4497,0.238,,,ClBz_123456;ClBz_12345;ClBz_1245;ClBz_12;ClBz_14,,,,
m062x_smd,chlorobenzene,extended,vertical electron affinity,VEA_eV,5,8.4419,-15.4678,0.8461,0.716,0.0708,11.185,2.237,1.4957,2.814,-0.0055,,,ClBz_123456;ClBz_12345;ClBz_1245;ClBz_12;ClBz_14,,,,
m062x_smd,chlorobenzene,extended,adiabatic electron affinity (electronic),AEA_elec_eV,5,3.853,-9.9934,0.7364,0.5423,0.1558,18.0214,3.6043,1.8985,3.3794,-0.4501,,,ClBz_123456;ClBz_12345;ClBz_1245;ClBz_12;ClBz_14,,,,
m062x_smd,chlorobenzene,extended,electrophilicity index (dSCF),omega_dSCF_eV,5,11.6854,-22.4012,0.861,0.7414,0.0609,10.1834,2.0367,1.4271,2.6392,0.1156,,,ClBz_123456;ClBz_12345;ClBz_1245;ClBz_12;ClBz_14,,,,
m062x_smd,chlorobenzene,extended,E deg ArX/ArX.- (SMD levels only),E_ET_V,5,4.1246,6.244,0.7253,0.5261,0.1655,18.6613,3.7323,1.9319,3.333,-0.4106,,,ClBz_123456;ClBz_12345;ClBz_1245;ClBz_12;ClBz_14,,,,
m062x_smd,chlorobenzene,extended,"dG ArX + e- -> ArX.-, bound RA only",dG_ET_kcal,5,-0.1788,-11.4082,-0.7251,0.5258,0.1657,18.6742,3.7348,1.9326,3.3341,-0.4115,,,ClBz_123456;ClBz_12345;ClBz_1245;ClBz_12;ClBz_14,,,,
m062x_smd,chlorobenzene,extended,"dG ArX.- -> Ar. + X-, bound RA only",min_dG_frag_kcal,5,0.1916,0.1627,0.6891,0.4749,0.1981,20.6769,4.1354,2.0336,3.4656,-0.525,,,ClBz_123456;ClBz_12345;ClBz_1245;ClBz_12;ClBz_14,,,,
m062x_smd,chlorobenzene,extended,"dG ArX.- + e- -> Ar- + X-, bound RA only",min_dG_RA_2e_kcal,5,-0.3692,-44.9111,-0.5154,0.2656,0.3741,28.9176,5.7835,2.4049,4.6708,-1.7702,,,ClBz_123456;ClBz_12345;ClBz_1245;ClBz_12;ClBz_14,,,,
m062x_smd,chlorobenzene,extended,dG ArX + H+ + 2e- -> ArH + X-,min_dG_2e_HDH_kcal,5,-0.9972,-218.2391,-0.9367,0.8773,0.019,4.8308,0.9662,0.9829,1.7242,0.6225,,,ClBz_123456;ClBz_12345;ClBz_1245;ClBz_12;ClBz_14,,,,
m062x_smd,chlorobenzene,extended,dG Ar. + e- -> Ar-,min_dG_rad_red_kcal,5,-0.2554,-28.5042,-0.9039,0.817,0.0353,7.2058,1.4412,1.2005,2.1367,0.4203,,,ClBz_123456;ClBz_12345;ClBz_1245;ClBz_12;ClBz_14,,,,
m062x_smd,chlorobenzene,extended,inner-sphere reorganisation energy,lambda_i_kcal,4,0.0352,-4.2774,0.4685,0.2195,0.5315,16.3179,4.0795,2.0198,25.1377,-119.9056,,,ClBz_12345;ClBz_1245;ClBz_12;ClBz_14,,,,
m062x_smd,chlorobenzene,extended,weakest C-X bond enthalpy,min_BDE_kcal,5,-1.7554,161.0402,-0.8621,0.7432,0.0602,10.112,2.0224,1.4221,2.5073,0.2017,,,ClBz_123456;ClBz_12345;ClBz_1245;ClBz_12;ClBz_14,,,,
m062x_smd,chlorobenzene,extended,Saveant intrinsic barrier (weakest C-X),min_dG0_act_concerted_kcal,5,-3.4037,101.4087,-0.8776,0.7702,0.0505,9.0508,1.8102,1.3454,2.347,0.3005,2.017,,ClBz_123456;ClBz_12345;ClBz_1245;ClBz_12;ClBz_14,,,,
m062x_smd,chlorobenzene,extended,Saveant concerted barrier,eff_dG_act_concerted_kcal @ -2.00 V,5,-1.6597,38.3152,-0.9211,0.8484,0.0263,5.9683,1.1937,1.0926,1.8937,0.5447,0.983,,ClBz_123456;ClBz_12345;ClBz_1245;ClBz_12;ClBz_14,,,,
m062x_smd,chlorobenzene,extended,stepwise ET + cleavage barrier,eff_dG_act_stepwise_kcal @ -2.00 V,0,,,,,,,,,,,,,,,,,
m062x_smd,chlorobenzene,extended,combined stepwise + concerted,eff_dG_act_combined_kcal @ -2.00 V,5,-1.6597,38.3152,-0.9211,0.8484,0.0263,5.9683,1.1937,1.0926,1.8937,0.5447,0.983,,ClBz_123456;ClBz_12345;ClBz_1245;ClBz_12;ClBz_14,,,,
m062x_smd,chlorobenzene,extended,C-X cleavage TS barrier of ArX.-,eff_dG_act_frag_TS_kcal,0,,,,,,,,,,,,,,,,,
m062x_smd,chlorobenzene,extended,largest Fukui f+ on a C-X bond,max_fplus_CX,5,39.6293,-8.9959,0.7513,0.5645,0.1432,17.148,3.4296,1.8519,3.147,-0.2576,,,ClBz_123456;ClBz_12345;ClBz_1245;ClBz_12;ClBz_14,,,,
m062x_smd,chlorobenzene,extended,weakest Wiberg C-X bond order,min_wiberg_CX_parent,5,201.9698,-217.8385,0.9635,0.9283,0.0083,2.8226,0.5645,0.7513,1.3018,0.7848,,,ClBz_123456;ClBz_12345;ClBz_1245;ClBz_12;ClBz_14,,,,
m062x_smd,chlorobenzene,extended,largest halogen spin density in ArX.-,max_spin_RA_X,4,8.2943,-3.9891,0.4626,0.214,0.5374,16.4326,4.1081,2.0269,34.941,-232.5956,,,ClBz_12345;ClBz_1245;ClBz_12;ClBz_14,,,,
m062x_smd,chlorobenzene,extended,largest C-X elongation in ArX.-,max_dr_CX_RA_A,5,1.4573,-2.5389,0.1462,0.0214,0.8145,38.5353,7.7071,2.7762,68.1734,-589.1369,,,ClBz_123456;ClBz_12345;ClBz_1245;ClBz_12;ClBz_14,,,,
m062x_smd,chlorobenzene,MLR,MLR: dG ArX + e- -> ArX.- + dG ArX.- -> Ar. + X-,dG_ET_any_kcal + min_dG_frag_any_kcal,5,,,,0.9863,,0.5385,0.1077,0.3282,,,,,,0.9727,-223.5149,-3.4187,-3.6583
m062x_smd,chlorobenzene,MLR,MLR: dG ArX + e- -> ArX.- + dG ArX.- + e- -> Ar- + X-,dG_ET_any_kcal + min_dG_RA_2e_any_kcal,5,,,,0.9635,,1.4381,0.2876,0.5363,,,,,,0.927,-68.6646,-0.2096,-0.4823
m062x_smd,halobenzene,thermo,LUMO of ArX,LUMO_eV,12,-5.4048,-4.1605,-0.8423,0.7094,0.0006,28.4492,2.3708,1.5397,2.333,0.3329,,,BrBz_1;BrBz_14;BrBz_13;BrBz_124;BrBz_135;BrBz_1245;BrBz_123456;ClBz_123456;ClBz_12345;ClBz_1245;ClBz_12;ClBz_14,,,,
m062x_smd,halobenzene,thermo,LUMO of the radical anion ArX.-,LUMO_RA_eV,12,-2.0779,-3.4455,-0.4656,0.2168,0.1272,76.6875,6.3906,2.528,3.0452,-0.1365,,,BrBz_1;BrBz_14;BrBz_13;BrBz_124;BrBz_135;BrBz_1245;BrBz_123456;ClBz_123456;ClBz_12345;ClBz_1245;ClBz_12;ClBz_14,,,,
m062x_smd,halobenzene,thermo,dG ArX + e- -> Ar. + X-,min_dG_1e_kcal,12,-0.7464,-48.4173,-0.6596,0.4351,0.0196,55.3083,4.609,2.1469,2.4345,0.2736,,,BrBz_1;BrBz_14;BrBz_13;BrBz_124;BrBz_135;BrBz_1245;BrBz_123456;ClBz_123456;ClBz_12345;ClBz_1245;ClBz_12;ClBz_14,,,,
m062x_smd,halobenzene,thermo,dG ArX + 2e- -> Ar- + X-,min_dG_2e_carbanion_kcal,12,-0.1874,-32.006,-0.7835,0.6139,0.0026,37.8029,3.1502,1.7749,2.1142,0.4522,,,BrBz_1;BrBz_14;BrBz_13;BrBz_124;BrBz_135;BrBz_1245;BrBz_123456;ClBz_123456;ClBz_12345;ClBz_1245;ClBz_12;ClBz_14,,,,
m062x_smd,halobenzene,thermo,dG ArX + e- -> ArX.-,dG_ET_any_kcal,12,-0.1846,-12.1077,-0.6987,0.4882,0.0115,50.1141,4.1762,2.0436,2.4011,0.2934,,,BrBz_1;BrBz_14;BrBz_13;BrBz_124;BrBz_135;BrBz_1245;BrBz_123456;ClBz_123456;ClBz_12345;ClBz_1245;ClBz_12;ClBz_14,,,,
m062x_smd,halobenzene,thermo,dG ArX.- -> Ar. + X-,min_dG_frag_any_kcal,12,0.1686,-0.7198,0.5895,0.3475,0.0437,63.8891,5.3241,2.3074,2.7352,0.0831,,,BrBz_1;BrBz_14;BrBz_13;BrBz_124;BrBz_135;BrBz_1245;BrBz_123456;ClBz_123456;ClBz_12345;ClBz_1245;ClBz_12;ClBz_14,,,,
m062x_smd,halobenzene,thermo,dG ArX.- + e- -> Ar- + X-,min_dG_RA_2e_any_kcal,12,-0.0465,-6.8179,-0.1715,0.0294,0.5941,95.0323,7.9194,2.8141,3.3674,-0.3898,,,BrBz_1;BrBz_14;BrBz_13;BrBz_124;BrBz_135;BrBz_1245;BrBz_123456;ClBz_123456;ClBz_12345;ClBz_1245;ClBz_12;ClBz_14,,,,
m062x_smd,halobenzene,extended,number of halogens,n_X,12,1.5037,-6.9273,0.8416,0.7082,0.0006,28.5668,2.3806,1.5429,1.7804,0.6115,,,BrBz_1;BrBz_14;BrBz_13;BrBz_124;BrBz_135;BrBz_1245;BrBz_123456;ClBz_123456;ClBz_12345;ClBz_1245;ClBz_12;ClBz_14,,,,
m062x_smd,halobenzene,extended,vertical electron affinity,VEA_eV,12,7.078,-12.6262,0.8557,0.7322,0.0004,26.2192,2.1849,1.4782,1.7528,0.6235,,,BrBz_1;BrBz_14;BrBz_13;BrBz_124;BrBz_135;BrBz_1245;BrBz_123456;ClBz_123456;ClBz_12345;ClBz_1245;ClBz_12;ClBz_14,,,,
m062x_smd,halobenzene,extended,adiabatic electron affinity (electronic),AEA_elec_eV,7,4.1885,-10.5501,0.8432,0.711,0.0171,18.5356,2.6479,1.6272,2.2606,0.4424,,,BrBz_14;BrBz_123456;ClBz_123456;ClBz_12345;ClBz_1245;ClBz_12;ClBz_14,,,,
m062x_smd,halobenzene,extended,electrophilicity index (dSCF),omega_dSCF_eV,12,9.5086,-18.0334,0.8545,0.7301,0.0004,26.4277,2.2023,1.484,1.8329,0.5882,,,BrBz_1;BrBz_14;BrBz_13;BrBz_124;BrBz_135;BrBz_1245;BrBz_123456;ClBz_123456;ClBz_12345;ClBz_1245;ClBz_12;ClBz_14,,,,
m062x_smd,halobenzene,extended,E deg ArX/ArX.- (SMD levels only),E_ET_V,7,4.4436,7.0629,0.8362,0.6992,0.0191,19.2984,2.7569,1.6604,2.2704,0.4375,,,BrBz_14;BrBz_123456;ClBz_123456;ClBz_12345;ClBz_1245;ClBz_12;ClBz_14,,,,
m062x_smd,halobenzene,extended,"dG ArX + e- -> ArX.-, bound RA only",dG_ET_kcal,7,-0.1926,-11.9567,-0.836,0.699,0.0191,19.3112,2.7587,1.6609,2.2712,0.4371,,,BrBz_14;BrBz_123456;ClBz_123456;ClBz_12345;ClBz_1245;ClBz_12;ClBz_14,,,,
m062x_smd,halobenzene,extended,"dG ArX.- -> Ar. + X-, bound RA only",min_dG_frag_kcal,7,0.2226,0.6415,0.8114,0.6584,0.0267,21.9132,3.1305,1.7693,2.4724,0.333,,,BrBz_14;BrBz_123456;ClBz_123456;ClBz_12345;ClBz_1245;ClBz_12;ClBz_14,,,,
m062x_smd,halobenzene,extended,"dG ArX.- + e- -> Ar- + X-, bound RA only",min_dG_RA_2e_kcal,7,-0.0172,-3.8836,-0.0278,0.0008,0.9528,64.0982,9.1569,3.026,4.5041,-1.2138,,,BrBz_14;BrBz_123456;ClBz_123456;ClBz_12345;ClBz_1245;ClBz_12;ClBz_14,,,,
m062x_smd,halobenzene,extended,dG ArX + H+ + 2e- -> ArH + X-,min_dG_2e_HDH_kcal,12,-0.5276,-114.8621,-0.6828,0.4663,0.0144,52.2597,4.355,2.0869,2.3884,0.3009,,,BrBz_1;BrBz_14;BrBz_13;BrBz_124;BrBz_135;BrBz_1245;BrBz_123456;ClBz_123456;ClBz_12345;ClBz_1245;ClBz_12;ClBz_14,,,,
m062x_smd,halobenzene,extended,dG Ar. + e- -> Ar-,min_dG_rad_red_kcal,12,-0.2385,-25.3594,-0.8015,0.6424,0.0017,35.0149,2.9179,1.7082,2.0817,0.4689,,,BrBz_1;BrBz_14;BrBz_13;BrBz_124;BrBz_135;BrBz_1245;BrBz_123456;ClBz_123456;ClBz_12345;ClBz_1245;ClBz_12;ClBz_14,,,,
m062x_smd,halobenzene,extended,inner-sphere reorganisation energy,lambda_i_kcal,6,0.0624,-4.4654,0.6033,0.364,0.2049,31.7461,5.291,2.3002,4.355,-1.28,,,BrBz_14;BrBz_123456;ClBz_12345;ClBz_1245;ClBz_12;ClBz_14,,,,
m062x_smd,halobenzene,extended,weakest C-X bond enthalpy,min_BDE_kcal,12,-0.0899,5.5066,-0.2867,0.0822,0.3663,89.8646,7.4887,2.7366,3.2953,-0.3309,,,BrBz_1;BrBz_14;BrBz_13;BrBz_124;BrBz_135;BrBz_1245;BrBz_123456;ClBz_123456;ClBz_12345;ClBz_1245;ClBz_12;ClBz_14,,,,
m062x_smd,halobenzene,extended,Saveant intrinsic barrier (weakest C-X),min_dG0_act_concerted_kcal,12,-0.516,12.4448,-0.4345,0.1888,0.1581,79.4228,6.6186,2.5727,3.0493,-0.1396,0.306,,BrBz_1;BrBz_14;BrBz_13;BrBz_124;BrBz_135;BrBz_1245;BrBz_123456;ClBz_123456;ClBz_12345;ClBz_1245;ClBz_12;ClBz_14,,,,
m062x_smd,halobenzene,extended,Saveant concerted barrier,eff_dG_act_concerted_kcal @ -2.00 V,12,-0.8412,17.1161,-0.7748,0.6003,0.0031,39.135,3.2613,1.8059,2.205,0.4041,0.498,,BrBz_1;BrBz_14;BrBz_13;BrBz_124;BrBz_135;BrBz_1245;BrBz_123456;ClBz_123456;ClBz_12345;ClBz_1245;ClBz_12;ClBz_14,,,,
m062x_smd,halobenzene,extended,stepwise ET + cleavage barrier,eff_dG_act_stepwise_kcal @ -2.00 V,0,,,,,,,,,,,,,,,,,
m062x_smd,halobenzene,extended,combined stepwise + concerted,eff_dG_act_combined_kcal @ -2.00 V,12,-0.8412,17.1161,-0.7748,0.6003,0.0031,39.135,3.2613,1.8059,2.205,0.4041,0.498,,BrBz_1;BrBz_14;BrBz_13;BrBz_124;BrBz_135;BrBz_1245;BrBz_123456;ClBz_123456;ClBz_12345;ClBz_1245;ClBz_12;ClBz_14,,,,
m062x_smd,halobenzene,extended,C-X cleavage TS barrier of ArX.-,eff_dG_act_frag_TS_kcal,0,,,,,,,,,,,,,,,,,
m062x_smd,halobenzene,extended,largest Fukui f+ on a C-X bond,max_fplus_CX,12,39.1057,-7.7712,0.5613,0.3151,0.0576,67.064,5.5887,2.364,2.9158,-0.042,,,BrBz_1;BrBz_14;BrBz_13;BrBz_124;BrBz_135;BrBz_1245;BrBz_123456;ClBz_123456;ClBz_12345;ClBz_1245;ClBz_12;ClBz_14,,,,
m062x_smd,halobenzene,extended,weakest Wiberg C-X bond order,min_wiberg_CX_parent,12,114.5464,-122.7574,0.6272,0.3934,0.029,59.3908,4.9492,2.2247,2.5449,0.2062,,,BrBz_1;BrBz_14;BrBz_13;BrBz_124;BrBz_135;BrBz_1245;BrBz_123456;ClBz_123456;ClBz_12345;ClBz_1245;ClBz_12;ClBz_14,,,,
m062x_smd,halobenzene,extended,largest halogen spin density in ArX.-,max_spin_RA_X,6,4.3183,-2.8139,0.1622,0.0263,0.7588,48.5977,8.0996,2.846,10.6538,-12.6445,,,BrBz_14;BrBz_123456;ClBz_12345;ClBz_1245;ClBz_12;ClBz_14,,,,
m062x_smd,halobenzene,extended,largest C-X elongation in ArX.-,max_dr_CX_RA_A,12,-1.1616,-1.3612,-0.3407,0.1161,0.2785,86.547,7.2122,2.6856,3.8321,-0.7998,,,BrBz_1;BrBz_14;BrBz_13;BrBz_124;BrBz_135;BrBz_1245;BrBz_123456;ClBz_123456;ClBz_12345;ClBz_1245;ClBz_12;ClBz_14,,,,
m062x_smd,halobenzene,MLR,MLR: dG ArX + e- -> ArX.- + dG ArX.- -> Ar. + X-,dG_ET_any_kcal + min_dG_frag_any_kcal,12,,,,0.6462,,34.6369,2.8864,1.6989,,,,,,0.5676,-40.3745,-0.6326,-0.4981
m062x_smd,halobenzene,MLR,MLR: dG ArX + e- -> ArX.- + dG ArX.- + e- -> Ar- + X-,dG_ET_any_kcal + min_dG_RA_2e_any_kcal,12,,,,0.7055,,28.8387,2.4032,1.5502,,,,,,0.64,-29.2129,-0.2342,-0.1363
m062x_smd,all,thermo,LUMO of ArX,LUMO_eV,12,-5.4048,-4.1605,-0.8423,0.7094,0.0006,28.4492,2.3708,1.5397,2.333,0.3329,,,BrBz_1;BrBz_14;BrBz_13;BrBz_124;BrBz_135;BrBz_1245;BrBz_123456;ClBz_123456;ClBz_12345;ClBz_1245;ClBz_12;ClBz_14,,,,
m062x_smd,all,thermo,LUMO of the radical anion ArX.-,LUMO_RA_eV,12,-2.0779,-3.4455,-0.4656,0.2168,0.1272,76.6875,6.3906,2.528,3.0452,-0.1365,,,BrBz_1;BrBz_14;BrBz_13;BrBz_124;BrBz_135;BrBz_1245;BrBz_123456;ClBz_123456;ClBz_12345;ClBz_1245;ClBz_12;ClBz_14,,,,
m062x_smd,all,thermo,dG ArX + e- -> Ar. + X-,min_dG_1e_kcal,12,-0.7464,-48.4173,-0.6596,0.4351,0.0196,55.3083,4.609,2.1469,2.4345,0.2736,,,BrBz_1;BrBz_14;BrBz_13;BrBz_124;BrBz_135;BrBz_1245;BrBz_123456;ClBz_123456;ClBz_12345;ClBz_1245;ClBz_12;ClBz_14,,,,
m062x_smd,all,thermo,dG ArX + 2e- -> Ar- + X-,min_dG_2e_carbanion_kcal,12,-0.1874,-32.006,-0.7835,0.6139,0.0026,37.8029,3.1502,1.7749,2.1142,0.4522,,,BrBz_1;BrBz_14;BrBz_13;BrBz_124;BrBz_135;BrBz_1245;BrBz_123456;ClBz_123456;ClBz_12345;ClBz_1245;ClBz_12;ClBz_14,,,,
m062x_smd,all,thermo,dG ArX + e- -> ArX.-,dG_ET_any_kcal,12,-0.1846,-12.1077,-0.6987,0.4882,0.0115,50.1141,4.1762,2.0436,2.4011,0.2934,,,BrBz_1;BrBz_14;BrBz_13;BrBz_124;BrBz_135;BrBz_1245;BrBz_123456;ClBz_123456;ClBz_12345;ClBz_1245;ClBz_12;ClBz_14,,,,
m062x_smd,all,thermo,dG ArX.- -> Ar. + X-,min_dG_frag_any_kcal,12,0.1686,-0.7198,0.5895,0.3475,0.0437,63.8891,5.3241,2.3074,2.7352,0.0831,,,BrBz_1;BrBz_14;BrBz_13;BrBz_124;BrBz_135;BrBz_1245;BrBz_123456;ClBz_123456;ClBz_12345;ClBz_1245;ClBz_12;ClBz_14,,,,
m062x_smd,all,thermo,dG ArX.- + e- -> Ar- + X-,min_dG_RA_2e_any_kcal,12,-0.0465,-6.8179,-0.1715,0.0294,0.5941,95.0323,7.9194,2.8141,3.3674,-0.3898,,,BrBz_1;BrBz_14;BrBz_13;BrBz_124;BrBz_135;BrBz_1245;BrBz_123456;ClBz_123456;ClBz_12345;ClBz_1245;ClBz_12;ClBz_14,,,,
m062x_smd,all,extended,number of halogens,n_X,14,1.417,-6.8402,0.822,0.6758,0.0003,32.2774,2.3055,1.5184,1.7159,0.5859,,,BrBz_1;BrBz_14;BrBz_13;BrBz_124;BrBz_135;BrBz_1245;BrBz_123456;BDE_24_24;BDE_245_24;ClBz_123456;ClBz_12345;ClBz_1245;ClBz_12;ClBz_14,,,,
m062x_smd,all,extended,vertical electron affinity,VEA_eV,12,7.078,-12.6262,0.8557,0.7322,0.0004,26.2192,2.1849,1.4782,1.7528,0.6235,,,BrBz_1;BrBz_14;BrBz_13;BrBz_124;BrBz_135;BrBz_1245;BrBz_123456;ClBz_123456;ClBz_12345;ClBz_1245;ClBz_12;ClBz_14,,,,
m062x_smd,all,extended,adiabatic electron affinity (electronic),AEA_elec_eV,7,4.1885,-10.5501,0.8432,0.711,0.0171,18.5356,2.6479,1.6272,2.2606,0.4424,,,BrBz_14;BrBz_123456;ClBz_123456;ClBz_12345;ClBz_1245;ClBz_12;ClBz_14,,,,
m062x_smd,all,extended,electrophilicity index (dSCF),omega_dSCF_eV,12,9.5086,-18.0334,0.8545,0.7301,0.0004,26.4277,2.2023,1.484,1.8329,0.5882,,,BrBz_1;BrBz_14;BrBz_13;BrBz_124;BrBz_135;BrBz_1245;BrBz_123456;ClBz_123456;ClBz_12345;ClBz_1245;ClBz_12;ClBz_14,,,,
m062x_smd,all,extended,E deg ArX/ArX.- (SMD levels only),E_ET_V,7,4.4436,7.0629,0.8362,0.6992,0.0191,19.2984,2.7569,1.6604,2.2704,0.4375,,,BrBz_14;BrBz_123456;ClBz_123456;ClBz_12345;ClBz_1245;ClBz_12;ClBz_14,,,,
m062x_smd,all,extended,"dG ArX + e- -> ArX.-, bound RA only",dG_ET_kcal,7,-0.1926,-11.9567,-0.836,0.699,0.0191,19.3112,2.7587,1.6609,2.2712,0.4371,,,BrBz_14;BrBz_123456;ClBz_123456;ClBz_12345;ClBz_1245;ClBz_12;ClBz_14,,,,
m062x_smd,all,extended,"dG ArX.- -> Ar. + X-, bound RA only",min_dG_frag_kcal,7,0.2226,0.6415,0.8114,0.6584,0.0267,21.9132,3.1305,1.7693,2.4724,0.333,,,BrBz_14;BrBz_123456;ClBz_123456;ClBz_12345;ClBz_1245;ClBz_12;ClBz_14,,,,
m062x_smd,all,extended,"dG ArX.- + e- -> Ar- + X-, bound RA only",min_dG_RA_2e_kcal,7,-0.0172,-3.8836,-0.0278,0.0008,0.9528,64.0982,9.1569,3.026,4.5041,-1.2138,,,BrBz_14;BrBz_123456;ClBz_123456;ClBz_12345;ClBz_1245;ClBz_12;ClBz_14,,,,
m062x_smd,all,extended,dG ArX + H+ + 2e- -> ArH + X-,min_dG_2e_HDH_kcal,12,-0.5276,-114.8621,-0.6828,0.4663,0.0144,52.2597,4.355,2.0869,2.3884,0.3009,,,BrBz_1;BrBz_14;BrBz_13;BrBz_124;BrBz_135;BrBz_1245;BrBz_123456;ClBz_123456;ClBz_12345;ClBz_1245;ClBz_12;ClBz_14,,,,
m062x_smd,all,extended,dG Ar. + e- -> Ar-,min_dG_rad_red_kcal,12,-0.2385,-25.3594,-0.8015,0.6424,0.0017,35.0149,2.9179,1.7082,2.0817,0.4689,,,BrBz_1;BrBz_14;BrBz_13;BrBz_124;BrBz_135;BrBz_1245;BrBz_123456;ClBz_123456;ClBz_12345;ClBz_1245;ClBz_12;ClBz_14,,,,
m062x_smd,all,extended,inner-sphere reorganisation energy,lambda_i_kcal,6,0.0624,-4.4654,0.6033,0.364,0.2049,31.7461,5.291,2.3002,4.355,-1.28,,,BrBz_14;BrBz_123456;ClBz_12345;ClBz_1245;ClBz_12;ClBz_14,,,,
m062x_smd,all,extended,weakest C-X bond enthalpy,min_BDE_kcal,12,-0.0899,5.5066,-0.2867,0.0822,0.3663,89.8646,7.4887,2.7366,3.2953,-0.3309,,,BrBz_1;BrBz_14;BrBz_13;BrBz_124;BrBz_135;BrBz_1245;BrBz_123456;ClBz_123456;ClBz_12345;ClBz_1245;ClBz_12;ClBz_14,,,,
m062x_smd,all,extended,Saveant intrinsic barrier (weakest C-X),min_dG0_act_concerted_kcal,12,-0.516,12.4448,-0.4345,0.1888,0.1581,79.4228,6.6186,2.5727,3.0493,-0.1396,0.306,,BrBz_1;BrBz_14;BrBz_13;BrBz_124;BrBz_135;BrBz_1245;BrBz_123456;ClBz_123456;ClBz_12345;ClBz_1245;ClBz_12;ClBz_14,,,,
m062x_smd,all,extended,Saveant concerted barrier,eff_dG_act_concerted_kcal @ -2.00 V,12,-0.8412,17.1161,-0.7748,0.6003,0.0031,39.135,3.2613,1.8059,2.205,0.4041,0.498,,BrBz_1;BrBz_14;BrBz_13;BrBz_124;BrBz_135;BrBz_1245;BrBz_123456;ClBz_123456;ClBz_12345;ClBz_1245;ClBz_12;ClBz_14,,,,
m062x_smd,all,extended,stepwise ET + cleavage barrier,eff_dG_act_stepwise_kcal @ -2.00 V,0,,,,,,,,,,,,,,,,,
m062x_smd,all,extended,combined stepwise + concerted,eff_dG_act_combined_kcal @ -2.00 V,12,-0.8412,17.1161,-0.7748,0.6003,0.0031,39.135,3.2613,1.8059,2.205,0.4041,0.498,,BrBz_1;BrBz_14;BrBz_13;BrBz_124;BrBz_135;BrBz_1245;BrBz_123456;ClBz_123456;ClBz_12345;ClBz_1245;ClBz_12;ClBz_14,,,,
m062x_smd,all,extended,C-X cleavage TS barrier of ArX.-,eff_dG_act_frag_TS_kcal,0,,,,,,,,,,,,,,,,,
m062x_smd,all,extended,largest Fukui f+ on a C-X bond,max_fplus_CX,12,39.1057,-7.7712,0.5613,0.3151,0.0576,67.064,5.5887,2.364,2.9158,-0.042,,,BrBz_1;BrBz_14;BrBz_13;BrBz_124;BrBz_135;BrBz_1245;BrBz_123456;ClBz_123456;ClBz_12345;ClBz_1245;ClBz_12;ClBz_14,,,,
m062x_smd,all,extended,weakest Wiberg C-X bond order,min_wiberg_CX_parent,12,114.5464,-122.7574,0.6272,0.3934,0.029,59.3908,4.9492,2.2247,2.5449,0.2062,,,BrBz_1;BrBz_14;BrBz_13;BrBz_124;BrBz_135;BrBz_1245;BrBz_123456;ClBz_123456;ClBz_12345;ClBz_1245;ClBz_12;ClBz_14,,,,
m062x_smd,all,extended,largest halogen spin density in ArX.-,max_spin_RA_X,6,4.3183,-2.8139,0.1622,0.0263,0.7588,48.5977,8.0996,2.846,10.6538,-12.6445,,,BrBz_14;BrBz_123456;ClBz_12345;ClBz_1245;ClBz_12;ClBz_14,,,,
m062x_smd,all,extended,largest C-X elongation in ArX.-,max_dr_CX_RA_A,12,-1.1616,-1.3612,-0.3407,0.1161,0.2785,86.547,7.2122,2.6856,3.8321,-0.7998,,,BrBz_1;BrBz_14;BrBz_13;BrBz_124;BrBz_135;BrBz_1245;BrBz_123456;ClBz_123456;ClBz_12345;ClBz_1245;ClBz_12;ClBz_14,,,,
m062x_smd,all,MLR,MLR: dG ArX + e- -> ArX.- + dG ArX.- -> Ar. + X-,dG_ET_any_kcal + min_dG_frag_any_kcal,12,,,,0.6462,,34.6369,2.8864,1.6989,,,,,,0.5676,-40.3745,-0.6326,-0.4981
m062x_smd,all,MLR,MLR: dG ArX + e- -> ArX.- + dG ArX.- + e- -> Ar- + X-,dG_ET_any_kcal + min_dG_RA_2e_any_kcal,12,,,,0.7055,,28.8387,2.4032,1.5502,,,,,,0.64,-29.2129,-0.2342,-0.1363
