level,halogen,parent,n_X,site,degeneracy,aryl_radical,aryl_anion,ArH_product,LUMO_parent_eV,dG_ET_kcal,E_ET_V,dG_1e_kcal,E_1e_V,dG_frag_kcal,dG_rad_red_kcal,E_rad_red_V,dG_2e_carbanion_kcal,E_2e_carbanion_V,dG_2e_HDH_kcal,E_2e_HDH_V,RA_flags,missing_species
b3lyp_gas,Cl,ClBz_1,1,1,1,Ph_rad,Ph_anion,Bz,-0.8237,10.62,,-4.66,,-15.28,-23.94,,-28.6,,-419.07,,,
b3lyp_gas,Cl,ClBz_12,2,1,2,ClPh_2_rad,ClPh_2_anion,ClBz_1,-1.1002,,,-7.02,,,-40.69,,-47.71,,-423.64,,n_imag=1 (want 0; lowest -250.0),ClBz_12_RA
b3lyp_gas,Cl,ClBz_13,2,1,2,ClPh_3_rad,ClPh_3_anion,ClBz_1,-1.157,,,-5.76,,,-34.46,,-40.22,,-421.08,,error:unknown; no_free_energy,ClBz_13_RA
b3lyp_gas,Cl,ClBz_14,2,1,2,ClPh_4_rad,ClPh_4_anion,ClBz_1,-1.184,4.13,,-5.04,,-9.16,-32.62,,-37.66,,-421.48,,,
b3lyp_gas,Cl,ClBz_123,3,1,2,ClPh_23_rad,ClPh_23_anion,ClBz_12,-1.3271,-17.2,,-8.18,,9.02,-47.78,,-55.96,,-424.41,,RA_dissociated(C3-X 2.55 A),
b3lyp_gas,Cl,ClBz_123,3,2,1,ClPh_26_rad,ClPh_26_anion,ClBz_13,-1.3271,-17.2,,-8.44,,8.76,-55.89,,-64.33,,-426.97,,RA_dissociated(C3-X 2.55 A),
b3lyp_gas,Cl,ClBz_124,3,1,1,ClPh_24_rad,ClPh_24_anion,ClBz_13,-1.4267,-17.15,,-6.4,,10.76,-48.03,,-54.42,,-423.86,,RA_dissociated(C2-X 2.55 A),
b3lyp_gas,Cl,ClBz_124,3,2,1,ClPh_25_rad,ClPh_25_anion,ClBz_14,-1.4267,-17.15,,-7.05,,10.1,-49.59,,-56.64,,-423.46,,RA_dissociated(C2-X 2.55 A),
b3lyp_gas,Cl,ClBz_124,3,4,1,ClPh_34_rad,ClPh_34_anion,ClBz_12,-1.4267,-17.15,,-5.24,,11.91,-40.44,,-45.68,,-421.29,,RA_dissociated(C2-X 2.55 A),
b3lyp_gas,Cl,ClBz_135,3,1,3,ClPh_35_rad,ClPh_35_anion,ClBz_13,-1.427,-18.01,,-6.66,,11.35,-44.44,,-51.1,,-422.59,,RA_dissociated(C3-X 2.57 A),
b3lyp_gas,Cl,ClBz_1234,4,1,2,ClPh_234_rad,ClPh_234_anion,ClBz_123,-1.557,-22.72,,-7.93,,14.79,-53.03,,-60.96,,-424.82,,RA_dissociated(C3-X 2.39 A),
b3lyp_gas,Cl,ClBz_1234,4,2,2,ClPh_236_rad,ClPh_236_anion,ClBz_124,-1.557,-22.72,,-9.79,,12.93,-61.89,,-71.69,,-427.94,,RA_dissociated(C3-X 2.39 A),
b3lyp_gas,Cl,ClBz_1235,4,1,2,ClPh_235_rad,ClPh_235_anion,ClBz_124,-1.6357,-23.11,,-8.63,,14.47,-56.61,,-65.24,,-425.48,,RA_dissociated(C3-X 2.49 A),
b3lyp_gas,Cl,ClBz_1235,4,2,1,ClPh_246_rad,ClPh_246_anion,ClBz_135,-1.6357,-23.11,,-8.15,,14.96,-62.35,,-70.5,,-426.74,,RA_dissociated(C3-X 2.49 A),
b3lyp_gas,Cl,ClBz_1235,4,5,1,ClPh_345_rad,ClPh_345_anion,ClBz_123,-1.6357,-23.11,,-5.82,,17.28,-48.3,,-54.12,,-422.36,,RA_dissociated(C3-X 2.49 A),
b3lyp_gas,Cl,ClBz_1245,4,1,4,ClPh_245_rad,ClPh_245_anion,ClBz_124,-1.6697,,,-7.63,,,-54.95,,-62.59,,-425.53,,n_imag=1 (want 0; lowest -32.7),ClBz_1245_RA
b3lyp_gas,Cl,ClBz_12345,5,1,2,ClPh_2345_rad,ClPh_2345_anion,ClBz_1234,-1.7851,-28.12,,-8.38,,19.75,-60.17,,-68.54,,-425.37,,RA_dissociated(C3-X 2.35 A),
b3lyp_gas,Cl,ClBz_12345,5,2,2,ClPh_2346_rad,ClPh_2346_anion,ClBz_1235,-1.7851,-28.12,,-9.58,,18.54,-66.7,,-76.29,,-427.83,,RA_dissociated(C3-X 2.35 A),
b3lyp_gas,Cl,ClBz_12345,5,3,1,ClPh_2356_rad,ClPh_2356_anion,ClBz_1245,-1.7851,-28.12,,-10.39,,17.74,-68.1,,-78.49,,-427.78,,RA_dissociated(C3-X 2.35 A),
b3lyp_gas,Cl,ClBz_123456,6,1,6,ClPh_23456_rad,ClPh_23456_anion,ClBz_12345,-1.9951,-34.01,,-11.63,,22.38,-71.45,,-83.08,,-429.78,,,
b3lyp_gas,Br,BrBz_1,1,1,1,Ph_rad,Ph_anion,Bz,-0.8397,-12.91,,-13.36,,-0.45,-23.94,,-37.3,,-427.77,,RA_dissociated(C1-X 2.85 A),
b3lyp_gas,Br,BrBz_12,2,1,2,BrPh_2_rad,BrPh_2_anion,BrBz_1,-1.2087,-20.84,,-16.65,,4.19,-43.12,,-59.77,,-432.62,,RA_dissociated(C2-X 2.69 A),
b3lyp_gas,Br,BrBz_13,2,1,2,BrPh_3_rad,BrPh_3_anion,BrBz_1,-1.1905,-19.99,,-14.58,,5.41,-36.39,,-50.97,,-429.7,,RA_dissociated(C3-X 2.73 A),
b3lyp_gas,Br,BrBz_14,2,1,2,BrPh_4_rad,BrPh_4_anion,BrBz_1,-1.2011,-18.93,,-13.77,,5.16,-33.64,,-47.41,,-430.06,,RA_dissociated(C1-X 2.78 A),
b3lyp_gas,Br,BrBz_123,3,1,2,BrPh_23_rad,BrPh_23_anion,BrBz_12,-1.7325,-28.72,,-18.39,,10.33,-50.2,,-68.59,,-433.69,,RA_dissociated(C2-X 2.55 A),
b3lyp_gas,Br,BrBz_123,3,2,1,BrPh_26_rad,BrPh_26_anion,BrBz_13,-1.7325,-28.72,,-19.39,,9.33,-58.47,,-77.85,,-436.61,,RA_dissociated(C2-X 2.55 A),
b3lyp_gas,Br,BrBz_124,3,1,1,BrPh_24_rad,BrPh_24_anion,BrBz_13,-1.5247,-26.74,,-16.02,,10.72,-50.42,,-66.44,,-432.76,,RA_dissociated(C2-X 2.63 A),
b3lyp_gas,Br,BrBz_124,3,2,1,BrPh_25_rad,BrPh_25_anion,BrBz_14,-1.5247,-26.74,,-16.77,,9.97,-52.41,,-69.17,,-432.4,,RA_dissociated(C2-X 2.63 A),
b3lyp_gas,Br,BrBz_124,3,4,1,BrPh_34_rad,BrPh_34_anion,BrBz_12,-1.5247,-26.74,,-13.97,,12.77,-42.26,,-56.23,,-429.84,,RA_dissociated(C2-X 2.63 A),
b3lyp_gas,Br,BrBz_135,3,1,3,BrPh_35_rad,BrPh_35_anion,BrBz_13,-1.6379,-27.39,,-15.54,,11.86,-47.86,,-63.39,,-431.09,,RA_dissociated(C1-X 2.63 A),
b3lyp_gas,Br,BrBz_1234,4,1,2,BrPh_234_rad,BrPh_234_anion,BrBz_123,-2.073,-34.94,,-18.38,,16.56,-55.03,,-73.41,,-434.18,,,
b3lyp_gas,Br,BrBz_1234,4,2,2,BrPh_236_rad,BrPh_236_anion,BrBz_124,-2.073,-34.94,,-21.47,,13.47,-64.08,,-85.55,,-438.03,,,
b3lyp_gas,Br,BrBz_1235,4,1,2,BrPh_235_rad,BrPh_235_anion,BrBz_124,-2.0436,-33.04,,-18.95,,14.09,-59.51,,-78.46,,-434.66,,RA_dissociated(C2-X 2.51 A),
b3lyp_gas,Br,BrBz_1235,4,2,1,BrPh_246_rad,BrPh_246_anion,BrBz_135,-2.0436,-33.04,,-19.05,,13.99,-64.74,,-83.8,,-436.33,,RA_dissociated(C2-X 2.51 A),
b3lyp_gas,Br,BrBz_1235,4,5,1,BrPh_345_rad,BrPh_345_anion,BrBz_123,-2.0436,-33.04,,-14.55,,18.49,-51.1,,-65.65,,-430.81,,RA_dissociated(C2-X 2.51 A),
b3lyp_gas,Br,BrBz_1245,4,1,4,BrPh_245_rad,BrPh_245_anion,BrBz_124,-1.8629,-30.89,,-17.23,,13.66,-57.37,,-74.6,,-434.37,,RA_dissociated(C4-X 2.61 A),
b3lyp_gas,Br,BrBz_12345,5,1,2,BrPh_2345_rad,BrPh_2345_anion,BrBz_1234,-2.3916,-40.12,,-18.87,,21.26,-62.37,,-81.23,,-434.65,,,
b3lyp_gas,Br,BrBz_12345,5,2,2,BrPh_2346_rad,BrPh_2346_anion,BrBz_1235,-2.3916,-40.12,,-21.5,,18.62,-68.29,,-89.79,,-438.02,,,
b3lyp_gas,Br,BrBz_12345,5,3,1,BrPh_2356_rad,BrPh_2356_anion,BrBz_1245,-2.3916,-40.12,,-22.92,,17.2,-69.91,,-92.84,,-438.31,,,
b3lyp_gas,Br,BrBz_123456,6,1,6,BrPh_23456_rad,BrPh_23456_anion,BrBz_12345,-2.7228,-46.83,,-24.73,,22.11,-72.5,,-97.23,,-440.64,,,
b3lyp_smd,Cl,ClBz_1,1,1,1,Ph_rad,Ph_anion,Bz,-0.6852,-34.68,-2.777,-67.58,-1.351,-32.9,-83.65,-0.654,-151.23,-1.002,-218.76,0.462,,
b3lyp_smd,Cl,ClBz_12,2,1,2,ClPh_2_rad,ClPh_2_anion,ClBz_1,-0.8963,,,-70.02,-1.244,,-94.4,-0.187,-164.42,-0.716,-222.98,0.554,n_imag=1 (want 0; lowest -295.1),ClBz_12_RA
b3lyp_smd,Cl,ClBz_13,2,1,2,ClPh_3_rad,ClPh_3_anion,ClBz_1,-0.9336,,,-68.74,-1.3,,-88.27,-0.453,-157.01,-0.877,-220.55,0.501,n_imag=1 (want 0; lowest -472.1),ClBz_13_RA
b3lyp_smd,Cl,ClBz_14,2,1,2,ClPh_4_rad,ClPh_4_anion,ClBz_1,-0.9325,-38.68,-2.604,-67.98,-1.333,-29.3,-87.17,-0.501,-155.14,-0.917,-220.72,0.505,,
b3lyp_smd,Cl,ClBz_123,3,1,2,ClPh_23_rad,ClPh_23_anion,ClBz_12,-1.0991,-67.06,-1.373,-71.24,-1.192,-4.18,-97.59,-0.049,-168.83,-0.62,-224.07,0.577,RA_dissociated(C2-X 2.69 A),
b3lyp_smd,Cl,ClBz_123,3,2,1,ClPh_26_rad,ClPh_26_anion,ClBz_13,-1.0991,-67.06,-1.373,-71.39,-1.185,-4.34,-104.92,0.269,-176.31,-0.458,-226.5,0.63,RA_dissociated(C2-X 2.69 A),
b3lyp_smd,Cl,ClBz_124,3,1,1,ClPh_24_rad,ClPh_24_anion,ClBz_13,-1.1494,-66.16,-1.412,-69.5,-1.267,-3.34,-97.55,-0.051,-167.04,-0.659,-223.42,0.563,RA_dissociated(C2-X 2.89 A),
b3lyp_smd,Cl,ClBz_124,3,2,1,ClPh_25_rad,ClPh_25_anion,ClBz_14,-1.1494,-66.16,-1.412,-70.09,-1.242,-3.93,-98.7,-0.001,-168.79,-0.621,-223.25,0.559,RA_dissociated(C2-X 2.89 A),
b3lyp_smd,Cl,ClBz_124,3,4,1,ClPh_34_rad,ClPh_34_anion,ClBz_12,-1.1494,-66.16,-1.412,-68.3,-1.319,-2.14,-90.99,-0.335,-159.29,-0.827,-220.99,0.51,RA_dissociated(C2-X 2.89 A),
b3lyp_smd,Cl,ClBz_135,3,1,3,ClPh_35_rad,ClPh_35_anion,ClBz_13,-1.166,-65.35,-1.447,-69.04,-1.287,-3.69,-93.1,-0.244,-162.14,-0.766,-221.85,0.529,RA_dissociated(C3-X 3.07 A),
b3lyp_smd,Cl,ClBz_1234,4,1,2,ClPh_234_rad,ClPh_234_anion,ClBz_123,-1.3119,-69.38,-1.272,-71.01,-1.202,-1.63,-100.06,0.058,-171.07,-0.572,-224.64,0.59,RA_dissociated(C2-X 2.62 A),
b3lyp_smd,Cl,ClBz_1234,4,2,2,ClPh_236_rad,ClPh_236_anion,ClBz_124,-1.3119,-69.38,-1.272,-72.75,-1.126,-3.37,-107.91,0.398,-180.65,-0.364,-227.72,0.656,RA_dissociated(C2-X 2.62 A),
b3lyp_smd,Cl,ClBz_1235,4,1,2,ClPh_235_rad,ClPh_235_anion,ClBz_124,-1.3617,-68.99,-1.289,-71.79,-1.168,-2.8,-102.15,0.149,-173.94,-0.51,-225.59,0.61,RA_dissociated(C1-X 2.74 A),
b3lyp_smd,Cl,ClBz_1235,4,2,1,ClPh_246_rad,ClPh_246_anion,ClBz_135,-1.3617,-68.99,-1.289,-71.16,-1.195,-2.17,-107.94,0.4,-179.1,-0.398,-227.16,0.644,RA_dissociated(C1-X 2.74 A),
b3lyp_smd,Cl,ClBz_1235,4,5,1,ClPh_345_rad,ClPh_345_anion,ClBz_123,-1.3617,-68.99,-1.289,-68.95,-1.291,0.04,-95.19,-0.153,-164.14,-0.722,-222.51,0.543,RA_dissociated(C1-X 2.74 A),
b3lyp_smd,Cl,ClBz_1245,4,1,4,ClPh_245_rad,ClPh_245_anion,ClBz_124,-1.372,,,-70.79,-1.211,,-101.3,0.112,-172.09,-0.55,-225.58,0.61,n_imag=1 (want 0; lowest -49.4),ClBz_1245_RA
b3lyp_smd,Cl,ClBz_12345,5,1,2,ClPh_2345_rad,ClPh_2345_anion,ClBz_1234,-1.5393,-71.62,-1.175,-71.64,-1.174,-0.02,-104.14,0.235,-175.78,-0.47,-225.77,0.614,RA_dissociated(C3-X 2.58 A),
b3lyp_smd,Cl,ClBz_12345,5,2,2,ClPh_2346_rad,ClPh_2346_anion,ClBz_1235,-1.5393,-71.62,-1.175,-72.66,-1.13,-1.04,-110.43,0.508,-183.09,-0.311,-227.9,0.66,RA_dissociated(C3-X 2.58 A),
b3lyp_smd,Cl,ClBz_12345,5,3,1,ClPh_2356_rad,ClPh_2356_anion,ClBz_1245,-1.5393,-71.62,-1.175,-73.41,-1.098,-1.79,-111.41,0.55,-184.82,-0.274,-227.91,0.661,RA_dissociated(C3-X 2.58 A),
b3lyp_smd,Cl,ClBz_123456,6,1,6,ClPh_23456_rad,ClPh_23456_anion,ClBz_12345,-1.9037,-73.5,-1.094,-74.03,-1.071,-0.53,-113.44,0.638,-187.46,-0.216,-229.4,0.693,RA_dissociated(C1-X 2.54 A),
b3lyp_smd,Br,BrBz_1,1,1,1,Ph_rad,Ph_anion,Bz,-0.708,-60.42,-1.661,-63.58,-1.524,-3.16,-83.65,-0.654,-147.23,-1.089,-214.76,0.375,RA_dissociated(C1-X 3.27 A),
b3lyp_smd,Br,BrBz_12,2,1,2,BrPh_2_rad,BrPh_2_anion,BrBz_1,-1.1848,-63.52,-1.526,-67.07,-1.372,-3.55,-92.44,-0.273,-159.51,-0.822,-219.32,0.474,RA_dissociated(C2-X 2.84 A),
b3lyp_smd,Br,BrBz_13,2,1,2,BrPh_3_rad,BrPh_3_anion,BrBz_1,-1.0291,-61.54,-1.613,-65.02,-1.461,-3.48,-88.35,-0.45,-153.37,-0.956,-216.62,0.416,RA_dissociated(C3-X 2.91 A),
b3lyp_smd,Br,BrBz_14,2,1,2,BrPh_4_rad,BrPh_4_anion,BrBz_1,-0.9916,-61.54,-1.612,-64.03,-1.504,-2.49,-87.22,-0.499,-151.25,-1.001,-216.7,0.418,RA_dissociated(C4-X 2.99 A),
b3lyp_smd,Br,BrBz_123,3,1,2,BrPh_23_rad,BrPh_23_anion,BrBz_12,-1.6961,-67.22,-1.366,-68.91,-1.293,-1.69,-95.2,-0.153,-164.11,-0.723,-220.63,0.503,RA_dissociated(C2-X 2.66 A),
b3lyp_smd,Br,BrBz_123,3,2,1,BrPh_26_rad,BrPh_26_anion,BrBz_13,-1.6961,-67.22,-1.366,-69.77,-1.255,-2.55,-101.6,0.125,-171.37,-0.565,-223.32,0.561,RA_dissociated(C2-X 2.66 A),
b3lyp_smd,Br,BrBz_124,3,1,1,BrPh_24_rad,BrPh_24_anion,BrBz_13,-1.4256,-65.85,-1.426,-66.68,-1.39,-0.83,-95.88,-0.123,-162.56,-0.756,-219.79,0.485,RA_dissociated(C2-X 2.75 A),
b3lyp_smd,Br,BrBz_124,3,2,1,BrPh_25_rad,BrPh_25_anion,BrBz_14,-1.4256,-65.85,-1.426,-67.31,-1.362,-1.46,-96.99,-0.075,-164.3,-0.719,-219.71,0.483,RA_dissociated(C2-X 2.75 A),
b3lyp_smd,Br,BrBz_124,3,4,1,BrPh_34_rad,BrPh_34_anion,BrBz_12,-1.4256,-65.85,-1.426,-64.48,-1.485,1.37,-91.28,-0.323,-155.76,-0.904,-217.1,0.426,RA_dissociated(C2-X 2.75 A),
b3lyp_smd,Br,BrBz_135,3,1,3,BrPh_35_rad,BrPh_35_anion,BrBz_13,-1.51,-64.5,-1.484,-65.46,-1.442,-0.97,-93.68,-0.219,-159.14,-0.831,-217.99,0.445,RA_dissociated(C3-X 2.78 A),
b3lyp_smd,Br,BrBz_1234,4,1,2,BrPh_234_rad,BrPh_234_anion,BrBz_123,-2.0177,-70.79,-1.211,-69.08,-1.285,1.71,-97.56,-0.05,-166.64,-0.668,-221.51,0.522,RA_dissociated(C2-X 2.62 A),
b3lyp_smd,Br,BrBz_1234,4,2,2,BrPh_236_rad,BrPh_236_anion,BrBz_124,-2.0177,-70.79,-1.211,-72.15,-1.152,-1.36,-104.08,0.232,-176.23,-0.46,-225.04,0.598,RA_dissociated(C2-X 2.62 A),
b3lyp_smd,Br,BrBz_1235,4,1,2,BrPh_235_rad,BrPh_235_anion,BrBz_124,-1.9633,-69.03,-1.288,-69.61,-1.262,-0.58,-100.37,0.072,-169.98,-0.595,-222.13,0.535,RA_dissociated(C2-X 2.62 A),
b3lyp_smd,Br,BrBz_1235,4,2,1,BrPh_246_rad,BrPh_246_anion,BrBz_135,-1.9633,-69.03,-1.288,-69.49,-1.267,-0.47,-105.23,0.282,-174.73,-0.493,-223.94,0.574,RA_dissociated(C2-X 2.62 A),
b3lyp_smd,Br,BrBz_1235,4,5,1,BrPh_345_rad,BrPh_345_anion,BrBz_123,-1.9633,-69.03,-1.288,-65.25,-1.452,3.78,-95.55,-0.137,-160.8,-0.794,-218.6,0.459,RA_dissociated(C2-X 2.62 A),
b3lyp_smd,Br,BrBz_1245,4,1,4,BrPh_245_rad,BrPh_245_anion,BrBz_124,-1.7584,-68.1,-1.328,-67.85,-1.339,0.25,-100.08,0.059,-167.94,-0.64,-221.89,0.53,RA_dissociated(C4-X 2.70 A),
b3lyp_smd,Br,BrBz_12345,5,1,2,BrPh_2345_rad,BrPh_2345_anion,BrBz_1234,-2.3372,,,-69.71,-1.258,,-102.12,0.147,-171.83,-0.555,-222.35,0.54,error:unknown; no_free_energy,BrBz_12345_RA
b3lyp_smd,Br,BrBz_12345,5,2,2,BrPh_2346_rad,BrPh_2346_anion,BrBz_1235,-2.3372,,,-72.08,-1.155,,-106.86,0.353,-178.94,-0.401,-225.26,0.603,error:unknown; no_free_energy,BrBz_12345_RA
b3lyp_smd,Br,BrBz_12345,5,3,1,BrPh_2356_rad,BrPh_2356_anion,BrBz_1245,-2.3372,,,-73.41,-1.098,,-108.05,0.405,-181.46,-0.347,-225.5,0.608,error:unknown; no_free_energy,BrBz_12345_RA
b3lyp_smd,Br,BrBz_123456,6,1,6,BrPh_23456_rad,BrPh_23456_anion,BrBz_12345,-2.6901,-77.05,-0.94,-74.57,-1.048,2.49,-109.69,0.476,-184.25,-0.286,-227.26,0.647,,
m062x_gas,Cl,ClBz_1,1,1,1,Ph_rad,Ph_anion,Bz,-0.0931,,,2.04,,,-23.72,,-21.67,,-410.6,,error:unknown; no_free_energy,ClBz_1_RA
m062x_gas,Cl,ClBz_12,2,1,2,ClPh_2_rad,ClPh_2_anion,ClBz_1,-0.1581,,,0.5,,,-40.16,,-39.66,,-414.55,,n_imag=1 (want 0; lowest -83.3),ClBz_12_RA
m062x_gas,Cl,ClBz_13,2,1,2,ClPh_3_rad,ClPh_3_anion,ClBz_1,-0.2122,6.75,,1.01,,-5.74,-33.85,,-32.84,,-412.6,,,
m062x_gas,Cl,ClBz_14,2,1,2,ClPh_4_rad,ClPh_4_anion,ClBz_1,-0.2365,6.5,,1.52,,-4.97,-32.43,,-30.91,,-413.02,,,
m062x_gas,Cl,ClBz_123,3,1,2,ClPh_23_rad,ClPh_23_anion,ClBz_12,-0.385,-10.37,,-0.5,,9.87,-46.85,,-47.35,,-415.29,,RA_dissociated(C2-X 2.35 A),
m062x_gas,Cl,ClBz_123,3,2,1,ClPh_26_rad,ClPh_26_anion,ClBz_13,-0.385,-10.37,,-0.1,,10.27,-55.2,,-55.3,,-417.23,,RA_dissociated(C2-X 2.35 A),
m062x_gas,Cl,ClBz_124,3,1,1,ClPh_24_rad,ClPh_24_anion,ClBz_13,-0.4912,-9.94,,0.93,,10.88,-47.66,,-46.72,,-414.84,,RA_dissociated(C2-X 2.43 A),
m062x_gas,Cl,ClBz_124,3,2,1,ClPh_25_rad,ClPh_25_anion,ClBz_14,-0.4912,-9.94,,0.38,,10.33,-49.0,,-48.62,,-414.43,,RA_dissociated(C2-X 2.43 A),
m062x_gas,Cl,ClBz_124,3,4,1,ClPh_34_rad,ClPh_34_anion,ClBz_12,-0.4912,-9.94,,1.37,,11.31,-40.2,,-38.83,,-412.9,,RA_dissociated(C2-X 2.43 A),
m062x_gas,Cl,ClBz_135,3,1,3,ClPh_35_rad,ClPh_35_anion,ClBz_13,-0.4857,-11.14,,0.09,,11.23,-43.2,,-43.12,,-414.17,,RA_dissociated(C5-X 2.51 A),
m062x_gas,Cl,ClBz_1234,4,1,2,ClPh_234_rad,ClPh_234_anion,ClBz_123,-0.6082,-15.59,,-0.33,,15.26,-52.51,,-52.84,,-415.74,,RA_dissociated(C3-X 2.31 A),
m062x_gas,Cl,ClBz_1234,4,2,2,ClPh_236_rad,ClPh_236_anion,ClBz_124,-0.6082,-15.59,,-1.21,,14.38,-61.21,,-62.43,,-418.13,,RA_dissociated(C3-X 2.31 A),
m062x_gas,Cl,ClBz_1235,4,1,2,ClPh_235_rad,ClPh_235_anion,ClBz_124,-0.7004,-15.48,,-1.01,,14.46,-55.47,,-56.49,,-416.41,,RA_dissociated(C3-X 2.40 A),
m062x_gas,Cl,ClBz_1235,4,2,1,ClPh_246_rad,ClPh_246_anion,ClBz_135,-0.7004,-15.48,,0.01,,15.49,-61.82,,-61.81,,-417.08,,RA_dissociated(C3-X 2.40 A),
m062x_gas,Cl,ClBz_1235,4,5,1,ClPh_345_rad,ClPh_345_anion,ClBz_123,-0.7004,-15.48,,0.78,,16.26,-47.64,,-46.86,,-414.02,,RA_dissociated(C3-X 2.40 A),
m062x_gas,Cl,ClBz_1245,4,1,4,ClPh_245_rad,ClPh_245_anion,ClBz_124,-0.7453,-9.35,,-0.27,,9.08,-54.67,,-54.94,,-416.53,,,
m062x_gas,Cl,ClBz_12345,5,1,2,ClPh_2345_rad,ClPh_2345_anion,ClBz_1234,-0.8501,-20.78,,-0.68,,20.1,-59.43,,-60.11,,-416.25,,,
m062x_gas,Cl,ClBz_12345,5,2,2,ClPh_2346_rad,ClPh_2346_anion,ClBz_1235,-0.8501,-20.78,,-0.99,,19.79,-66.24,,-67.23,,-417.97,,,
m062x_gas,Cl,ClBz_12345,5,3,1,ClPh_2356_rad,ClPh_2356_anion,ClBz_1245,-0.8501,-20.78,,-1.53,,19.25,-67.14,,-68.67,,-417.84,,,
m062x_gas,Cl,ClBz_123456,6,1,6,ClPh_23456_rad,ClPh_23456_anion,ClBz_12345,-0.9478,,,-2.78,,,-70.69,,-73.47,,-419.86,,n_imag=1 (want 0; lowest -8.5),ClBz_123456_RA
m062x_gas,Br,BrBz_1,1,1,1,Ph_rad,Ph_anion,Bz,-0.1105,-8.04,,-8.09,,-0.05,-23.72,,-31.81,,-420.73,,RA_dissociated(C1-X 2.91 A),
m062x_gas,Br,BrBz_12,2,1,2,BrPh_2_rad,BrPh_2_anion,BrBz_1,-0.2746,-14.83,,-10.44,,4.39,-41.96,,-52.4,,-424.94,,RA_dissociated(C2-X 2.61 A),
m062x_gas,Br,BrBz_13,2,1,2,BrPh_3_rad,BrPh_3_anion,BrBz_1,-0.2729,-14.25,,-9.35,,4.91,-35.4,,-44.74,,-422.85,,RA_dissociated(C3-X 2.67 A),
m062x_gas,Br,BrBz_14,2,1,2,BrPh_4_rad,BrPh_4_anion,BrBz_1,-0.2985,,,-8.65,,,-33.53,,-42.18,,-423.09,,n_imag=1 (want 0; lowest -329.0),BrBz_14_RA
m062x_gas,Br,BrBz_123,3,1,2,BrPh_23_rad,BrPh_23_anion,BrBz_12,-0.6229,-21.71,,-11.92,,9.79,-48.65,,-60.57,,-425.92,,RA_dissociated(C2-X 2.51 A),
m062x_gas,Br,BrBz_123,3,2,1,BrPh_26_rad,BrPh_26_anion,BrBz_13,-0.6229,-21.71,,-12.02,,9.69,-57.53,,-69.55,,-428.0,,RA_dissociated(C2-X 2.51 A),
m062x_gas,Br,BrBz_124,3,1,1,BrPh_24_rad,BrPh_24_anion,BrBz_13,-0.5456,-21.29,,-9.97,,11.32,-49.85,,-59.81,,-425.07,,RA_dissociated(C2-X 2.57 A),
m062x_gas,Br,BrBz_124,3,2,1,BrPh_25_rad,BrPh_25_anion,BrBz_14,-0.5456,-21.29,,-10.52,,10.77,-51.53,,-62.05,,-424.84,,RA_dissociated(C2-X 2.57 A),
m062x_gas,Br,BrBz_124,3,4,1,BrPh_34_rad,BrPh_34_anion,BrBz_12,-0.5456,-21.29,,-8.87,,12.42,-41.92,,-50.79,,-422.99,,RA_dissociated(C2-X 2.57 A),
m062x_gas,Br,BrBz_135,3,1,3,BrPh_35_rad,BrPh_35_anion,BrBz_13,-0.5872,-20.94,,-10.28,,10.67,-45.93,,-56.2,,-424.28,,RA_dissociated(C1-X 2.60 A),
m062x_gas,Br,BrBz_1234,4,1,2,BrPh_234_rad,BrPh_234_anion,BrBz_123,-0.9421,-27.13,,-11.95,,15.18,-54.05,,-65.99,,-426.45,,,
m062x_gas,Br,BrBz_1234,4,2,2,BrPh_236_rad,BrPh_236_anion,BrBz_124,-0.9421,-27.13,,-13.81,,13.32,-63.1,,-76.91,,-429.38,,,
m062x_gas,Br,BrBz_1235,4,1,2,BrPh_235_rad,BrPh_235_anion,BrBz_124,-0.8996,-26.42,,-12.37,,14.05,-57.78,,-70.15,,-426.88,,,
m062x_gas,Br,BrBz_1235,4,2,1,BrPh_246_rad,BrPh_246_anion,BrBz_135,-0.8996,-26.42,,-11.78,,14.64,-64.15,,-75.93,,-427.67,,,
m062x_gas,Br,BrBz_1235,4,5,1,BrPh_345_rad,BrPh_345_anion,BrBz_123,-0.8996,-26.42,,-9.32,,17.11,-49.91,,-59.23,,-423.95,,,
m062x_gas,Br,BrBz_1245,4,1,4,BrPh_245_rad,BrPh_245_anion,BrBz_124,-0.794,-25.56,,-11.14,,14.43,-56.88,,-68.02,,-426.76,,RA_dissociated(C4-X 2.55 A),
m062x_gas,Br,BrBz_12345,5,1,2,BrPh_2345_rad,BrPh_2345_anion,BrBz_1234,-1.255,-32.43,,-12.41,,20.02,-60.99,,-73.4,,-427.01,,,
m062x_gas,Br,BrBz_12345,5,2,2,BrPh_2346_rad,BrPh_2346_anion,BrBz_1235,-1.255,-32.43,,-13.99,,18.44,-67.62,,-81.61,,-429.51,,,
m062x_gas,Br,BrBz_12345,5,3,1,BrPh_2356_rad,BrPh_2356_anion,BrBz_1245,-1.255,-32.43,,-15.04,,17.39,-68.41,,-83.45,,-429.63,,,
m062x_gas,Br,BrBz_123456,6,1,6,BrPh_23456_rad,BrPh_23456_anion,BrBz_12345,-1.6008,-39.5,,-16.9,,22.6,-71.11,,-88.01,,-432.03,,,
m062x_smd,Cl,ClBz_1,1,1,1,Ph_rad,Ph_anion,Bz,0.105,,,-61.21,-1.627,,-84.92,-0.599,-146.13,-1.113,-210.83,0.29,error:unknown; no_free_energy,ClBz_1_RA
m062x_smd,Cl,ClBz_12,2,1,2,ClPh_2_rad,ClPh_2_anion,ClBz_1,0.019,-37.86,-2.639,-62.83,-1.557,-24.97,-95.61,-0.135,-158.44,-0.846,-214.38,0.367,,
m062x_smd,Cl,ClBz_13,2,1,2,ClPh_3_rad,ClPh_3_anion,ClBz_1,-0.0201,-37.89,-2.638,-62.37,-1.576,-24.48,-89.33,-0.407,-151.7,-0.992,-212.64,0.329,,
m062x_smd,Cl,ClBz_14,2,1,2,ClPh_4_rad,ClPh_4_anion,ClBz_1,-0.0144,-40.22,-2.537,-61.79,-1.602,-21.57,-88.27,-0.453,-150.05,-1.028,-212.81,0.333,,
m062x_smd,Cl,ClBz_123,3,1,2,ClPh_23_rad,ClPh_23_anion,ClBz_12,-0.1788,-61.54,-1.612,-63.93,-1.509,-2.39,-98.61,-0.005,-162.54,-0.757,-215.45,0.39,RA_dissociated(C2-X 2.96 A),
m062x_smd,Cl,ClBz_123,3,2,1,ClPh_26_rad,ClPh_26_anion,ClBz_13,-0.1788,-61.54,-1.612,-63.37,-1.533,-1.83,-106.1,0.32,-169.47,-0.607,-217.19,0.428,RA_dissociated(C2-X 2.96 A),
m062x_smd,Cl,ClBz_124,3,1,1,ClPh_24_rad,ClPh_24_anion,ClBz_13,-0.2405,-61.27,-1.624,-62.5,-1.571,-1.23,-98.74,0.001,-161.24,-0.785,-214.89,0.378,RA_dissociated(C2-X 3.16 A),
m062x_smd,Cl,ClBz_124,3,2,1,ClPh_25_rad,ClPh_25_anion,ClBz_14,-0.2405,-61.27,-1.624,-63.02,-1.548,-1.75,-99.78,0.046,-162.81,-0.751,-214.72,0.375,RA_dissociated(C2-X 3.16 A),
m062x_smd,Cl,ClBz_124,3,4,1,ClPh_34_rad,ClPh_34_anion,ClBz_12,-0.2405,-61.27,-1.624,-62.1,-1.588,-0.83,-92.1,-0.287,-154.2,-0.938,-213.15,0.341,RA_dissociated(C2-X 3.16 A),
m062x_smd,Cl,ClBz_135,3,1,3,ClPh_35_rad,ClPh_35_anion,ClBz_13,-0.2536,-61.17,-1.629,-62.72,-1.561,-1.56,-93.86,-0.211,-156.58,-0.886,-213.98,0.359,RA_dissociated(C5-X 3.32 A),
m062x_smd,Cl,ClBz_1234,4,1,2,ClPh_234_rad,ClPh_234_anion,ClBz_123,-0.382,-62.93,-1.552,-63.8,-1.514,-0.87,-101.22,0.108,-165.02,-0.703,-216.07,0.404,RA_dissociated(C3-X 2.52 A),
m062x_smd,Cl,ClBz_1234,4,2,2,ClPh_236_rad,ClPh_236_anion,ClBz_124,-0.382,-62.93,-1.552,-64.52,-1.483,-1.6,-109.11,0.45,-173.63,-0.516,-218.37,0.454,RA_dissociated(C3-X 2.52 A),
m062x_smd,Cl,ClBz_1235,4,1,2,ClPh_235_rad,ClPh_235_anion,ClBz_124,-0.4493,,,-64.55,-1.482,,-103.04,0.187,-167.58,-0.647,-217.02,0.425,error:unknown; no_free_energy; RA_dissociated(C3-X 2.96 A),ClBz_1235_RA
m062x_smd,Cl,ClBz_1235,4,2,1,ClPh_246_rad,ClPh_246_anion,ClBz_135,-0.4493,,,-63.32,-1.535,,-109.16,0.452,-172.48,-0.541,-217.93,0.444,error:unknown; no_free_energy; RA_dissociated(C3-X 2.96 A),ClBz_1235_RA
m062x_smd,Cl,ClBz_1235,4,5,1,ClPh_345_rad,ClPh_345_anion,ClBz_123,-0.4493,,,-62.82,-1.557,,-96.08,-0.114,-158.91,-0.836,-214.73,0.375,error:unknown; no_free_energy; RA_dissociated(C3-X 2.96 A),ClBz_1235_RA
m062x_smd,Cl,ClBz_1245,4,1,4,ClPh_245_rad,ClPh_245_anion,ClBz_124,-0.4699,-48.54,-2.176,-63.8,-1.514,-15.26,-102.48,0.163,-166.28,-0.676,-217.06,0.425,,
m062x_smd,Cl,ClBz_12345,5,1,2,ClPh_2345_rad,ClPh_2345_anion,ClBz_1234,-0.6223,-65.34,-1.448,-64.39,-1.489,0.95,-105.14,0.278,-169.52,-0.605,-217.17,0.428,RA_dissociated(C3-X 2.46 A),
m062x_smd,Cl,ClBz_12345,5,2,2,ClPh_2346_rad,ClPh_2346_anion,ClBz_1235,-0.6223,-65.34,-1.448,-64.45,-1.486,0.89,-111.73,0.564,-176.18,-0.461,-218.52,0.457,RA_dissociated(C3-X 2.46 A),
m062x_smd,Cl,ClBz_12345,5,3,1,ClPh_2356_rad,ClPh_2356_anion,ClBz_1245,-0.6223,-65.34,-1.448,-65.01,-1.462,0.33,-112.43,0.594,-177.44,-0.434,-218.48,0.456,RA_dissociated(C3-X 2.46 A),
m062x_smd,Cl,ClBz_123456,6,1,6,ClPh_23456_rad,ClPh_23456_anion,ClBz_12345,-0.7799,,,-65.64,-1.435,,-114.54,0.686,-180.17,-0.374,-220.0,0.489,n_imag=2 (want 0; lowest -28.0),ClBz_123456_RA
m062x_smd,Br,BrBz_1,1,1,1,Ph_rad,Ph_anion,Bz,0.108,-57.07,-1.806,-58.53,-1.743,-1.45,-84.92,-0.599,-143.45,-1.171,-208.14,0.232,RA_dissociated(C1-X 4.90 A),
m062x_smd,Br,BrBz_12,2,1,2,BrPh_2_rad,BrPh_2_anion,BrBz_1,-0.1412,,,-61.06,-1.633,,-93.44,-0.229,-154.51,-0.931,-211.96,0.315,n_imag=1 (want 0; lowest -203.5),BrBz_12_RA
m062x_smd,Br,BrBz_13,2,1,2,BrPh_3_rad,BrPh_3_anion,BrBz_1,-0.1012,,,-60.07,-1.676,,-89.42,-0.403,-149.49,-1.04,-210.21,0.277,n_imag=1 (want 0; lowest -576.3),BrBz_13_RA
m062x_smd,Br,BrBz_14,2,1,2,BrPh_4_rad,BrPh_4_anion,BrBz_1,-0.1293,-38.03,-2.632,-59.17,-1.715,-21.14,-88.37,-0.449,-147.54,-1.082,-210.15,0.275,,
m062x_smd,Br,BrBz_123,3,1,2,BrPh_23_rad,BrPh_23_anion,BrBz_12,-0.575,-61.47,-1.615,-62.66,-1.564,-1.19,-96.05,-0.116,-158.71,-0.84,-213.2,0.342,RA_dissociated(C2-X 2.59 A),
m062x_smd,Br,BrBz_123,3,2,1,BrPh_26_rad,BrPh_26_anion,BrBz_13,-0.575,-61.47,-1.615,-62.59,-1.567,-1.12,-102.56,0.166,-165.15,-0.7,-214.95,0.38,RA_dissociated(C2-X 2.59 A),
m062x_smd,Br,BrBz_124,3,1,1,BrPh_24_rad,BrPh_24_anion,BrBz_13,-0.3551,-60.65,-1.651,-60.89,-1.641,-0.24,-96.98,-0.076,-157.87,-0.858,-212.45,0.325,RA_dissociated(C2-X 2.66 A),
m062x_smd,Br,BrBz_124,3,2,1,BrPh_25_rad,BrPh_25_anion,BrBz_14,-0.3551,-60.65,-1.651,-61.34,-1.621,-0.69,-98.1,-0.027,-159.44,-0.824,-212.51,0.327,RA_dissociated(C2-X 2.66 A),
m062x_smd,Br,BrBz_124,3,4,1,BrPh_34_rad,BrPh_34_anion,BrBz_12,-0.3551,-60.65,-1.651,-59.73,-1.691,0.91,-92.37,-0.276,-152.1,-0.983,-210.7,0.287,RA_dissociated(C2-X 2.66 A),
m062x_smd,Br,BrBz_135,3,1,3,BrPh_35_rad,BrPh_35_anion,BrBz_13,-0.424,-59.76,-1.689,-60.43,-1.66,-0.67,-94.37,-0.189,-154.81,-0.924,-211.53,0.305,RA_dissociated(C1-X 2.92 A),
m062x_smd,Br,BrBz_1234,4,1,2,BrPh_234_rad,BrPh_234_anion,BrBz_123,-0.8887,-65.62,-1.435,-62.91,-1.553,2.72,-98.54,-0.008,-161.45,-0.78,-214.1,0.361,RA_dissociated(C2-X 2.54 A),
m062x_smd,Br,BrBz_1234,4,2,2,BrPh_236_rad,BrPh_236_anion,BrBz_124,-0.8887,-65.62,-1.435,-64.65,-1.478,0.97,-105.04,0.274,-169.69,-0.602,-216.6,0.415,RA_dissociated(C2-X 2.54 A),
m062x_smd,Br,BrBz_1235,4,1,2,BrPh_235_rad,BrPh_235_anion,BrBz_124,-0.8253,-63.73,-1.518,-63.32,-1.535,0.41,-100.9,0.094,-164.22,-0.72,-214.71,0.374,RA_dissociated(C2-X 2.56 A),
m062x_smd,Br,BrBz_1235,4,2,1,BrPh_246_rad,BrPh_246_anion,BrBz_135,-0.8253,-63.73,-1.518,-62.44,-1.573,1.29,-106.32,0.33,-168.77,-0.622,-215.63,0.394,RA_dissociated(C2-X 2.56 A),
m062x_smd,Br,BrBz_1235,4,5,1,BrPh_345_rad,BrPh_345_anion,BrBz_123,-0.8253,-63.73,-1.518,-60.38,-1.663,3.35,-96.44,-0.099,-156.82,-0.881,-212.21,0.32,RA_dissociated(C2-X 2.56 A),
m062x_smd,Br,BrBz_1245,4,1,4,BrPh_245_rad,BrPh_245_anion,BrBz_124,-0.6463,,,-62.05,-1.59,,-101.19,0.107,-163.23,-0.742,-214.59,0.372,error:unknown; no_free_energy,BrBz_1245_RA
m062x_smd,Br,BrBz_12345,5,1,2,BrPh_2345_rad,BrPh_2345_anion,BrBz_1234,-1.2063,-68.74,-1.3,-63.59,-1.523,5.15,-103.02,0.187,-166.62,-0.668,-215.11,0.383,,
m062x_smd,Br,BrBz_12345,5,2,2,BrPh_2346_rad,BrPh_2346_anion,BrBz_1235,-1.2063,-68.74,-1.3,-64.78,-1.472,3.97,-107.86,0.396,-172.63,-0.538,-217.0,0.424,,
m062x_smd,Br,BrBz_12345,5,3,1,BrPh_2356_rad,BrPh_2356_anion,BrBz_1245,-1.2063,-68.74,-1.3,-65.76,-1.429,2.98,-108.52,0.425,-174.28,-0.502,-217.12,0.427,,
m062x_smd,Br,BrBz_123456,6,1,6,BrPh_23456_rad,BrPh_23456_anion,BrBz_12345,-1.5723,-70.99,-1.203,-66.96,-1.377,4.03,-110.0,0.489,-176.96,-0.444,-218.95,0.466,,
