parent,radical_anion,site,degeneracy,halogen,aryl_radical,aryl_anion,hydro_product,ts
ClBz_1,ClBz_1_RA,1,1,Cl,Ph_rad,Ph_anion,Bz,TS_ClBz_1_x1
ClBz_12,ClBz_12_RA,1,2,Cl,ClPh_2_rad,ClPh_2_anion,ClBz_1,TS_ClBz_12_x1
ClBz_13,ClBz_13_RA,1,2,Cl,ClPh_3_rad,ClPh_3_anion,ClBz_1,TS_ClBz_13_x1
ClBz_14,ClBz_14_RA,1,2,Cl,ClPh_4_rad,ClPh_4_anion,ClBz_1,TS_ClBz_14_x1
ClBz_123,ClBz_123_RA,1,2,Cl,ClPh_23_rad,ClPh_23_anion,ClBz_12,TS_ClBz_123_x1
ClBz_123,ClBz_123_RA,2,1,Cl,ClPh_26_rad,ClPh_26_anion,ClBz_13,TS_ClBz_123_x2
ClBz_124,ClBz_124_RA,1,1,Cl,ClPh_24_rad,ClPh_24_anion,ClBz_13,TS_ClBz_124_x1
ClBz_124,ClBz_124_RA,2,1,Cl,ClPh_25_rad,ClPh_25_anion,ClBz_14,TS_ClBz_124_x2
ClBz_124,ClBz_124_RA,4,1,Cl,ClPh_34_rad,ClPh_34_anion,ClBz_12,TS_ClBz_124_x4
ClBz_135,ClBz_135_RA,1,3,Cl,ClPh_35_rad,ClPh_35_anion,ClBz_13,TS_ClBz_135_x1
ClBz_1234,ClBz_1234_RA,1,2,Cl,ClPh_234_rad,ClPh_234_anion,ClBz_123,TS_ClBz_1234_x1
ClBz_1234,ClBz_1234_RA,2,2,Cl,ClPh_236_rad,ClPh_236_anion,ClBz_124,TS_ClBz_1234_x2
ClBz_1235,ClBz_1235_RA,1,2,Cl,ClPh_235_rad,ClPh_235_anion,ClBz_124,TS_ClBz_1235_x1
ClBz_1235,ClBz_1235_RA,2,1,Cl,ClPh_246_rad,ClPh_246_anion,ClBz_135,TS_ClBz_1235_x2
ClBz_1235,ClBz_1235_RA,5,1,Cl,ClPh_345_rad,ClPh_345_anion,ClBz_123,TS_ClBz_1235_x5
ClBz_1245,ClBz_1245_RA,1,4,Cl,ClPh_245_rad,ClPh_245_anion,ClBz_124,TS_ClBz_1245_x1
ClBz_12345,ClBz_12345_RA,1,2,Cl,ClPh_2345_rad,ClPh_2345_anion,ClBz_1234,TS_ClBz_12345_x1
ClBz_12345,ClBz_12345_RA,2,2,Cl,ClPh_2346_rad,ClPh_2346_anion,ClBz_1235,TS_ClBz_12345_x2
ClBz_12345,ClBz_12345_RA,3,1,Cl,ClPh_2356_rad,ClPh_2356_anion,ClBz_1245,TS_ClBz_12345_x3
ClBz_123456,ClBz_123456_RA,1,6,Cl,ClPh_23456_rad,ClPh_23456_anion,ClBz_12345,TS_ClBz_123456_x1
BrBz_1,BrBz_1_RA,1,1,Br,Ph_rad,Ph_anion,Bz,TS_BrBz_1_x1
BrBz_12,BrBz_12_RA,1,2,Br,BrPh_2_rad,BrPh_2_anion,BrBz_1,TS_BrBz_12_x1
BrBz_13,BrBz_13_RA,1,2,Br,BrPh_3_rad,BrPh_3_anion,BrBz_1,TS_BrBz_13_x1
BrBz_14,BrBz_14_RA,1,2,Br,BrPh_4_rad,BrPh_4_anion,BrBz_1,TS_BrBz_14_x1
BrBz_123,BrBz_123_RA,1,2,Br,BrPh_23_rad,BrPh_23_anion,BrBz_12,TS_BrBz_123_x1
BrBz_123,BrBz_123_RA,2,1,Br,BrPh_26_rad,BrPh_26_anion,BrBz_13,TS_BrBz_123_x2
BrBz_124,BrBz_124_RA,1,1,Br,BrPh_24_rad,BrPh_24_anion,BrBz_13,TS_BrBz_124_x1
BrBz_124,BrBz_124_RA,2,1,Br,BrPh_25_rad,BrPh_25_anion,BrBz_14,TS_BrBz_124_x2
BrBz_124,BrBz_124_RA,4,1,Br,BrPh_34_rad,BrPh_34_anion,BrBz_12,TS_BrBz_124_x4
BrBz_135,BrBz_135_RA,1,3,Br,BrPh_35_rad,BrPh_35_anion,BrBz_13,TS_BrBz_135_x1
BrBz_1234,BrBz_1234_RA,1,2,Br,BrPh_234_rad,BrPh_234_anion,BrBz_123,TS_BrBz_1234_x1
BrBz_1234,BrBz_1234_RA,2,2,Br,BrPh_236_rad,BrPh_236_anion,BrBz_124,TS_BrBz_1234_x2
BrBz_1235,BrBz_1235_RA,1,2,Br,BrPh_235_rad,BrPh_235_anion,BrBz_124,TS_BrBz_1235_x1
BrBz_1235,BrBz_1235_RA,2,1,Br,BrPh_246_rad,BrPh_246_anion,BrBz_135,TS_BrBz_1235_x2
BrBz_1235,BrBz_1235_RA,5,1,Br,BrPh_345_rad,BrPh_345_anion,BrBz_123,TS_BrBz_1235_x5
BrBz_1245,BrBz_1245_RA,1,4,Br,BrPh_245_rad,BrPh_245_anion,BrBz_124,TS_BrBz_1245_x1
BrBz_12345,BrBz_12345_RA,1,2,Br,BrPh_2345_rad,BrPh_2345_anion,BrBz_1234,TS_BrBz_12345_x1
BrBz_12345,BrBz_12345_RA,2,2,Br,BrPh_2346_rad,BrPh_2346_anion,BrBz_1235,TS_BrBz_12345_x2
BrBz_12345,BrBz_12345_RA,3,1,Br,BrPh_2356_rad,BrPh_2356_anion,BrBz_1245,TS_BrBz_12345_x3
BrBz_123456,BrBz_123456_RA,1,6,Br,BrPh_23456_rad,BrPh_23456_anion,BrBz_12345,TS_BrBz_123456_x1
BDE_24_24,BDE_24_24_RA,2,2,Br,BDE_24_2r4_rad,BDE_24_2r4_anion,BDE_24_4,TS_BDE_24_24_x2
BDE_24_24,BDE_24_24_RA,4,2,Br,BDE_24_24r_rad,BDE_24_24r_anion,BDE_24_2,TS_BDE_24_24_x4
BDE_245_24,BDE_245_24_RA,2,1,Br,BDE_2r45_24_rad,BDE_2r45_24_anion,BDE_24_34,TS_BDE_245_24_x2
BDE_245_24,BDE_245_24_RA,4,1,Br,BDE_24r5_24_rad,BDE_24r5_24_anion,BDE_24_25,TS_BDE_245_24_x4
BDE_245_24,BDE_245_24_RA,5,1,Br,BDE_245r_24_rad,BDE_245r_24_anion,BDE_24_24,TS_BDE_245_24_x5
BDE_245_24,BDE_245_24_RA,2p,1,Br,BDE_245_2r4_rad,BDE_245_2r4_anion,BDE_245_4,TS_BDE_245_24_x2p
BDE_245_24,BDE_245_24_RA,4p,1,Br,BDE_245_24r_rad,BDE_245_24r_anion,BDE_245_2,TS_BDE_245_24_x4p
