level,halogen,parent,n_X,site,degeneracy,aryl_radical,ArH_product,n_ortho_X,n_meta_X,n_para_X,r_CX_parent_A,RA_bound,r_CX_RA_A,dr_CX_RA_A,oop_X_RA_deg,dG_1e_kcal,E_1e_V,dG_frag_kcal,dG_2e_carbanion_kcal,dG_2e_HDH_kcal,dG_rad_red_kcal,BDE_kcal,dG0_act_concerted_kcal,rank_dG_1e_kcal,rank_dG_2e_carbanion_kcal,rank_dG_2e_HDH_kcal,rank_dr_CX_RA_A,pKa_ArH_site
b3lyp_gas,Cl,ClBz_1,1,1,1,Ph_rad,Bz,0,0,0,1.7606,True,1.7887,0.0281,0.0,-4.66,,-15.28,-28.6,-419.07,-23.94,,,1,1,1,1,
b3lyp_gas,Cl,ClBz_12,2,1,2,ClPh_2_rad,ClBz_1,1,0,0,1.7481,False,,,,-7.02,,,-47.71,-423.64,-40.69,,,1,1,1,,
b3lyp_gas,Cl,ClBz_13,2,1,2,ClPh_3_rad,ClBz_1,0,1,0,1.7566,False,,,,-5.76,,,-40.22,-421.08,-34.46,,,1,1,1,,
b3lyp_gas,Cl,ClBz_14,2,1,2,ClPh_4_rad,ClBz_1,0,0,1,1.7569,True,1.8405,0.0836,0.0,-5.04,,-9.16,-37.66,-421.48,-32.62,,,1,1,1,1,
b3lyp_gas,Cl,ClBz_123,3,1,2,ClPh_23_rad,ClBz_12,1,1,0,1.7467,False,1.7835,0.0368,0.0,-8.18,,,-55.96,-424.41,-47.78,,,2,2,2,2,
b3lyp_gas,Cl,ClBz_123,3,2,1,ClPh_26_rad,ClBz_13,2,0,0,1.7382,False,1.78,0.0418,0.0,-8.44,,,-64.33,-426.97,-55.89,,,1,1,1,1,
b3lyp_gas,Cl,ClBz_124,3,1,1,ClPh_24_rad,ClBz_13,1,0,1,1.7456,False,1.7913,0.0457,0.0,-6.4,,,-54.42,-423.86,-48.03,,,2,2,1,2,
b3lyp_gas,Cl,ClBz_124,3,2,1,ClPh_25_rad,ClBz_14,1,1,0,1.7455,False,2.5476,0.8021,0.0,-7.05,,,-56.64,-423.46,-49.59,,,1,1,2,1,
b3lyp_gas,Cl,ClBz_124,3,4,1,ClPh_34_rad,ClBz_12,0,1,1,1.753,False,1.7878,0.0348,0.0,-5.24,,,-45.68,-421.29,-40.44,,,3,3,3,3,
b3lyp_gas,Cl,ClBz_135,3,1,3,ClPh_35_rad,ClBz_13,0,2,0,1.7531,False,1.7928,0.0397,0.0,-6.66,,,-51.1,-422.59,-44.44,,,1,1,1,1,
b3lyp_gas,Cl,ClBz_1234,4,1,2,ClPh_234_rad,ClBz_123,1,1,1,1.7442,True,1.7771,0.0329,0.61,-7.93,,14.79,-60.96,-424.82,-53.03,,,2,2,2,2,
b3lyp_gas,Cl,ClBz_1234,4,2,2,ClPh_236_rad,ClBz_124,2,1,0,1.7369,True,1.7768,0.0399,2.77,-9.79,,12.93,-71.69,-427.94,-61.89,,,1,1,1,1,
b3lyp_gas,Cl,ClBz_1235,4,1,2,ClPh_235_rad,ClBz_124,1,2,0,1.7442,False,1.7815,0.0373,0.0,-8.63,,,-65.24,-425.48,-56.61,,,1,2,2,2,
b3lyp_gas,Cl,ClBz_1235,4,2,1,ClPh_246_rad,ClBz_135,2,0,1,1.7354,False,1.7765,0.0411,0.0,-8.15,,,-70.5,-426.74,-62.35,,,2,1,1,1,
b3lyp_gas,Cl,ClBz_1235,4,5,1,ClPh_345_rad,ClBz_123,0,2,1,1.7506,False,1.7861,0.0355,0.0,-5.82,,,-54.12,-422.36,-48.3,,,3,3,3,3,
b3lyp_gas,Cl,ClBz_1245,4,1,4,ClPh_245_rad,ClBz_124,1,1,1,1.7428,False,,,,-7.63,,,-62.59,-425.53,-54.95,,,1,1,1,,
b3lyp_gas,Cl,ClBz_12345,5,1,2,ClPh_2345_rad,ClBz_1234,1,2,1,1.7421,True,1.7759,0.0338,0.79,-8.38,,19.75,-68.54,-425.37,-60.17,,,3,3,3,3,
b3lyp_gas,Cl,ClBz_12345,5,2,2,ClPh_2346_rad,ClBz_1235,2,1,1,1.7351,True,1.7734,0.0383,2.96,-9.58,,18.54,-76.29,-427.83,-66.7,,,2,2,1,2,
b3lyp_gas,Cl,ClBz_12345,5,3,1,ClPh_2356_rad,ClBz_1245,2,2,0,1.7359,True,2.3481,0.6122,27.06,-10.39,,17.74,-78.49,-427.78,-68.1,,,1,1,2,1,
b3lyp_gas,Cl,ClBz_123456,6,1,6,ClPh_23456_rad,ClBz_12345,2,2,1,1.7346,True,1.8065,0.0719,7.78,-11.63,,22.38,-83.08,-429.78,-71.45,,,1,1,1,1,
b3lyp_gas,Br,BrBz_1,1,1,1,Ph_rad,Bz,0,0,0,1.9202,False,2.8464,0.9262,0.0,-13.36,,,-37.3,-427.77,-23.94,,,1,1,1,1,
b3lyp_gas,Br,BrBz_12,2,1,2,BrPh_2_rad,BrBz_1,1,0,0,1.9096,False,1.9706,0.061,0.0,-16.65,,,-59.77,-432.62,-43.12,,,1,1,1,1,
b3lyp_gas,Br,BrBz_13,2,1,2,BrPh_3_rad,BrBz_1,0,1,0,1.9165,False,1.964,0.0475,0.0,-14.58,,,-50.97,-429.7,-36.39,,,1,1,1,1,
b3lyp_gas,Br,BrBz_14,2,1,2,BrPh_4_rad,BrBz_1,0,0,1,1.9158,False,2.7763,0.8605,0.0,-13.77,,,-47.41,-430.06,-33.64,,,1,1,1,1,
b3lyp_gas,Br,BrBz_123,3,1,2,BrPh_23_rad,BrBz_12,1,1,0,1.9099,False,1.9747,0.0648,0.72,-18.39,,,-68.59,-433.69,-50.2,,,2,2,2,2,
b3lyp_gas,Br,BrBz_123,3,2,1,BrPh_26_rad,BrBz_13,2,0,0,1.9017,False,2.5499,0.6482,6.31,-19.39,,,-77.85,-436.61,-58.47,,,1,1,1,1,
b3lyp_gas,Br,BrBz_124,3,1,1,BrPh_24_rad,BrBz_13,1,0,1,1.9064,False,1.9643,0.0579,0.0,-16.02,,,-66.44,-432.76,-50.42,,,2,2,1,2,
b3lyp_gas,Br,BrBz_124,3,2,1,BrPh_25_rad,BrBz_14,1,1,0,1.9071,False,2.6306,0.7235,0.0,-16.77,,,-69.17,-432.4,-52.41,,,1,1,2,1,
b3lyp_gas,Br,BrBz_124,3,4,1,BrPh_34_rad,BrBz_12,0,1,1,1.9125,False,1.9523,0.0398,0.0,-13.97,,,-56.23,-429.84,-42.26,,,3,3,3,3,
b3lyp_gas,Br,BrBz_135,3,1,3,BrPh_35_rad,BrBz_13,0,2,0,1.9135,False,2.6267,0.7132,0.0,-15.54,,,-63.39,-431.09,-47.86,,,1,1,1,1,
b3lyp_gas,Br,BrBz_1234,4,1,2,BrPh_234_rad,BrBz_123,1,1,1,1.9078,True,1.9672,0.0594,0.0,-18.38,,16.56,-73.41,-434.18,-55.03,,,2,2,2,2,
b3lyp_gas,Br,BrBz_1234,4,2,2,BrPh_236_rad,BrBz_124,2,1,0,1.9018,True,2.4994,0.5976,0.0,-21.47,,13.47,-85.55,-438.03,-64.08,,,1,1,1,1,
b3lyp_gas,Br,BrBz_1235,4,1,2,BrPh_235_rad,BrBz_124,1,2,0,1.9078,True,1.9722,0.0644,1.3,-18.95,,14.09,-78.46,-434.66,-59.51,,,2,2,2,2,
b3lyp_gas,Br,BrBz_1235,4,2,1,BrPh_246_rad,BrBz_135,2,0,1,1.8991,True,2.5138,0.6147,10.71,-19.05,,13.99,-83.8,-436.33,-64.74,,,1,1,1,1,
b3lyp_gas,Br,BrBz_1235,4,5,1,BrPh_345_rad,BrBz_123,0,2,1,1.9103,True,1.9348,0.0245,0.33,-14.55,,18.49,-65.65,-430.81,-51.1,,,3,3,3,3,
b3lyp_gas,Br,BrBz_1245,4,1,4,BrPh_245_rad,BrBz_124,1,1,1,1.9042,False,1.924,0.0198,0.0,-17.23,,,-74.6,-434.37,-57.37,,,1,1,1,1,
b3lyp_gas,Br,BrBz_12345,5,1,2,BrPh_2345_rad,BrBz_1234,1,2,1,1.9061,True,1.9511,0.045,0.25,-18.87,,21.26,-81.23,-434.65,-62.37,,,3,3,3,3,
b3lyp_gas,Br,BrBz_12345,5,2,2,BrPh_2346_rad,BrBz_1235,2,1,1,1.9,True,1.9566,0.0566,1.8,-21.5,,18.62,-89.79,-438.02,-68.29,,,2,2,2,2,
b3lyp_gas,Br,BrBz_12345,5,3,1,BrPh_2356_rad,BrBz_1245,2,2,0,1.9027,True,2.4281,0.5254,7.77,-22.92,,17.2,-92.84,-438.31,-69.91,,,1,1,1,1,
b3lyp_gas,Br,BrBz_123456,6,1,6,BrPh_23456_rad,BrBz_12345,2,2,1,1.9019,True,1.9927,0.0908,2.58,-24.73,,22.11,-97.23,-440.64,-72.5,,,1,1,1,1,
b3lyp_smd,Cl,ClBz_1,1,1,1,Ph_rad,Bz,0,0,0,1.7697,True,1.8013,0.0316,0.0,-67.58,-1.351,-32.9,-151.23,-218.76,-83.65,,,1,1,1,1,49.5
b3lyp_smd,Cl,ClBz_12,2,1,2,ClPh_2_rad,ClBz_1,1,0,0,1.7552,False,,,,-70.02,-1.244,,-164.42,-222.98,-94.4,,,1,1,1,,42.92
b3lyp_smd,Cl,ClBz_13,2,1,2,ClPh_3_rad,ClBz_1,0,1,0,1.7638,False,,,,-68.74,-1.3,,-157.01,-220.55,-88.27,,,1,1,1,,46.57
b3lyp_smd,Cl,ClBz_14,2,1,2,ClPh_4_rad,ClBz_1,0,0,1,1.7646,True,1.8037,0.0391,0.0,-67.98,-1.333,-29.3,-155.14,-220.72,-87.17,,,1,1,1,1,48.07
b3lyp_smd,Cl,ClBz_123,3,1,2,ClPh_23_rad,ClBz_12,1,1,0,1.7525,True,1.778,0.0255,0.95,-71.24,-1.192,-4.18,-168.83,-224.07,-97.59,,,2,2,2,2,40.49
b3lyp_smd,Cl,ClBz_123,3,2,1,ClPh_26_rad,ClBz_13,2,0,0,1.7436,True,2.6905,0.9469,22.3,-71.39,-1.185,-4.34,-176.31,-226.5,-104.92,,,1,1,1,1,36.79
b3lyp_smd,Cl,ClBz_124,3,1,1,ClPh_24_rad,ClBz_13,1,0,1,1.7513,False,1.7727,0.0214,0.0,-69.5,-1.267,,-167.04,-223.42,-97.55,,,2,2,1,2,41.33
b3lyp_smd,Cl,ClBz_124,3,2,1,ClPh_25_rad,ClBz_14,1,1,0,1.7513,False,2.8949,1.1436,0.0,-70.09,-1.242,,-168.79,-223.25,-98.7,,,1,1,2,1,39.92
b3lyp_smd,Cl,ClBz_124,3,4,1,ClPh_34_rad,ClBz_12,0,1,1,1.7586,False,1.7689,0.0103,0.0,-68.3,-1.319,,-159.29,-220.99,-90.99,,,3,3,3,3,45.22
b3lyp_smd,Cl,ClBz_135,3,1,3,ClPh_35_rad,ClBz_13,0,2,0,1.7587,False,1.7675,0.0088,0.0,-69.04,-1.287,,-162.14,-221.85,-93.1,,,1,1,1,1,43.77
b3lyp_smd,Cl,ClBz_1234,4,1,2,ClPh_234_rad,ClBz_123,1,1,1,1.7484,True,1.7751,0.0267,1.03,-71.01,-1.202,-1.63,-171.07,-224.64,-100.06,,,2,2,2,2,39.27
b3lyp_smd,Cl,ClBz_1234,4,2,2,ClPh_236_rad,ClBz_124,2,1,0,1.7416,True,2.6155,0.8739,21.87,-72.75,-1.126,-3.37,-180.65,-227.72,-107.91,,,1,1,1,1,34.5
b3lyp_smd,Cl,ClBz_1235,4,1,2,ClPh_235_rad,ClBz_124,1,2,0,1.7483,False,2.7403,0.992,0.0,-71.79,-1.168,,-173.94,-225.59,-102.15,,,1,2,2,1,37.85
b3lyp_smd,Cl,ClBz_1235,4,2,1,ClPh_246_rad,ClBz_135,2,0,1,1.7399,False,1.7635,0.0236,0.0,-71.16,-1.195,,-179.1,-227.16,-107.94,,,2,1,1,2,35.23
b3lyp_smd,Cl,ClBz_1235,4,5,1,ClPh_345_rad,ClBz_123,0,2,1,1.7547,False,1.7668,0.0121,0.0,-68.95,-1.291,,-164.14,-222.51,-95.19,,,3,3,3,3,42.78
b3lyp_smd,Cl,ClBz_1245,4,1,4,ClPh_245_rad,ClBz_124,1,1,1,1.747,False,,,,-70.79,-1.211,,-172.09,-225.58,-101.3,,,1,1,1,,39.21
b3lyp_smd,Cl,ClBz_12345,5,1,2,ClPh_2345_rad,ClBz_1234,1,2,1,1.7447,True,1.7587,0.014,0.14,-71.64,-1.174,-0.02,-175.78,-225.77,-104.14,,,3,3,3,3,36.65
b3lyp_smd,Cl,ClBz_12345,5,2,2,ClPh_2346_rad,ClBz_1235,2,1,1,1.7384,True,1.7646,0.0262,0.84,-72.66,-1.13,-1.04,-183.09,-227.9,-110.43,,,2,2,2,2,32.85
b3lyp_smd,Cl,ClBz_12345,5,3,1,ClPh_2356_rad,ClBz_1245,2,2,0,1.7391,True,2.5764,0.8373,12.03,-73.41,-1.098,-1.79,-184.82,-227.91,-111.41,,,1,1,1,1,31.58
b3lyp_smd,Cl,ClBz_123456,6,1,6,ClPh_23456_rad,ClBz_12345,2,2,1,1.7365,True,2.536,0.7995,18.87,-74.03,-1.071,-0.53,-187.46,-229.4,-113.44,,,1,1,1,1,30.74
b3lyp_smd,Br,BrBz_1,1,1,1,Ph_rad,Bz,0,0,0,1.9275,False,3.2675,1.34,0.0,-63.58,-1.524,,-147.23,-214.76,-83.65,,,1,1,1,1,49.5
b3lyp_smd,Br,BrBz_12,2,1,2,BrPh_2_rad,BrBz_1,1,0,0,1.9151,False,1.9524,0.0373,0.02,-67.07,-1.372,,-159.51,-219.32,-92.44,,,1,1,1,1,43.84
b3lyp_smd,Br,BrBz_13,2,1,2,BrPh_3_rad,BrBz_1,0,1,0,1.9222,False,1.9402,0.018,0.0,-65.02,-1.461,,-153.37,-216.62,-88.35,,,1,1,1,1,46.36
b3lyp_smd,Br,BrBz_14,2,1,2,BrPh_4_rad,BrBz_1,0,0,1,1.922,False,1.9315,0.0095,0.1,-64.03,-1.504,,-151.25,-216.7,-87.22,,,1,1,1,1,47.97
b3lyp_smd,Br,BrBz_123,3,1,2,BrPh_23_rad,BrBz_12,1,1,0,1.9142,False,1.9581,0.0439,0.0,-68.91,-1.293,,-164.11,-220.63,-95.2,,,2,2,2,2,41.43
b3lyp_smd,Br,BrBz_123,3,2,1,BrPh_26_rad,BrBz_13,2,0,0,1.9063,False,2.6595,0.7532,0.0,-69.77,-1.255,,-171.37,-223.32,-101.6,,,1,1,1,1,38.08
b3lyp_smd,Br,BrBz_124,3,1,1,BrPh_24_rad,BrBz_13,1,0,1,1.9106,False,1.9489,0.0383,0.0,-66.68,-1.39,,-162.56,-219.79,-95.88,,,2,2,1,2,41.95
b3lyp_smd,Br,BrBz_124,3,2,1,BrPh_25_rad,BrBz_14,1,1,0,1.9115,False,2.7515,0.84,0.0,-67.31,-1.362,,-164.3,-219.71,-96.99,,,1,1,2,1,40.62
b3lyp_smd,Br,BrBz_124,3,4,1,BrPh_34_rad,BrBz_12,0,1,1,1.917,False,1.9355,0.0185,0.0,-64.48,-1.485,,-155.76,-217.1,-91.28,,,3,3,3,3,44.96
b3lyp_smd,Br,BrBz_135,3,1,3,BrPh_35_rad,BrBz_13,0,2,0,1.917,False,1.9389,0.0219,0.0,-65.46,-1.442,,-159.14,-217.99,-93.68,,,1,1,1,1,43.14
b3lyp_smd,Br,BrBz_1234,4,1,2,BrPh_234_rad,BrBz_123,1,1,1,1.9111,True,1.9521,0.041,1.08,-69.08,-1.285,1.71,-166.64,-221.51,-97.56,,,2,2,2,2,40.22
b3lyp_smd,Br,BrBz_1234,4,2,2,BrPh_236_rad,BrBz_124,2,1,0,1.9052,True,2.6151,0.7099,10.86,-72.15,-1.152,-1.36,-176.23,-225.04,-104.08,,,1,1,1,1,35.78
b3lyp_smd,Br,BrBz_1235,4,1,2,BrPh_235_rad,BrBz_124,1,2,0,1.9104,False,1.9547,0.0443,0.0,-69.61,-1.262,,-169.98,-222.13,-100.37,,,1,2,2,2,38.23
b3lyp_smd,Br,BrBz_1235,4,2,1,BrPh_246_rad,BrBz_135,2,0,1,1.9021,False,2.6249,0.7228,0.0,-69.49,-1.267,,-174.73,-223.94,-105.23,,,2,1,1,1,36.07
b3lyp_smd,Br,BrBz_1235,4,5,1,BrPh_345_rad,BrBz_123,0,2,1,1.913,False,1.9248,0.0118,0.0,-65.25,-1.452,,-160.8,-218.6,-95.55,,,3,3,3,3,42.37
b3lyp_smd,Br,BrBz_1245,4,1,4,BrPh_245_rad,BrBz_124,1,1,1,1.907,False,1.9167,0.0097,0.0,-67.85,-1.339,,-167.94,-221.89,-100.08,,,1,1,1,1,39.55
b3lyp_smd,Br,BrBz_12345,5,1,2,BrPh_2345_rad,BrBz_1234,1,2,1,1.9078,False,,,,-69.71,-1.258,,-171.83,-222.35,-102.12,,,3,3,3,,37.03
b3lyp_smd,Br,BrBz_12345,5,2,2,BrPh_2346_rad,BrBz_1235,2,1,1,1.9022,False,,,,-72.08,-1.155,,-178.94,-225.26,-106.86,,,2,2,2,,33.95
b3lyp_smd,Br,BrBz_12345,5,3,1,BrPh_2356_rad,BrBz_1245,2,2,0,1.9048,False,,,,-73.41,-1.098,,-181.46,-225.5,-108.05,,,1,1,1,,32.28
b3lyp_smd,Br,BrBz_123456,6,1,6,BrPh_23456_rad,BrBz_12345,2,2,1,1.9031,True,1.9863,0.0832,9.26,-74.57,-1.048,2.49,-184.25,-227.26,-109.69,,,1,1,1,1,31.53
m062x_gas,Cl,ClBz_1,1,1,1,Ph_rad,Bz,0,0,0,1.7448,False,,,,2.04,,,-21.67,-410.6,-23.72,,,1,1,1,,
m062x_gas,Cl,ClBz_12,2,1,2,ClPh_2_rad,ClBz_1,1,0,0,1.7332,False,,,,0.5,,,-39.66,-414.55,-40.16,,,1,1,1,,
m062x_gas,Cl,ClBz_13,2,1,2,ClPh_3_rad,ClBz_1,0,1,0,1.7412,True,1.7922,0.051,4.78,1.01,,-5.74,-32.84,-412.6,-33.85,,,1,1,1,1,
m062x_gas,Cl,ClBz_14,2,1,2,ClPh_4_rad,ClBz_1,0,0,1,1.7416,True,1.7932,0.0516,0.0,1.52,,-4.97,-30.91,-413.02,-32.43,,,1,1,1,1,
m062x_gas,Cl,ClBz_123,3,1,2,ClPh_23_rad,ClBz_12,1,1,0,1.7319,True,1.7713,0.0394,1.24,-0.5,,9.87,-47.35,-415.29,-46.85,,,1,2,2,2,
m062x_gas,Cl,ClBz_123,3,2,1,ClPh_26_rad,ClBz_13,2,0,0,1.7241,True,2.3486,0.6245,30.6,-0.1,,10.27,-55.3,-417.23,-55.2,,,2,1,1,1,
m062x_gas,Cl,ClBz_124,3,1,1,ClPh_24_rad,ClBz_13,1,0,1,1.7309,True,1.7685,0.0376,0.76,0.93,,10.88,-46.72,-414.84,-47.66,,,2,2,1,2,
m062x_gas,Cl,ClBz_124,3,2,1,ClPh_25_rad,ClBz_14,1,1,0,1.7307,True,2.4337,0.703,20.82,0.38,,10.33,-48.62,-414.43,-49.0,,,1,1,2,1,
m062x_gas,Cl,ClBz_124,3,4,1,ClPh_34_rad,ClBz_12,0,1,1,1.738,True,1.7674,0.0294,0.44,1.37,,11.31,-38.83,-412.9,-40.2,,,3,3,3,3,
m062x_gas,Cl,ClBz_135,3,1,3,ClPh_35_rad,ClBz_13,0,2,0,1.7378,False,1.7684,0.0306,0.0,0.09,,,-43.12,-414.17,-43.2,,,1,1,1,1,
m062x_gas,Cl,ClBz_1234,4,1,2,ClPh_234_rad,ClBz_123,1,1,1,1.7299,True,1.7562,0.0263,0.66,-0.33,,15.26,-52.84,-415.74,-52.51,,,2,2,2,2,
m062x_gas,Cl,ClBz_1234,4,2,2,ClPh_236_rad,ClBz_124,2,1,0,1.7227,True,1.7565,0.0338,2.04,-1.21,,14.38,-62.43,-418.13,-61.21,,,1,1,1,1,
m062x_gas,Cl,ClBz_1235,4,1,2,ClPh_235_rad,ClBz_124,1,2,0,1.7295,True,1.7568,0.0273,0.19,-1.01,,14.46,-56.49,-416.41,-55.47,,,1,2,2,3,
m062x_gas,Cl,ClBz_1235,4,2,1,ClPh_246_rad,ClBz_135,2,0,1,1.7222,True,1.7547,0.0325,1.45,0.01,,15.49,-61.81,-417.08,-61.82,,,2,1,1,1,
m062x_gas,Cl,ClBz_1235,4,5,1,ClPh_345_rad,ClBz_123,0,2,1,1.7354,True,1.7644,0.029,0.44,0.78,,16.26,-46.86,-414.02,-47.64,,,3,3,3,2,
m062x_gas,Cl,ClBz_1245,4,1,4,ClPh_245_rad,ClBz_124,1,1,1,1.7283,True,1.7766,0.0483,6.89,-0.27,,9.08,-54.94,-416.53,-54.67,,,1,1,1,1,
m062x_gas,Cl,ClBz_12345,5,1,2,ClPh_2345_rad,ClBz_1234,1,2,1,1.7276,True,1.754,0.0264,0.96,-0.68,,20.1,-60.11,-416.25,-59.43,,,3,3,3,3,
m062x_gas,Cl,ClBz_12345,5,2,2,ClPh_2346_rad,ClBz_1235,2,1,1,1.7211,True,1.7541,0.033,2.46,-0.99,,19.79,-67.23,-417.97,-66.24,,,2,2,1,2,
m062x_gas,Cl,ClBz_12345,5,3,1,ClPh_2356_rad,ClBz_1245,2,2,0,1.722,True,2.2649,0.5429,32.9,-1.53,,19.25,-68.67,-417.84,-67.14,,,1,1,2,1,
m062x_gas,Cl,ClBz_123456,6,1,6,ClPh_23456_rad,ClBz_12345,2,2,1,1.7206,False,,,,-2.78,,,-73.47,-419.86,-70.69,,,1,1,1,,
m062x_gas,Br,BrBz_1,1,1,1,Ph_rad,Bz,0,0,0,1.9008,False,2.9144,1.0136,0.0,-8.09,,,-31.81,-420.73,-23.72,,,1,1,1,1,
m062x_gas,Br,BrBz_12,2,1,2,BrPh_2_rad,BrBz_1,1,0,0,1.891,False,1.938,0.047,0.0,-10.44,,,-52.4,-424.94,-41.96,,,1,1,1,1,
m062x_gas,Br,BrBz_13,2,1,2,BrPh_3_rad,BrBz_1,0,1,0,1.8975,False,1.9311,0.0336,0.0,-9.35,,,-44.74,-422.85,-35.4,,,1,1,1,1,
m062x_gas,Br,BrBz_14,2,1,2,BrPh_4_rad,BrBz_1,0,0,1,1.8969,False,,,,-8.65,,,-42.18,-423.09,-33.53,,,1,1,1,,
m062x_gas,Br,BrBz_123,3,1,2,BrPh_23_rad,BrBz_12,1,1,0,1.8909,False,1.9414,0.0505,0.0,-11.92,,,-60.57,-425.92,-48.65,,,2,2,2,2,
m062x_gas,Br,BrBz_123,3,2,1,BrPh_26_rad,BrBz_13,2,0,0,1.883,False,2.5093,0.6263,0.0,-12.02,,,-69.55,-428.0,-57.53,,,1,1,1,1,
m062x_gas,Br,BrBz_124,3,1,1,BrPh_24_rad,BrBz_13,1,0,1,1.888,False,1.9338,0.0458,0.0,-9.97,,,-59.81,-425.07,-49.85,,,2,2,1,2,
m062x_gas,Br,BrBz_124,3,2,1,BrPh_25_rad,BrBz_14,1,1,0,1.8882,False,2.5667,0.6785,0.0,-10.52,,,-62.05,-424.84,-51.53,,,1,1,2,1,
m062x_gas,Br,BrBz_124,3,4,1,BrPh_34_rad,BrBz_12,0,1,1,1.894,False,1.9248,0.0308,0.0,-8.87,,,-50.79,-422.99,-41.92,,,3,3,3,3,
m062x_gas,Br,BrBz_135,3,1,3,BrPh_35_rad,BrBz_13,0,2,0,1.8945,False,2.6019,0.7074,0.0,-10.28,,,-56.2,-424.28,-45.93,,,1,1,1,1,
m062x_gas,Br,BrBz_1234,4,1,2,BrPh_234_rad,BrBz_123,1,1,1,1.8888,True,1.9346,0.0458,1.51,-11.95,,15.18,-65.99,-426.45,-54.05,,,2,2,2,2,
m062x_gas,Br,BrBz_1234,4,2,2,BrPh_236_rad,BrBz_124,2,1,0,1.8835,True,2.4514,0.5679,20.3,-13.81,,13.32,-76.91,-429.38,-63.1,,,1,1,1,1,
m062x_gas,Br,BrBz_1235,4,1,2,BrPh_235_rad,BrBz_124,1,2,0,1.8887,True,1.9355,0.0468,1.54,-12.37,,14.05,-70.15,-426.88,-57.78,,,1,2,2,2,
m062x_gas,Br,BrBz_1235,4,2,1,BrPh_246_rad,BrBz_135,2,0,1,1.8807,True,2.4575,0.5768,21.92,-11.78,,14.64,-75.93,-427.67,-64.15,,,2,1,1,1,
m062x_gas,Br,BrBz_1235,4,5,1,BrPh_345_rad,BrBz_123,0,2,1,1.8913,True,1.9123,0.021,0.41,-9.32,,17.11,-59.23,-423.95,-49.91,,,3,3,3,3,
m062x_gas,Br,BrBz_1245,4,1,4,BrPh_245_rad,BrBz_124,1,1,1,1.8858,False,1.903,0.0172,0.0,-11.14,,,-68.02,-426.76,-56.88,,,1,1,1,1,
m062x_gas,Br,BrBz_12345,5,1,2,BrPh_2345_rad,BrBz_1234,1,2,1,1.887,True,1.9155,0.0285,0.51,-12.41,,20.02,-73.4,-427.01,-60.99,,,3,3,3,3,
m062x_gas,Br,BrBz_12345,5,2,2,BrPh_2346_rad,BrBz_1235,2,1,1,1.8818,True,1.9228,0.041,3.01,-13.99,,18.44,-81.61,-429.51,-67.62,,,2,2,2,2,
m062x_gas,Br,BrBz_12345,5,3,1,BrPh_2356_rad,BrBz_1245,2,2,0,1.8839,True,2.4107,0.5268,21.43,-15.04,,17.39,-83.45,-429.63,-68.41,,,1,1,1,1,
m062x_gas,Br,BrBz_123456,6,1,6,BrPh_23456_rad,BrBz_12345,2,2,1,1.8838,True,1.9503,0.0665,9.87,-16.9,,22.6,-88.01,-432.03,-71.11,,,1,1,1,1,
m062x_smd,Cl,ClBz_1,1,1,1,Ph_rad,Bz,0,0,0,1.7526,False,,,,-61.21,-1.627,,-146.13,-210.83,-84.92,,,1,1,1,,47.42
m062x_smd,Cl,ClBz_12,2,1,2,ClPh_2_rad,ClBz_1,1,0,0,1.7394,True,1.759,0.0196,2.4,-62.83,-1.557,-24.97,-158.44,-214.38,-95.61,,,1,1,1,1,41.0
m062x_smd,Cl,ClBz_13,2,1,2,ClPh_3_rad,ClBz_1,0,1,0,1.7475,True,1.7699,0.0224,0.15,-62.37,-1.576,-24.48,-151.7,-212.64,-89.33,,,1,1,1,1,44.67
m062x_smd,Cl,ClBz_14,2,1,2,ClPh_4_rad,ClBz_1,0,0,1,1.7482,True,1.7734,0.0252,0.0,-61.79,-1.602,-21.57,-150.05,-212.81,-88.27,,,1,1,1,1,46.0
m062x_smd,Cl,ClBz_123,3,1,2,ClPh_23_rad,ClBz_12,1,1,0,1.7368,False,1.7482,0.0114,0.54,-63.93,-1.509,,-162.54,-215.45,-98.61,,,1,2,2,2,38.78
m062x_smd,Cl,ClBz_123,3,2,1,ClPh_26_rad,ClBz_13,2,0,0,1.7293,False,2.9635,1.2342,22.81,-63.37,-1.533,,-169.47,-217.19,-106.1,,,2,1,1,1,34.98
m062x_smd,Cl,ClBz_124,3,1,1,ClPh_24_rad,ClBz_13,1,0,1,1.7359,False,1.7477,0.0118,0.0,-62.5,-1.571,,-161.24,-214.89,-98.74,,,2,2,1,2,39.33
m062x_smd,Cl,ClBz_124,3,2,1,ClPh_25_rad,ClBz_14,1,1,0,1.7358,False,3.1571,1.4213,0.0,-63.02,-1.548,,-162.81,-214.72,-99.78,,,1,1,2,1,38.05
m062x_smd,Cl,ClBz_124,3,4,1,ClPh_34_rad,ClBz_12,0,1,1,1.743,False,1.7481,0.0051,0.0,-62.1,-1.588,,-154.2,-213.15,-92.1,,,3,3,3,3,43.21
m062x_smd,Cl,ClBz_135,3,1,3,ClPh_35_rad,ClBz_13,0,2,0,1.7427,False,1.7473,0.0046,0.0,-62.72,-1.561,,-156.58,-213.98,-93.86,,,1,1,1,1,42.07
m062x_smd,Cl,ClBz_1234,4,1,2,ClPh_234_rad,ClBz_123,1,1,1,1.7335,True,1.7434,0.0099,0.21,-63.8,-1.514,-0.87,-165.02,-216.07,-101.22,,,2,2,2,2,37.42
m062x_smd,Cl,ClBz_1234,4,2,2,ClPh_236_rad,ClBz_124,2,1,0,1.7268,True,1.7486,0.0218,1.01,-64.52,-1.483,-1.6,-173.63,-218.37,-109.11,,,1,1,1,1,32.8
m062x_smd,Cl,ClBz_1235,4,1,2,ClPh_235_rad,ClBz_124,1,2,0,1.7331,False,,,,-64.55,-1.482,,-167.58,-217.02,-103.04,,,1,2,2,,36.24
m062x_smd,Cl,ClBz_1235,4,2,1,ClPh_246_rad,ClBz_135,2,0,1,1.7262,False,,,,-63.32,-1.535,,-172.48,-217.93,-109.16,,,2,1,1,,33.32
m062x_smd,Cl,ClBz_1235,4,5,1,ClPh_345_rad,ClBz_123,0,2,1,1.7388,False,,,,-62.82,-1.557,,-158.91,-214.73,-96.08,,,3,3,3,,40.92
m062x_smd,Cl,ClBz_1245,4,1,4,ClPh_245_rad,ClBz_124,1,1,1,1.7319,True,1.7631,0.0312,5.76,-63.8,-1.514,-15.26,-166.28,-217.06,-102.48,,,1,1,1,1,37.23
m062x_smd,Cl,ClBz_12345,5,1,2,ClPh_2345_rad,ClBz_1234,1,2,1,1.7298,True,1.741,0.0112,0.37,-64.39,-1.489,0.95,-169.52,-217.17,-105.14,,,3,3,3,3,34.93
m062x_smd,Cl,ClBz_12345,5,2,2,ClPh_2346_rad,ClBz_1235,2,1,1,1.7239,True,1.7469,0.023,1.24,-64.45,-1.486,0.89,-176.18,-218.52,-111.73,,,2,2,1,2,31.04
m062x_smd,Cl,ClBz_12345,5,3,1,ClPh_2356_rad,ClBz_1245,2,2,0,1.7247,True,2.4596,0.7349,25.76,-65.01,-1.462,0.33,-177.44,-218.48,-112.43,,,1,1,2,1,30.09
m062x_smd,Cl,ClBz_123456,6,1,6,ClPh_23456_rad,ClBz_12345,2,2,1,1.7223,False,,,,-65.64,-1.435,,-180.17,-220.0,-114.54,,,1,1,1,,29.2
m062x_smd,Br,BrBz_1,1,1,1,Ph_rad,Bz,0,0,0,1.907,False,4.9004,2.9934,0.0,-58.53,-1.743,,-143.45,-208.14,-84.92,,,1,1,1,1,47.42
m062x_smd,Br,BrBz_12,2,1,2,BrPh_2_rad,BrBz_1,1,0,0,1.8958,False,,,,-61.06,-1.633,,-154.51,-211.96,-93.44,,,1,1,1,,42.11
m062x_smd,Br,BrBz_13,2,1,2,BrPh_3_rad,BrBz_1,0,1,0,1.9025,False,,,,-60.07,-1.676,,-149.49,-210.21,-89.42,,,1,1,1,,44.51
m062x_smd,Br,BrBz_14,2,1,2,BrPh_4_rad,BrBz_1,0,0,1,1.9021,True,1.9468,0.0447,0.0,-59.17,-1.715,-21.14,-147.54,-210.15,-88.37,,,1,1,1,1,45.89
m062x_smd,Br,BrBz_123,3,1,2,BrPh_23_rad,BrBz_12,1,1,0,1.8947,False,1.9301,0.0354,0.0,-62.66,-1.564,,-158.71,-213.2,-96.05,,,1,2,2,2,39.95
m062x_smd,Br,BrBz_123,3,2,1,BrPh_26_rad,BrBz_13,2,0,0,1.8871,False,2.5909,0.7038,0.0,-62.59,-1.567,,-165.15,-214.95,-102.56,,,2,1,1,1,36.51
m062x_smd,Br,BrBz_124,3,1,1,BrPh_24_rad,BrBz_13,1,0,1,1.8917,False,1.9228,0.0311,0.0,-60.89,-1.641,,-157.87,-212.45,-96.98,,,2,2,2,2,40.01
m062x_smd,Br,BrBz_124,3,2,1,BrPh_25_rad,BrBz_14,1,1,0,1.8921,False,2.6582,0.7661,0.0,-61.34,-1.621,,-159.44,-212.51,-98.1,,,1,1,1,1,38.9
m062x_smd,Br,BrBz_124,3,4,1,BrPh_34_rad,BrBz_12,0,1,1,1.8979,False,1.9127,0.0148,0.0,-59.73,-1.691,,-152.1,-210.7,-92.37,,,3,3,3,3,42.96
m062x_smd,Br,BrBz_135,3,1,3,BrPh_35_rad,BrBz_13,0,2,0,1.8974,False,2.9245,1.0271,0.0,-60.43,-1.66,,-154.81,-211.53,-94.37,,,1,1,1,1,41.58
m062x_smd,Br,BrBz_1234,4,1,2,BrPh_234_rad,BrBz_123,1,1,1,1.8917,True,1.9257,0.034,1.06,-62.91,-1.553,2.72,-161.45,-214.1,-98.54,,,2,2,2,2,38.59
m062x_smd,Br,BrBz_1234,4,2,2,BrPh_236_rad,BrBz_124,2,1,0,1.8866,True,2.539,0.6524,16.9,-64.65,-1.478,0.97,-169.69,-216.6,-105.04,,,1,1,1,1,34.39
m062x_smd,Br,BrBz_1235,4,1,2,BrPh_235_rad,BrBz_124,1,2,0,1.891,False,1.9269,0.0359,0.0,-63.32,-1.535,,-164.22,-214.71,-100.9,,,1,2,2,2,37.01
m062x_smd,Br,BrBz_1235,4,2,1,BrPh_246_rad,BrBz_135,2,0,1,1.8833,False,2.564,0.6807,0.0,-62.44,-1.573,,-168.77,-215.63,-106.32,,,2,1,1,1,34.35
m062x_smd,Br,BrBz_1235,4,5,1,BrPh_345_rad,BrBz_123,0,2,1,1.8936,False,1.9041,0.0105,0.0,-60.38,-1.663,,-156.82,-212.21,-96.44,,,3,3,3,3,40.6
m062x_smd,Br,BrBz_1245,4,1,4,BrPh_245_rad,BrBz_124,1,1,1,1.8883,False,,,,-62.05,-1.59,,-163.23,-214.59,-101.19,,,1,1,1,,37.64
m062x_smd,Br,BrBz_12345,5,1,2,BrPh_2345_rad,BrBz_1234,1,2,1,1.8887,True,1.9041,0.0154,0.2,-63.59,-1.523,5.15,-166.62,-215.11,-103.02,,,3,3,3,3,35.55
m062x_smd,Br,BrBz_12345,5,2,2,BrPh_2346_rad,BrBz_1235,2,1,1,1.8837,True,1.9152,0.0315,2.71,-64.78,-1.472,3.97,-172.63,-217.0,-107.86,,,2,2,2,2,32.52
m062x_smd,Br,BrBz_12345,5,3,1,BrPh_2356_rad,BrBz_1245,2,2,0,1.8857,True,2.4882,0.6025,23.72,-65.76,-1.429,2.98,-174.28,-217.12,-108.52,,,1,1,1,1,31.4
m062x_smd,Br,BrBz_123456,6,1,6,BrPh_23456_rad,BrBz_12345,2,2,1,1.8845,True,1.8983,0.0138,0.75,-66.96,-1.377,4.03,-176.96,-218.95,-110.0,,,1,1,1,1,30.78
