name,kind,halogen,n_X,charge,mult,ring_C1..C6
Bz,parent,,0,0,1,H-H-H-H-H-H
Cl_anion,halide,Cl,1,-1,1,Cl
Cl_rad,halogen_atom,Cl,1,0,2,Cl
ClBz_1,parent,Cl,1,0,1,Cl-H-H-H-H-H
ClBz_1_RA,radical_anion,Cl,1,-1,2,Cl-H-H-H-H-H
Ph_rad,aryl_radical,,0,0,2,*-H-H-H-H-H
Ph_anion,aryl_anion,,0,-1,1,*-H-H-H-H-H
TS_ClBz_1_x1,ts,Cl,1,-1,2,Cl-H-H-H-H-H
ClBz_12,parent,Cl,2,0,1,Cl-Cl-H-H-H-H
ClBz_12_RA,radical_anion,Cl,2,-1,2,Cl-Cl-H-H-H-H
ClPh_2_rad,aryl_radical,Cl,1,0,2,*-Cl-H-H-H-H
ClPh_2_anion,aryl_anion,Cl,1,-1,1,*-Cl-H-H-H-H
TS_ClBz_12_x1,ts,Cl,2,-1,2,Cl-Cl-H-H-H-H
ClBz_13,parent,Cl,2,0,1,Cl-H-Cl-H-H-H
ClBz_13_RA,radical_anion,Cl,2,-1,2,Cl-H-Cl-H-H-H
ClPh_3_rad,aryl_radical,Cl,1,0,2,*-H-Cl-H-H-H
ClPh_3_anion,aryl_anion,Cl,1,-1,1,*-H-Cl-H-H-H
TS_ClBz_13_x1,ts,Cl,2,-1,2,Cl-H-Cl-H-H-H
ClBz_14,parent,Cl,2,0,1,Cl-H-H-Cl-H-H
ClBz_14_RA,radical_anion,Cl,2,-1,2,Cl-H-H-Cl-H-H
ClPh_4_rad,aryl_radical,Cl,1,0,2,*-H-H-Cl-H-H
ClPh_4_anion,aryl_anion,Cl,1,-1,1,*-H-H-Cl-H-H
TS_ClBz_14_x1,ts,Cl,2,-1,2,Cl-H-H-Cl-H-H
ClBz_123,parent,Cl,3,0,1,Cl-Cl-Cl-H-H-H
ClBz_123_RA,radical_anion,Cl,3,-1,2,Cl-Cl-Cl-H-H-H
ClPh_23_rad,aryl_radical,Cl,2,0,2,*-Cl-Cl-H-H-H
ClPh_23_anion,aryl_anion,Cl,2,-1,1,*-Cl-Cl-H-H-H
TS_ClBz_123_x1,ts,Cl,3,-1,2,Cl-Cl-Cl-H-H-H
ClPh_26_rad,aryl_radical,Cl,2,0,2,*-Cl-H-H-H-Cl
ClPh_26_anion,aryl_anion,Cl,2,-1,1,*-Cl-H-H-H-Cl
TS_ClBz_123_x2,ts,Cl,3,-1,2,Cl-Cl-Cl-H-H-H
ClBz_124,parent,Cl,3,0,1,Cl-Cl-H-Cl-H-H
ClBz_124_RA,radical_anion,Cl,3,-1,2,Cl-Cl-H-Cl-H-H
ClPh_24_rad,aryl_radical,Cl,2,0,2,*-Cl-H-Cl-H-H
ClPh_24_anion,aryl_anion,Cl,2,-1,1,*-Cl-H-Cl-H-H
TS_ClBz_124_x1,ts,Cl,3,-1,2,Cl-Cl-H-Cl-H-H
ClPh_25_rad,aryl_radical,Cl,2,0,2,*-Cl-H-H-Cl-H
ClPh_25_anion,aryl_anion,Cl,2,-1,1,*-Cl-H-H-Cl-H
TS_ClBz_124_x2,ts,Cl,3,-1,2,Cl-Cl-H-Cl-H-H
ClPh_34_rad,aryl_radical,Cl,2,0,2,*-H-Cl-Cl-H-H
ClPh_34_anion,aryl_anion,Cl,2,-1,1,*-H-Cl-Cl-H-H
TS_ClBz_124_x4,ts,Cl,3,-1,2,Cl-Cl-H-Cl-H-H
ClBz_135,parent,Cl,3,0,1,Cl-H-Cl-H-Cl-H
ClBz_135_RA,radical_anion,Cl,3,-1,2,Cl-H-Cl-H-Cl-H
ClPh_35_rad,aryl_radical,Cl,2,0,2,*-H-Cl-H-Cl-H
ClPh_35_anion,aryl_anion,Cl,2,-1,1,*-H-Cl-H-Cl-H
TS_ClBz_135_x1,ts,Cl,3,-1,2,Cl-H-Cl-H-Cl-H
ClBz_1234,parent,Cl,4,0,1,Cl-Cl-Cl-Cl-H-H
ClBz_1234_RA,radical_anion,Cl,4,-1,2,Cl-Cl-Cl-Cl-H-H
ClPh_234_rad,aryl_radical,Cl,3,0,2,*-Cl-Cl-Cl-H-H
ClPh_234_anion,aryl_anion,Cl,3,-1,1,*-Cl-Cl-Cl-H-H
TS_ClBz_1234_x1,ts,Cl,4,-1,2,Cl-Cl-Cl-Cl-H-H
ClPh_236_rad,aryl_radical,Cl,3,0,2,*-Cl-Cl-H-H-Cl
ClPh_236_anion,aryl_anion,Cl,3,-1,1,*-Cl-Cl-H-H-Cl
TS_ClBz_1234_x2,ts,Cl,4,-1,2,Cl-Cl-Cl-Cl-H-H
ClBz_1235,parent,Cl,4,0,1,Cl-Cl-Cl-H-Cl-H
ClBz_1235_RA,radical_anion,Cl,4,-1,2,Cl-Cl-Cl-H-Cl-H
ClPh_235_rad,aryl_radical,Cl,3,0,2,*-Cl-Cl-H-Cl-H
ClPh_235_anion,aryl_anion,Cl,3,-1,1,*-Cl-Cl-H-Cl-H
TS_ClBz_1235_x1,ts,Cl,4,-1,2,Cl-Cl-Cl-H-Cl-H
ClPh_246_rad,aryl_radical,Cl,3,0,2,*-Cl-H-Cl-H-Cl
ClPh_246_anion,aryl_anion,Cl,3,-1,1,*-Cl-H-Cl-H-Cl
TS_ClBz_1235_x2,ts,Cl,4,-1,2,Cl-Cl-Cl-H-Cl-H
ClPh_345_rad,aryl_radical,Cl,3,0,2,*-H-Cl-Cl-Cl-H
ClPh_345_anion,aryl_anion,Cl,3,-1,1,*-H-Cl-Cl-Cl-H
TS_ClBz_1235_x5,ts,Cl,4,-1,2,Cl-Cl-Cl-H-Cl-H
ClBz_1245,parent,Cl,4,0,1,Cl-Cl-H-Cl-Cl-H
ClBz_1245_RA,radical_anion,Cl,4,-1,2,Cl-Cl-H-Cl-Cl-H
ClPh_245_rad,aryl_radical,Cl,3,0,2,*-Cl-H-Cl-Cl-H
ClPh_245_anion,aryl_anion,Cl,3,-1,1,*-Cl-H-Cl-Cl-H
TS_ClBz_1245_x1,ts,Cl,4,-1,2,Cl-Cl-H-Cl-Cl-H
ClBz_12345,parent,Cl,5,0,1,Cl-Cl-Cl-Cl-Cl-H
ClBz_12345_RA,radical_anion,Cl,5,-1,2,Cl-Cl-Cl-Cl-Cl-H
ClPh_2345_rad,aryl_radical,Cl,4,0,2,*-Cl-Cl-Cl-Cl-H
ClPh_2345_anion,aryl_anion,Cl,4,-1,1,*-Cl-Cl-Cl-Cl-H
TS_ClBz_12345_x1,ts,Cl,5,-1,2,Cl-Cl-Cl-Cl-Cl-H
ClPh_2346_rad,aryl_radical,Cl,4,0,2,*-Cl-Cl-Cl-H-Cl
ClPh_2346_anion,aryl_anion,Cl,4,-1,1,*-Cl-Cl-Cl-H-Cl
TS_ClBz_12345_x2,ts,Cl,5,-1,2,Cl-Cl-Cl-Cl-Cl-H
ClPh_2356_rad,aryl_radical,Cl,4,0,2,*-Cl-Cl-H-Cl-Cl
ClPh_2356_anion,aryl_anion,Cl,4,-1,1,*-Cl-Cl-H-Cl-Cl
TS_ClBz_12345_x3,ts,Cl,5,-1,2,Cl-Cl-Cl-Cl-Cl-H
ClBz_123456,parent,Cl,6,0,1,Cl-Cl-Cl-Cl-Cl-Cl
ClBz_123456_RA,radical_anion,Cl,6,-1,2,Cl-Cl-Cl-Cl-Cl-Cl
ClPh_23456_rad,aryl_radical,Cl,5,0,2,*-Cl-Cl-Cl-Cl-Cl
ClPh_23456_anion,aryl_anion,Cl,5,-1,1,*-Cl-Cl-Cl-Cl-Cl
TS_ClBz_123456_x1,ts,Cl,6,-1,2,Cl-Cl-Cl-Cl-Cl-Cl
Br_anion,halide,Br,1,-1,1,Br
Br_rad,halogen_atom,Br,1,0,2,Br
BrBz_1,parent,Br,1,0,1,Br-H-H-H-H-H
BrBz_1_RA,radical_anion,Br,1,-1,2,Br-H-H-H-H-H
TS_BrBz_1_x1,ts,Br,1,-1,2,Br-H-H-H-H-H
BrBz_12,parent,Br,2,0,1,Br-Br-H-H-H-H
BrBz_12_RA,radical_anion,Br,2,-1,2,Br-Br-H-H-H-H
BrPh_2_rad,aryl_radical,Br,1,0,2,*-Br-H-H-H-H
BrPh_2_anion,aryl_anion,Br,1,-1,1,*-Br-H-H-H-H
TS_BrBz_12_x1,ts,Br,2,-1,2,Br-Br-H-H-H-H
BrBz_13,parent,Br,2,0,1,Br-H-Br-H-H-H
BrBz_13_RA,radical_anion,Br,2,-1,2,Br-H-Br-H-H-H
BrPh_3_rad,aryl_radical,Br,1,0,2,*-H-Br-H-H-H
BrPh_3_anion,aryl_anion,Br,1,-1,1,*-H-Br-H-H-H
TS_BrBz_13_x1,ts,Br,2,-1,2,Br-H-Br-H-H-H
BrBz_14,parent,Br,2,0,1,Br-H-H-Br-H-H
BrBz_14_RA,radical_anion,Br,2,-1,2,Br-H-H-Br-H-H
BrPh_4_rad,aryl_radical,Br,1,0,2,*-H-H-Br-H-H
BrPh_4_anion,aryl_anion,Br,1,-1,1,*-H-H-Br-H-H
TS_BrBz_14_x1,ts,Br,2,-1,2,Br-H-H-Br-H-H
BrBz_123,parent,Br,3,0,1,Br-Br-Br-H-H-H
BrBz_123_RA,radical_anion,Br,3,-1,2,Br-Br-Br-H-H-H
BrPh_23_rad,aryl_radical,Br,2,0,2,*-Br-Br-H-H-H
BrPh_23_anion,aryl_anion,Br,2,-1,1,*-Br-Br-H-H-H
TS_BrBz_123_x1,ts,Br,3,-1,2,Br-Br-Br-H-H-H
BrPh_26_rad,aryl_radical,Br,2,0,2,*-Br-H-H-H-Br
BrPh_26_anion,aryl_anion,Br,2,-1,1,*-Br-H-H-H-Br
TS_BrBz_123_x2,ts,Br,3,-1,2,Br-Br-Br-H-H-H
BrBz_124,parent,Br,3,0,1,Br-Br-H-Br-H-H
BrBz_124_RA,radical_anion,Br,3,-1,2,Br-Br-H-Br-H-H
BrPh_24_rad,aryl_radical,Br,2,0,2,*-Br-H-Br-H-H
BrPh_24_anion,aryl_anion,Br,2,-1,1,*-Br-H-Br-H-H
TS_BrBz_124_x1,ts,Br,3,-1,2,Br-Br-H-Br-H-H
BrPh_25_rad,aryl_radical,Br,2,0,2,*-Br-H-H-Br-H
BrPh_25_anion,aryl_anion,Br,2,-1,1,*-Br-H-H-Br-H
TS_BrBz_124_x2,ts,Br,3,-1,2,Br-Br-H-Br-H-H
BrPh_34_rad,aryl_radical,Br,2,0,2,*-H-Br-Br-H-H
BrPh_34_anion,aryl_anion,Br,2,-1,1,*-H-Br-Br-H-H
TS_BrBz_124_x4,ts,Br,3,-1,2,Br-Br-H-Br-H-H
BrBz_135,parent,Br,3,0,1,Br-H-Br-H-Br-H
BrBz_135_RA,radical_anion,Br,3,-1,2,Br-H-Br-H-Br-H
BrPh_35_rad,aryl_radical,Br,2,0,2,*-H-Br-H-Br-H
BrPh_35_anion,aryl_anion,Br,2,-1,1,*-H-Br-H-Br-H
TS_BrBz_135_x1,ts,Br,3,-1,2,Br-H-Br-H-Br-H
BrBz_1234,parent,Br,4,0,1,Br-Br-Br-Br-H-H
BrBz_1234_RA,radical_anion,Br,4,-1,2,Br-Br-Br-Br-H-H
BrPh_234_rad,aryl_radical,Br,3,0,2,*-Br-Br-Br-H-H
BrPh_234_anion,aryl_anion,Br,3,-1,1,*-Br-Br-Br-H-H
TS_BrBz_1234_x1,ts,Br,4,-1,2,Br-Br-Br-Br-H-H
BrPh_236_rad,aryl_radical,Br,3,0,2,*-Br-Br-H-H-Br
BrPh_236_anion,aryl_anion,Br,3,-1,1,*-Br-Br-H-H-Br
TS_BrBz_1234_x2,ts,Br,4,-1,2,Br-Br-Br-Br-H-H
BrBz_1235,parent,Br,4,0,1,Br-Br-Br-H-Br-H
BrBz_1235_RA,radical_anion,Br,4,-1,2,Br-Br-Br-H-Br-H
BrPh_235_rad,aryl_radical,Br,3,0,2,*-Br-Br-H-Br-H
BrPh_235_anion,aryl_anion,Br,3,-1,1,*-Br-Br-H-Br-H
TS_BrBz_1235_x1,ts,Br,4,-1,2,Br-Br-Br-H-Br-H
BrPh_246_rad,aryl_radical,Br,3,0,2,*-Br-H-Br-H-Br
BrPh_246_anion,aryl_anion,Br,3,-1,1,*-Br-H-Br-H-Br
TS_BrBz_1235_x2,ts,Br,4,-1,2,Br-Br-Br-H-Br-H
BrPh_345_rad,aryl_radical,Br,3,0,2,*-H-Br-Br-Br-H
BrPh_345_anion,aryl_anion,Br,3,-1,1,*-H-Br-Br-Br-H
TS_BrBz_1235_x5,ts,Br,4,-1,2,Br-Br-Br-H-Br-H
BrBz_1245,parent,Br,4,0,1,Br-Br-H-Br-Br-H
BrBz_1245_RA,radical_anion,Br,4,-1,2,Br-Br-H-Br-Br-H
BrPh_245_rad,aryl_radical,Br,3,0,2,*-Br-H-Br-Br-H
BrPh_245_anion,aryl_anion,Br,3,-1,1,*-Br-H-Br-Br-H
TS_BrBz_1245_x1,ts,Br,4,-1,2,Br-Br-H-Br-Br-H
BrBz_12345,parent,Br,5,0,1,Br-Br-Br-Br-Br-H
BrBz_12345_RA,radical_anion,Br,5,-1,2,Br-Br-Br-Br-Br-H
BrPh_2345_rad,aryl_radical,Br,4,0,2,*-Br-Br-Br-Br-H
BrPh_2345_anion,aryl_anion,Br,4,-1,1,*-Br-Br-Br-Br-H
TS_BrBz_12345_x1,ts,Br,5,-1,2,Br-Br-Br-Br-Br-H
BrPh_2346_rad,aryl_radical,Br,4,0,2,*-Br-Br-Br-H-Br
BrPh_2346_anion,aryl_anion,Br,4,-1,1,*-Br-Br-Br-H-Br
TS_BrBz_12345_x2,ts,Br,5,-1,2,Br-Br-Br-Br-Br-H
BrPh_2356_rad,aryl_radical,Br,4,0,2,*-Br-Br-H-Br-Br
BrPh_2356_anion,aryl_anion,Br,4,-1,1,*-Br-Br-H-Br-Br
TS_BrBz_12345_x3,ts,Br,5,-1,2,Br-Br-Br-Br-Br-H
BrBz_123456,parent,Br,6,0,1,Br-Br-Br-Br-Br-Br
BrBz_123456_RA,radical_anion,Br,6,-1,2,Br-Br-Br-Br-Br-Br
BrPh_23456_rad,aryl_radical,Br,5,0,2,*-Br-Br-Br-Br-Br
BrPh_23456_anion,aryl_anion,Br,5,-1,1,*-Br-Br-Br-Br-Br
TS_BrBz_123456_x1,ts,Br,6,-1,2,Br-Br-Br-Br-Br-Br
