stage,level,name,kind,halogen,n_X,charge,mult,status,flags,E_scf,G,H,ZPE,G_corr,homo,lumo,lumo_eV,S2,n_imag,lowest_freq,wall_hours
am1,am1,Bz,parent,,0,0,1,ok,,0.349527239627,,,,,-0.35474,0.02039,0.5548,,0,,0.001
am1,am1,ClBz_1,parent,Cl,1,0,1,ok,,0.234317564597,,,,,-0.35136,0.00569,0.1548,,0,,0.001
am1,am1,ClBz_1_RA,radical_anion,Cl,1,-1,2,ok,,0.114060546283,,,,,-0.0341,0.21613,5.8812,0.8417,0,,0.001
am1,am1,Ph_rad,aryl_radical,,0,0,2,ok,,0.116436111257,,,,,-0.36494,0.01654,0.4501,1.153,0,,0.001
am1,am1,Ph_anion,aryl_anion,,0,-1,1,ok,,0.912947122504,,,,,-0.0751,0.22016,5.9909,,0,,0.001
am1,am1,ClBz_12,parent,Cl,2,0,1,ok,,0.145493227207,,,,,-0.35286,-0.00522,-0.142,,0,,0.001
am1,am1,ClBz_12_RA,radical_anion,Cl,2,-1,2,ok,,-0.987187921788,,,,,-0.04821,0.19811,5.3908,0.8255,0,,0.001
am1,am1,ClPh_2_rad,aryl_radical,Cl,1,0,2,ok,,0.106844175705,,,,,-0.3603,0.00331,0.0901,1.2012,0,,0.001
am1,am1,ClPh_2_anion,aryl_anion,Cl,1,-1,1,ok,,0.656626763375,,,,,-0.09498,0.19939,5.4257,,0,,0.001
am1,am1,ClBz_13,parent,Cl,2,0,1,ok,,0.129155575318,,,,,-0.35579,-0.00579,-0.1576,,0,,0.001
am1,am1,ClBz_13_RA,radical_anion,Cl,2,-1,2,ok,,-0.133200370965,,,,,-0.05042,0.19666,5.3514,0.8263,0,,0.001
am1,am1,ClPh_3_rad,aryl_radical,Cl,1,0,2,ok,,0.10518570786,,,,,-0.36195,0.00335,0.0912,1.198,0,,0.001
am1,am1,ClPh_3_anion,aryl_anion,Cl,1,-1,1,ok,,0.664694832515,,,,,-0.09129,0.20057,5.4578,,0,,0.001
am1,am1,ClBz_14,parent,Cl,2,0,1,ok,,0.12568831237,,,,,-0.35011,-0.0079,-0.215,,0,,0.001
am1,am1,ClBz_14_RA,radical_anion,Cl,2,-1,2,ok,,-0.124346926012,,,,,-0.05034,0.19721,5.3664,0.8443,0,,0.001
am1,am1,ClPh_4_rad,aryl_radical,Cl,1,0,2,ok,,0.105193473664,,,,,-0.35978,0.00646,0.1758,1.1971,0,,0.001
am1,am1,ClPh_4_anion,aryl_anion,Cl,1,-1,1,ok,,0.677581289834,,,,,-0.09046,0.20379,5.5454,,0,,0.001
am1,am1,ClBz_123,parent,Cl,3,0,1,ok,,0.651717261294,,,,,-0.35956,-0.01339,-0.3644,,0,,0.001
am1,am1,ClBz_123_RA,radical_anion,Cl,3,-1,2,ok,,-0.318810337295,,,,,-0.06327,0.18591,5.0589,0.8399,0,,0.001
am1,am1,ClPh_23_rad,aryl_radical,Cl,2,0,2,ok,,0.975554670595,,,,,-0.36352,-0.00679,-0.1848,1.2523,0,,0.001
am1,am1,ClPh_23_anion,aryl_anion,Cl,2,-1,1,ok,,0.460780051385,,,,,-0.10701,0.18304,4.9808,,0,,0.001
am1,am1,ClPh_26_rad,aryl_radical,Cl,2,0,2,ok,,0.981164489447,,,,,-0.36451,-0.01027,-0.2795,1.2525,0,,0.001
am1,am1,ClPh_26_anion,aryl_anion,Cl,2,-1,1,ok,,0.425343161764,,,,,-0.11216,0.18058,4.9138,,0,,0.001
am1,am1,ClBz_124,parent,Cl,3,0,1,ok,,0.452034814853,,,,,-0.35361,-0.01723,-0.4689,,0,,0.001
am1,am1,ClBz_124_RA,radical_anion,Cl,3,-1,2,ok,,-0.365622586431,,,,,-0.06487,0.18731,5.097,0.8371,0,,0.001
am1,am1,ClPh_24_rad,aryl_radical,Cl,2,0,2,ok,,0.964422014721,,,,,-0.36264,-0.00515,-0.1401,1.2483,0,,0.001
am1,am1,ClPh_24_anion,aryl_anion,Cl,2,-1,1,ok,,0.44400470451,,,,,-0.10867,0.18464,5.0243,,0,,0.001
am1,am1,ClPh_25_rad,aryl_radical,Cl,2,0,2,ok,,0.961016465331,,,,,-0.36122,-0.00768,-0.209,1.2501,0,,0.001
am1,am1,ClPh_25_anion,aryl_anion,Cl,2,-1,1,ok,,0.427716553415,,,,,-0.10951,0.18153,4.9397,,0,,0.001
am1,am1,ClPh_34_rad,aryl_radical,Cl,2,0,2,ok,,0.964094618577,,,,,-0.36392,-0.0039,-0.1061,1.2484,0,,0.001
am1,am1,ClPh_34_anion,aryl_anion,Cl,2,-1,1,ok,,0.480861364456,,,,,-0.10365,0.18716,5.0929,,0,,0.001
am1,am1,ClBz_135,parent,Cl,3,0,1,ok,,0.333406105406,,,,,-0.36463,-0.01479,-0.4025,,0,,0.001
am1,am1,ClBz_135_RA,radical_anion,Cl,3,-1,2,ok,,-0.368483066493,,,,,-0.06559,0.18373,4.9995,0.8466,0,,0.001
am1,am1,ClPh_35_rad,aryl_radical,Cl,2,0,2,ok,,0.948762609306,,,,,-0.36455,-0.00796,-0.2166,1.2467,0,,0.001
am1,am1,ClPh_35_anion,aryl_anion,Cl,2,-1,1,ok,,0.43648202499,,,,,-0.10613,0.18329,4.9876,,0,,0.0
am1,am1,ClBz_1234,parent,Cl,4,0,1,ok,,-0.111145745126,,,,,-0.35775,-0.02393,-0.6512,,0,,0.001
am1,am1,ClBz_1234_RA,radical_anion,Cl,4,-1,2,ok,,-0.49162851092,,,,,-0.07542,0.17142,4.6646,0.8502,0,,0.001
am1,am1,ClPh_234_rad,aryl_radical,Cl,3,0,2,ok,,0.894465335411,,,,,-0.36915,-0.01299,-0.3535,1.3053,0,,0.001
am1,am1,ClPh_234_anion,aryl_anion,Cl,3,-1,1,ok,,0.293203571548,,,,,-0.11829,0.17057,4.6414,,0,,0.001
am1,am1,ClPh_236_rad,aryl_radical,Cl,3,0,2,ok,,0.891839466318,,,,,-0.36414,-0.01878,-0.511,1.3062,0,,0.001
am1,am1,ClPh_236_anion,aryl_anion,Cl,3,-1,1,ok,,0.243378060608,,,,,-0.1234,0.16559,4.5059,,0,,0.001
am1,am1,ClBz_1235,parent,Cl,4,0,1,ok,,-0.271103016178,,,,,-0.35878,-0.02512,-0.6836,,0,,0.001
am1,am1,ClBz_1235_RA,radical_anion,Cl,4,-1,2,ok,,-0.513126099547,,,,,-0.07608,0.16953,4.6131,0.8501,0,,0.001
am1,am1,ClPh_235_rad,aryl_radical,Cl,3,0,2,ok,,0.876030862355,,,,,-0.36377,-0.01753,-0.477,1.3036,0,,0.001
am1,am1,ClPh_235_anion,aryl_anion,Cl,3,-1,1,ok,,0.247206698455,,,,,-0.12067,0.16705,4.5457,,0,,0.001
am1,am1,ClPh_246_rad,aryl_radical,Cl,3,0,2,ok,,0.884955051088,,,,,-0.36942,-0.01741,-0.4738,1.3016,0,,0.001
am1,am1,ClPh_246_anion,aryl_anion,Cl,3,-1,1,ok,,0.232766655091,,,,,-0.12458,0.16725,4.5511,,0,,0.001
am1,am1,ClPh_345_rad,aryl_radical,Cl,3,0,2,ok,,0.884399551544,,,,,-0.3707,-0.01319,-0.3589,1.3033,0,,0.001
am1,am1,ClPh_345_anion,aryl_anion,Cl,3,-1,1,ok,,0.298503308676,,,,,-0.11588,0.17305,4.7089,,0,,0.001
am1,am1,ClBz_1245,parent,Cl,4,0,1,ok,,-0.317120094218,,,,,-0.35481,-0.02685,-0.7306,,0,,0.001
am1,am1,ClBz_1245_RA,radical_anion,Cl,4,-1,2,ok,,-0.504596308985,,,,,-0.07524,0.16565,4.5076,0.8277,0,,0.001
am1,am1,ClPh_245_rad,aryl_radical,Cl,3,0,2,ok,,0.88022005148,,,,,-0.36348,-0.01481,-0.403,1.3022,0,,0.001
am1,am1,ClPh_245_anion,aryl_anion,Cl,3,-1,1,ok,,0.261994691471,,,,,-0.1205,0.16962,4.6156,,0,,0.001
am1,am1,ClBz_12345,parent,Cl,5,0,1,ok,,-0.803984739684,,,,,-0.35963,-0.03269,-0.8895,,0,,0.001
am1,am1,ClBz_12345_RA,radical_anion,Cl,5,-1,2,ok,,-0.659084877962,,,,,-0.08626,0.15617,4.2496,0.8361,0,,0.001
am1,am1,ClPh_2345_rad,aryl_radical,Cl,4,0,2,ok,,0.8176760888,,,,,-0.36949,-0.02198,-0.5981,1.3616,0,,0.001
am1,am1,ClPh_2345_anion,aryl_anion,Cl,4,-1,1,ok,,0.123012933454,,,,,-0.12952,0.1575,4.2858,,0,,0.001
am1,am1,ClPh_2346_rad,aryl_radical,Cl,4,0,2,ok,,0.817457355956,,,,,-0.36839,-0.02424,-0.6596,1.3601,0,,0.001
am1,am1,ClPh_2346_anion,aryl_anion,Cl,4,-1,1,ok,,0.925310635927,,,,,-0.13342,0.15446,4.2031,,0,,0.001
am1,am1,ClPh_2356_rad,aryl_radical,Cl,4,0,2,ok,,0.809268621931,,,,,-0.36539,-0.02721,-0.7404,1.3613,0,,0.001
am1,am1,ClPh_2356_anion,aryl_anion,Cl,4,-1,1,ok,,0.733628277601,,,,,-0.1338,0.15213,4.1397,,0,,0.001
am1,am1,ClBz_123456,parent,Cl,6,0,1,ok,,-0.126186850418,,,,,-0.36423,-0.03822,-1.04,,0,,0.001
am1,am1,ClBz_123456_RA,radical_anion,Cl,6,-1,2,ok,,-0.800680190705,,,,,-0.09609,0.14632,3.9816,0.8269,0,,0.001
am1,am1,ClPh_23456_rad,aryl_radical,Cl,5,0,2,ok,,0.756915490913,,,,,-0.37132,-0.03122,-0.8495,1.4194,0,,0.001
am1,am1,ClPh_23456_anion,aryl_anion,Cl,5,-1,1,ok,,-0.377042982149,,,,,-0.14211,0.14324,3.8978,,0,,0.001
am1,am1,BrBz_1,parent,Br,1,0,1,ok,,0.424935204317,,,,,-0.35283,0.00218,0.0593,,0,,0.001
am1,am1,BrBz_1_RA,radical_anion,Br,1,-1,2,ok,,0.259408064979,,,,,-0.05817,0.1858,5.0559,0.9913,0,,0.001
am1,am1,BrBz_12,parent,Br,2,0,1,ok,,0.513414069555,,,,,-0.35637,-0.01057,-0.2876,,0,,0.001
am1,am1,BrBz_12_RA,radical_anion,Br,2,-1,2,ok,,0.510771155347,,,,,-0.02985,0.15336,4.1731,0.7603,0,,0.001
am1,am1,BrPh_2_rad,aryl_radical,Br,1,0,2,ok,,0.204843753364,,,,,-0.32213,-0.09854,-2.6814,1.0126,0,,0.001
am1,am1,BrPh_2_anion,aryl_anion,Br,1,-1,1,ok,,0.822207658248,,,,,-0.09626,0.1954,5.3171,,0,,0.001
am1,am1,BrBz_13,parent,Br,2,0,1,ok,,0.510892538588,,,,,-0.35815,-0.01087,-0.2958,,0,,0.001
am1,am1,BrBz_13_RA,radical_anion,Br,2,-1,2,ok,,0.392444968751,,,,,-0.03608,0.12105,3.2939,1.1399,0,,0.001
am1,am1,BrPh_3_rad,aryl_radical,Br,1,0,2,ok,,0.124354196661,,,,,-0.36357,-0.00103,-0.028,1.1919,0,,0.001
am1,am1,BrPh_3_anion,aryl_anion,Br,1,-1,1,ok,,0.840987228807,,,,,-0.09308,0.19225,5.2314,,0,,0.001
am1,am1,BrBz_14,parent,Br,2,0,1,ok,,0.508909730887,,,,,-0.35377,-0.01446,-0.3935,,0,,0.001
am1,am1,BrBz_14_RA,radical_anion,Br,2,-1,2,ok,,0.494086543196,,,,,-0.02155,0.11092,3.0183,0.768,0,,0.001
am1,am1,BrPh_4_rad,aryl_radical,Br,1,0,2,ok,,0.124307112316,,,,,-0.36151,0.00172,0.0468,1.1848,0,,0.001
am1,am1,BrPh_4_anion,aryl_anion,Br,1,-1,1,ok,,0.844475778265,,,,,-0.09328,0.19229,5.2325,,0,,0.0
am1,am1,BrBz_123,parent,Br,3,0,1,ok,,0.609815450739,,,,,-0.36313,-0.01895,-0.5157,,0,,0.001
am1,am1,BrBz_123_RA,radical_anion,Br,3,-1,2,ok,,0.273759709219,,,,,-0.07523,0.152,4.1361,1.0071,0,,0.001
am1,am1,BrPh_23_rad,aryl_radical,Br,2,0,2,ok,,0.132894873659,,,,,-0.36625,-0.01159,-0.3154,1.2327,0,,0.001
am1,am1,BrPh_23_anion,aryl_anion,Br,2,-1,1,ok,,0.794350874554,,,,,-0.10949,0.17534,4.7712,,0,,0.001
am1,am1,BrPh_26_rad,aryl_radical,Br,2,0,2,ok,,0.237348016301,,,,,-0.2922,-0.13701,-3.7282,0.8262,0,,0.001
am1,am1,BrPh_26_anion,aryl_anion,Br,2,-1,1,ok,,0.761838717666,,,,,-0.11409,0.17305,4.7089,,0,,0.001
am1,am1,BrBz_124,parent,Br,3,0,1,ok,,0.605628313699,,,,,-0.35855,-0.02483,-0.6757,,0,,0.001
am1,am1,BrBz_124_RA,radical_anion,Br,3,-1,2,ok,,0.498025008327,,,,,-0.04111,0.14002,3.8101,0.7815,0,,0.001
am1,am1,BrPh_24_rad,aryl_radical,Br,2,0,2,ok,,0.213066190984,,,,,-0.32943,-0.10879,-2.9603,1.0146,0,,0.001
am1,am1,BrPh_24_anion,aryl_anion,Br,2,-1,1,ok,,0.780849741595,,,,,-0.11228,0.17522,4.768,,0,,0.001
am1,am1,BrPh_25_rad,aryl_radical,Br,2,0,2,ok,,0.213510080832,,,,,-0.33161,-0.1085,-2.9524,1.033,0,,0.001
am1,am1,BrPh_25_anion,aryl_anion,Br,2,-1,1,ok,,0.774658210208,,,,,-0.11228,0.17373,4.7274,,0,,0.0
am1,am1,BrPh_34_rad,aryl_radical,Br,2,0,2,ok,,0.13335823121,,,,,-0.36665,-0.00912,-0.2482,1.2298,0,,0.001
am1,am1,BrPh_34_anion,aryl_anion,Br,2,-1,1,ok,,0.81586305105,,,,,-0.1076,0.17288,4.7043,,0,,0.0
am1,am1,BrBz_135,parent,Br,3,0,1,ok,,0.606172963845,,,,,-0.36677,-0.0201,-0.5469,,0,,0.001
am1,am1,BrBz_135_RA,radical_anion,Br,3,-1,2,ok,,0.423838482336,,,,,-0.03489,0.11898,3.2376,1.2094,0,,0.0
am1,am1,BrPh_35_rad,aryl_radical,Br,2,0,2,ok,,0.133229875208,,,,,-0.36757,-0.01519,-0.4133,1.2341,0,,0.001
am1,am1,BrPh_35_anion,aryl_anion,Br,2,-1,1,ok,,0.793920673074,,,,,-0.10922,0.17144,4.6651,,0,,0.001
am1,am1,BrBz_1234,parent,Br,4,0,1,ok,,0.711098958201,,,,,-0.36244,-0.03144,-0.8555,,0,,0.0
am1,am1,BrBz_1234_RA,radical_anion,Br,4,-1,2,ok,,0.542975745533,,,,,-0.04966,0.13132,3.5734,0.7636,0,,0.001
am1,am1,BrPh_234_rad,aryl_radical,Br,3,0,2,ok,,0.142546285149,,,,,-0.37109,-0.01843,-0.5015,1.2728,0,,0.001
am1,am1,BrPh_234_anion,aryl_anion,Br,3,-1,1,ok,,0.787828275613,,,,,-0.12266,0.15912,4.3299,,0,,0.001
am1,am1,BrPh_236_rad,aryl_radical,Br,3,0,2,ok,,0.142044115222,,,,,-0.36831,-0.02425,-0.6599,1.2779,0,,0.001
am1,am1,BrPh_236_anion,aryl_anion,Br,3,-1,1,ok,,0.75131164534,,,,,-0.12629,0.15476,4.2112,,0,,0.001
am1,am1,BrBz_1235,parent,Br,4,0,1,ok,,0.709466627932,,,,,-0.36399,-0.03307,-0.8999,,0,,0.0
am1,am1,BrBz_1235_RA,radical_anion,Br,4,-1,2,ok,,0.280964544596,,,,,-0.08588,0.13672,3.7203,0.9852,0,,0.001
am1,am1,BrPh_235_rad,aryl_radical,Br,3,0,2,ok,,0.142244377287,,,,,-0.36835,-0.02508,-0.6825,1.2807,0,,0.001
am1,am1,BrPh_235_anion,aryl_anion,Br,3,-1,1,ok,,0.765520872867,,,,,-0.12413,0.15689,4.2692,,0,,0.001
am1,am1,BrPh_246_rad,aryl_radical,Br,3,0,2,ok,,0.142534446006,,,,,-0.37273,-0.02235,-0.6082,1.2669,0,,0.001
am1,am1,BrPh_246_anion,aryl_anion,Br,3,-1,1,ok,,0.743032662492,,,,,-0.12867,0.15933,4.3356,,0,,0.001
am1,am1,BrPh_345_rad,aryl_radical,Br,3,0,2,ok,,0.143144351822,,,,,-0.37303,-0.02027,-0.5516,1.2769,0,,0.001
am1,am1,BrPh_345_anion,aryl_anion,Br,3,-1,1,ok,,0.804509133179,,,,,-0.12087,0.15542,4.2292,,0,,0.001
am1,am1,BrBz_1245,parent,Br,4,0,1,ok,,0.706819824683,,,,,-0.3613,-0.03601,-0.9799,,0,,0.001
am1,am1,BrBz_1245_RA,radical_anion,Br,4,-1,2,ok,,0.62393305201,,,,,-0.02201,0.12285,3.3429,0.758,0,,0.001
am1,am1,BrPh_245_rad,aryl_radical,Br,3,0,2,ok,,0.142578353537,,,,,-0.36816,-0.0236,-0.6422,1.2752,0,,0.001
am1,am1,BrPh_245_anion,aryl_anion,Br,3,-1,1,ok,,0.77039775286,,,,,-0.12525,0.15957,4.3421,,0,,0.001
am1,am1,BrBz_12345,parent,Br,5,0,1,ok,,0.818332743475,,,,,-0.36553,-0.04139,-1.1263,,0,,0.001
am1,am1,BrBz_12345_RA,radical_anion,Br,5,-1,2,ok,,0.628301891171,,,,,-0.0432,0.12425,3.381,1.049,0,,0.001
am1,am1,BrPh_2345_rad,aryl_radical,Br,4,0,2,ok,,0.152684908136,,,,,-0.37295,-0.02952,-0.8033,1.3249,0,,0.001
am1,am1,BrPh_2345_anion,aryl_anion,Br,4,-1,1,ok,,0.790942971038,,,,,-0.13471,0.14472,3.938,,0,,0.001
am1,am1,BrPh_2346_rad,aryl_radical,Br,4,0,2,ok,,0.152342952316,,,,,-0.37331,-0.03171,-0.8629,1.32,0,,0.001
am1,am1,BrPh_2346_anion,aryl_anion,Br,4,-1,1,ok,,0.762853482291,,,,,-0.13817,0.14334,3.9005,,0,,0.001
am1,am1,BrPh_2356_rad,aryl_radical,Br,4,0,2,ok,,0.151755904277,,,,,-0.37074,-0.03361,-0.9146,1.3286,0,,0.001
am1,am1,BrPh_2356_anion,aryl_anion,Br,4,-1,1,ok,,0.755099322253,,,,,-0.13731,0.13909,3.7848,,0,,0.001
am1,am1,BrBz_123456,parent,Br,6,0,1,ok,,0.932617529625,,,,,-0.36942,-0.04632,-1.2604,,0,,0.001
am1,am1,BrBz_123456_RA,radical_anion,Br,6,-1,2,ok,,0.138413407411,,,,,-0.11148,0.1341,3.649,0.8582,0,,0.001
am1,am1,BrPh_23456_rad,aryl_radical,Br,5,0,2,ok,,0.162674372137,,,,,-0.3756,-0.03819,-1.0392,1.373,0,,0.001
am1,am1,BrPh_23456_anion,aryl_anion,Br,5,-1,1,ok,,0.79358632088,,,,,-0.14696,0.13052,3.5516,,0,,0.001
b3lyp_gas,b3lyp_gas,Bz,parent,,0,0,1,ok,,-232.300769073,-232.225873,-232.195393,0.100019,0.074896,-0.25911,-0.01593,-0.4335,,0,409.808,0.01
b3lyp_gas,b3lyp_gas,Cl_anion,halide,Cl,1,-1,1,ok,,-460.303727292,-460.31875,-460.301367,0.0,-0.015023,-0.02736,0.22796,6.2031,,0,,0.001
b3lyp_gas,b3lyp_gas,ClBz_1,parent,Cl,1,0,1,ok,,-691.925465498,-691.864028,-691.828427,0.090577,0.061438,-0.25694,-0.03027,-0.8237,,0,186.58,0.019
b3lyp_gas,b3lyp_gas,ClBz_1_RA,radical_anion,Cl,1,-1,2,ok,,-691.906992941,-691.848492,-691.81112,0.0892,0.058501,0.05308,0.07786,2.1187,0.75,0,154.4368,0.502
b3lyp_gas,b3lyp_gas,Ph_rad,aryl_radical,,0,0,2,ok,,-231.613608372,-231.554087,-231.521354,0.086915,0.059521,-0.25007,-0.09393,-2.556,0.7572,0,400.1224,0.02
b3lyp_gas,b3lyp_gas,Ph_anion,aryl_anion,,0,-1,1,ok,,-231.651199741,-231.593618,-231.561305,0.084426,0.057582,0.01916,0.10247,2.7884,,0,352.292,0.013
b3lyp_gas,b3lyp_gas,ClBz_12,parent,Cl,2,0,1,ok,,-1151.54477637,-1151.494889,-1151.456028,0.081143,0.049887,-0.2609,-0.04043,-1.1002,,0,134.4908,0.021
b3lyp_gas,b3lyp_gas,ClBz_12_RA,radical_anion,Cl,2,-1,2,fail,n_imag=1 (want 0; lowest -250.0),-1151.54373815,-1151.502248,-1151.458884,0.076476,0.04149,0.00344,0.07315,1.9905,0.7525,1,-249.9648,0.132
b3lyp_gas,b3lyp_gas,ClPh_2_rad,aryl_radical,Cl,1,0,2,ok,,-691.235856651,-691.188709,-691.151806,0.077592,0.047148,-0.26104,-0.11608,-3.1587,0.7577,0,180.4305,0.041
b3lyp_gas,b3lyp_gas,ClPh_2_anion,aryl_anion,Cl,1,-1,1,ok,,-691.300158294,-691.254931,-691.218086,0.075328,0.045227,-0.01417,0.09558,2.6009,,0,154.952,0.045
b3lyp_gas,b3lyp_gas,ClBz_13,parent,Cl,2,0,1,ok,,-1151.54863485,-1151.498974,-1151.459962,0.08104,0.04966,-0.26355,-0.04252,-1.157,,0,166.2772,0.033
b3lyp_gas,b3lyp_gas,ClBz_13_RA,radical_anion,Cl,2,-1,2,fail,error:unknown; no_free_energy,-1151.53118836,,,,,,,,0.7598,0,,0.049
b3lyp_gas,b3lyp_gas,ClPh_3_rad,aryl_radical,Cl,1,0,2,ok,,-691.237898585,-691.190779,-691.153943,0.077511,0.047119,-0.26255,-0.10892,-2.9639,0.7575,0,183.1925,0.041
b3lyp_gas,b3lyp_gas,ClPh_3_anion,aryl_anion,Cl,1,-1,1,ok,,-691.292574969,-691.247077,-691.210467,0.075463,0.045498,-0.00042,0.09998,2.7206,,0,166.1191,0.031
b3lyp_gas,b3lyp_gas,ClBz_14,parent,Cl,2,0,1,ok,,-1151.54871049,-1151.498339,-1151.459984,0.081082,0.050372,-0.2569,-0.04351,-1.184,,0,100.7939,0.014
b3lyp_gas,b3lyp_gas,ClBz_14_RA,radical_anion,Cl,2,-1,2,ok,,-1151.53459481,-1151.493146,-1151.451965,0.073909,0.041449,0.06019,0.1012,2.7538,0.7563,0,59.171,0.066
b3lyp_gas,b3lyp_gas,ClPh_4_rad,aryl_radical,Cl,1,0,2,ok,,-691.236834602,-691.189001,-691.152842,0.077558,0.047833,-0.2581,-0.10628,-2.892,0.7576,0,198.4208,0.029
b3lyp_gas,b3lyp_gas,ClPh_4_anion,aryl_anion,Cl,1,-1,1,ok,,-691.288688811,-691.242367,-691.206536,0.075565,0.046321,0.00363,0.10594,2.8828,,0,178.5731,0.018
b3lyp_gas,b3lyp_gas,ClBz_123,parent,Cl,3,0,1,ok,,-1611.16279906,-1611.124527,-1611.082433,0.071562,0.038272,-0.26921,-0.04877,-1.3271,,0,82.7572,0.02
b3lyp_gas,b3lyp_gas,ClBz_123_RA,radical_anion,Cl,3,-1,2,warn,RA_dissociated(C3-X 2.55 A),-1611.18362974,-1611.153317,-1611.105633,0.067986,0.030313,-0.03983,0.05737,1.5611,0.7582,0,25.0406,0.382
b3lyp_gas,b3lyp_gas,ClPh_23_rad,aryl_radical,Cl,2,0,2,ok,,-1150.85574819,-1150.820191,-1150.779981,0.068153,0.035557,-0.26661,-0.12663,-3.4458,0.7579,0,135.6,0.052
b3lyp_gas,b3lyp_gas,ClPh_23_anion,aryl_anion,Cl,2,-1,1,ok,,-1150.93153528,-1150.897717,-1150.857472,0.06617,0.033819,-0.02579,0.09391,2.5554,,0,93.3459,0.066
b3lyp_gas,b3lyp_gas,ClPh_26_rad,aryl_radical,Cl,2,0,2,ok,,-1150.85668059,-1150.82061,-1150.780843,0.068187,0.036071,-0.26888,-0.13619,-3.7059,0.7582,0,162.2676,0.045
b3lyp_gas,b3lyp_gas,ClPh_26_anion,aryl_anion,Cl,2,-1,1,ok,,-1150.94548085,-1150.911062,-1150.871299,0.066214,0.034419,-0.04379,0.09151,2.4901,,0,156.6105,0.031
b3lyp_gas,b3lyp_gas,ClBz_124,parent,Cl,3,0,1,ok,,-1611.16693716,-1611.129495,-1611.086569,0.07153,0.037442,-0.26261,-0.05243,-1.4267,,0,94.9886,0.064
b3lyp_gas,b3lyp_gas,ClBz_124_RA,radical_anion,Cl,3,-1,2,warn,RA_dissociated(C2-X 2.55 A),-1611.18816676,-1611.158208,-1611.110169,0.067942,0.029959,-0.04134,0.06076,1.6534,0.7581,0,28.6106,0.869
b3lyp_gas,b3lyp_gas,ClPh_24_rad,aryl_radical,Cl,2,0,2,ok,,-1150.85773358,-1150.822318,-1150.782006,0.068103,0.035416,-0.26479,-0.12666,-3.4466,0.7581,0,161.4387,0.089
b3lyp_gas,b3lyp_gas,ClPh_24_anion,aryl_anion,Cl,2,-1,1,ok,,-1150.93412713,-1150.900239,-1150.859996,0.066233,0.033888,-0.02623,0.0999,2.7184,,0,147.9947,0.08
b3lyp_gas,b3lyp_gas,ClPh_25_rad,aryl_radical,Cl,2,0,2,ok,,-1150.85877379,-1150.82336,-1150.783022,0.068104,0.035414,-0.26126,-0.12916,-3.5146,0.7579,0,98.0603,0.079
b3lyp_gas,b3lyp_gas,ClPh_25_anion,aryl_anion,Cl,2,-1,1,ok,,-1150.93766275,-1150.903772,-1150.863497,0.066247,0.03389,-0.02915,0.09829,2.6746,,0,83.884,0.065
b3lyp_gas,b3lyp_gas,ClPh_34_rad,aryl_radical,Cl,2,0,2,ok,,-1150.85601241,-1150.820473,-1150.780371,0.068051,0.035539,-0.26334,-0.11732,-3.1924,0.7578,0,135.8927,0.053
b3lyp_gas,b3lyp_gas,ClPh_34_anion,aryl_anion,Cl,2,-1,1,ok,,-1150.92050658,-1150.886297,-1150.846383,0.06633,0.034209,-0.01057,0.10331,2.8112,,0,127.4307,0.042
b3lyp_gas,b3lyp_gas,ClBz_135,parent,Cl,3,0,1,ok,,-1611.17043496,-1611.131516,-1611.09015,0.071419,0.038919,-0.27458,-0.05244,-1.427,,0,133.9577,0.024
b3lyp_gas,b3lyp_gas,ClBz_135_RA,radical_anion,Cl,3,-1,2,warn,RA_dissociated(C3-X 2.57 A),-1611.19112756,-1611.161597,-1611.11323,0.067776,0.029531,-0.03813,0.06105,1.6613,0.7588,0,29.2543,0.903
b3lyp_gas,b3lyp_gas,ClPh_35_rad,aryl_radical,Cl,2,0,2,ok,,-1150.86073896,-1150.824757,-1150.785138,0.06798,0.035982,-0.2699,-0.12294,-3.3454,0.7577,0,166.7954,0.03
b3lyp_gas,b3lyp_gas,ClPh_35_anion,aryl_anion,Cl,2,-1,1,ok,,-1150.93147158,-1150.896955,-1150.857356,0.066214,0.034516,-0.0192,0.1067,2.9035,,0,159.7578,0.022
b3lyp_gas,b3lyp_gas,ClBz_1234,parent,Cl,4,0,1,ok,,-2070.77998322,-2070.753513,-2070.708144,0.061778,0.02647,-0.26675,-0.05722,-1.557,,0,78.8458,0.03
b3lyp_gas,b3lyp_gas,ClBz_1234_RA,radical_anion,Cl,4,-1,2,warn,RA_dissociated(C3-X 2.39 A),-2070.81051918,-2070.7911,-2070.740938,0.058409,0.019419,-0.04405,0.04675,1.2721,0.7562,0,34.3737,1.062
b3lyp_gas,b3lyp_gas,ClPh_234_rad,aryl_radical,Cl,3,0,2,ok,,-1610.47280485,-1610.448779,-1610.405352,0.05865,0.024026,-0.26992,-0.13389,-3.6433,0.7583,0,82.1377,0.072
b3lyp_gas,b3lyp_gas,ClPh_234_anion,aryl_anion,Cl,3,-1,1,ok,,-1610.55709931,-1610.53467,-1610.491143,0.056862,0.022429,-0.03476,0.09549,2.5984,,0,60.697,0.057
b3lyp_gas,b3lyp_gas,ClPh_236_rad,aryl_radical,Cl,3,0,2,ok,,-1610.475588,-1610.451749,-1610.408022,0.058699,0.023839,-0.26722,-0.14533,-3.9546,0.7584,0,92.3708,0.065
b3lyp_gas,b3lyp_gas,ClPh_236_anion,aryl_anion,Cl,3,-1,1,ok,,-1610.57413451,-1610.551764,-1610.508037,0.056953,0.02237,-0.05294,0.09305,2.532,,0,70.5055,0.053
b3lyp_gas,b3lyp_gas,ClBz_1235,parent,Cl,4,0,1,ok,,-2070.78392022,-2070.757434,-2070.711942,0.061904,0.026486,-0.26923,-0.06011,-1.6357,,0,73.1761,0.037
b3lyp_gas,b3lyp_gas,ClBz_1235_RA,radical_anion,Cl,4,-1,2,warn,RA_dissociated(C3-X 2.49 A),-2070.81420585,-2070.795636,-2070.744472,0.058451,0.01857,-0.04618,0.04656,1.267,0.7578,0,22.3271,0.636
b3lyp_gas,b3lyp_gas,ClPh_235_rad,aryl_radical,Cl,3,0,2,ok,,-1610.47761306,-1610.453819,-1610.410173,0.058591,0.023794,-0.26776,-0.13939,-3.793,0.7582,0,93.2174,0.102
b3lyp_gas,b3lyp_gas,ClPh_235_anion,aryl_anion,Cl,3,-1,1,ok,,-1610.56770538,-1610.545417,-1610.50168,0.056884,0.022289,-0.04161,0.10204,2.7766,,0,68.0775,0.097
b3lyp_gas,b3lyp_gas,ClPh_246_rad,aryl_radical,Cl,3,0,2,ok,,-1610.47737125,-1610.453046,-1610.409885,0.058606,0.024325,-0.27428,-0.14556,-3.9609,0.7585,0,127.9659,0.056
b3lyp_gas,b3lyp_gas,ClPh_246_anion,aryl_anion,Cl,3,-1,1,ok,,-1610.57676042,-1610.553796,-1610.510643,0.056924,0.022965,-0.05447,0.09859,2.6828,,0,129.7607,0.075
b3lyp_gas,b3lyp_gas,ClPh_345_rad,aryl_radical,Cl,3,0,2,ok,,-1610.47385194,-1610.449342,-1610.406624,0.058425,0.02451,-0.27099,-0.12832,-3.4918,0.7579,0,83.1109,0.037
b3lyp_gas,b3lyp_gas,ClPh_345_anion,aryl_anion,Cl,3,-1,1,ok,,-1610.55099252,-1610.527691,-1610.484982,0.056939,0.023301,-0.02553,0.0928,2.5252,,0,80.0807,0.05
b3lyp_gas,b3lyp_gas,ClBz_1245,parent,Cl,4,0,1,ok,,-2070.78450446,-2070.757347,-2070.712469,0.06196,0.027158,-0.26543,-0.06136,-1.6697,,0,68.0669,0.069
b3lyp_gas,b3lyp_gas,ClBz_1245_RA,radical_anion,Cl,4,-1,2,fail,n_imag=1 (want 0; lowest -32.7),-2070.79917569,-2070.779278,-2070.732658,0.056024,0.019898,0.02056,0.07332,1.9951,0.7548,1,-32.6518,0.093
b3lyp_gas,b3lyp_gas,ClPh_245_rad,aryl_radical,Cl,3,0,2,ok,,-1610.47593039,-1610.452145,-1610.408547,0.058544,0.023785,-0.26553,-0.13665,-3.7184,0.7582,0,94.2031,0.158
b3lyp_gas,b3lyp_gas,ClPh_245_anion,aryl_anion,Cl,3,-1,1,ok,,-1610.5635878,-1610.541102,-1610.497546,0.056932,0.022486,-0.03847,0.09892,2.6918,,0,80.0951,0.052
b3lyp_gas,b3lyp_gas,ClBz_12345,parent,Cl,5,0,1,ok,,-2530.39637565,-2530.381618,-2530.332993,0.052048,0.014758,-0.27026,-0.0656,-1.7851,,0,66.5052,0.045
b3lyp_gas,b3lyp_gas,ClBz_12345_RA,radical_anion,Cl,5,-1,2,warn,RA_dissociated(C3-X 2.35 A),-2530.43559388,-2530.427813,-2530.374351,0.048788,0.007781,-0.04949,0.03552,0.9665,0.7561,0,34.4774,0.437
b3lyp_gas,b3lyp_gas,ClPh_2345_rad,aryl_radical,Cl,4,0,2,ok,,-2070.08976208,-2070.077597,-2070.030852,0.048832,0.012165,-0.27047,-0.1442,-3.9239,0.7584,0,78.9483,0.082
b3lyp_gas,b3lyp_gas,ClPh_2345_anion,aryl_anion,Cl,4,-1,1,ok,,-2070.18559548,-2070.174861,-2070.12794,0.047278,0.010734,-0.04787,0.08442,2.2972,,0,57.3939,0.072
b3lyp_gas,b3lyp_gas,ClPh_2346_rad,aryl_radical,Cl,4,0,2,ok,,-2070.09179091,-2070.079518,-2070.032576,0.049115,0.012273,-0.2725,-0.152,-4.1361,0.7587,0,72.5717,0.094
b3lyp_gas,b3lyp_gas,ClPh_2346_anion,aryl_anion,Cl,4,-1,1,ok,,-2070.1980519,-2070.1872,-2070.140175,0.047477,0.010852,-0.06134,0.08732,2.3761,,0,53.3468,0.073
b3lyp_gas,b3lyp_gas,ClPh_2356_rad,aryl_radical,Cl,4,0,2,ok,,-2070.09377795,-2070.0808,-2070.034431,0.049239,0.012978,-0.26995,-0.15461,-4.2072,0.7587,0,66.327,0.043
b3lyp_gas,b3lyp_gas,ClPh_2356_anion,aryl_anion,Cl,4,-1,1,ok,,-2070.20219901,-2070.190711,-2070.144251,0.047572,0.011488,-0.06322,0.09944,2.7059,,0,42.8067,0.035
b3lyp_gas,b3lyp_gas,ClBz_123456,parent,Cl,6,0,1,ok,,-2990.00752695,-2990.002693,-2989.952664,0.04228,0.004834,-0.27483,-0.07332,-1.9951,,0,64.1752,0.023
b3lyp_gas,b3lyp_gas,ClBz_123456_RA,radical_anion,Cl,6,-1,2,ok,,-2990.05253867,-2990.058275,-2990.000812,0.037887,-0.005737,-0.01664,0.03608,0.9818,0.7571,0,9.7128,1.037
b3lyp_gas,b3lyp_gas,ClPh_23456_rad,aryl_radical,Cl,5,0,2,ok,,-2529.7050824,-2529.703861,-2529.654388,0.039318,0.001221,-0.27479,-0.15902,-4.3272,0.7589,0,64.9044,0.083
b3lyp_gas,b3lyp_gas,ClPh_23456_anion,aryl_anion,Cl,5,-1,1,ok,,-2529.81882392,-2529.8191,-2529.769397,0.037771,-0.000276,-0.06948,0.07588,2.0648,,0,36.7361,0.067
b3lyp_gas,b3lyp_gas,Br_anion,halide,Br,1,-1,1,ok,,-2574.23783781,-2574.254013,-2574.235477,0.0,-0.016176,-0.03077,0.18136,4.9351,,0,,0.001
b3lyp_gas,b3lyp_gas,BrBz_1,parent,Br,1,0,1,ok,,-2805.84521223,-2805.785425,-2805.748475,0.090049,0.059787,-0.25372,-0.03086,-0.8397,,0,166.5187,0.052
b3lyp_gas,b3lyp_gas,BrBz_1_RA,radical_anion,Br,1,-1,2,warn,RA_dissociated(C1-X 2.85 A),-2805.85921271,-2805.807379,-2805.765106,0.086241,0.051834,-0.02604,0.07623,2.0743,0.7585,0,38.2951,0.082
b3lyp_gas,b3lyp_gas,BrBz_12,parent,Br,2,0,1,ok,,-5379.38365087,-5379.337249,-5379.295703,0.079814,0.046402,-0.25723,-0.04442,-1.2087,,0,113.9615,0.022
b3lyp_gas,b3lyp_gas,BrBz_12_RA,radical_anion,Br,2,-1,2,warn,RA_dissociated(C2-X 2.69 A),-5379.41062458,-5379.371835,-5379.324821,0.076618,0.03879,-0.03406,0.05888,1.6022,0.758,0,34.3878,0.141
b3lyp_gas,b3lyp_gas,BrPh_2_rad,aryl_radical,Br,1,0,2,ok,,-2805.15649433,-2805.111151,-2805.072846,0.076942,0.045344,-0.25747,-0.11619,-3.1617,0.7578,0,160.3937,0.08
b3lyp_gas,b3lyp_gas,BrPh_2_anion,aryl_anion,Br,1,-1,1,ok,,-2805.22442581,-2805.181249,-2805.142478,0.074821,0.043177,-0.02656,0.09273,2.5233,,0,133.1815,0.058
b3lyp_gas,b3lyp_gas,BrBz_13,parent,Br,2,0,1,ok,,-5379.38815561,-5379.341891,-5379.300163,0.079853,0.046265,-0.25971,-0.04375,-1.1905,,0,129.6202,0.043
b3lyp_gas,b3lyp_gas,BrBz_13_RA,radical_anion,Br,2,-1,2,warn,RA_dissociated(C3-X 2.73 A),-5379.41344648,-5379.375129,-5379.327732,0.076478,0.038318,-0.03201,0.06018,1.6376,0.7589,0,36.4207,0.147
b3lyp_gas,b3lyp_gas,BrPh_3_rad,aryl_radical,Br,1,0,2,ok,,-2805.15787524,-2805.112493,-2805.07429,0.076904,0.045382,-0.25922,-0.11033,-3.0022,0.7575,0,164.0882,0.081
b3lyp_gas,b3lyp_gas,BrPh_3_anion,aryl_anion,Br,1,-1,1,ok,,-2805.21545786,-2805.17186,-2805.133708,0.074808,0.043598,-0.00611,0.09812,2.67,,0,146.6451,0.055
b3lyp_gas,b3lyp_gas,BrBz_14,parent,Br,2,0,1,ok,,-5379.38824776,-5379.341322,-5379.30024,0.079841,0.046926,-0.25312,-0.04414,-1.2011,,0,76.549,0.039
b3lyp_gas,b3lyp_gas,BrBz_14_RA,radical_anion,Br,2,-1,2,warn,RA_dissociated(C1-X 2.78 A),-5379.41112002,-5379.372872,-5379.325258,0.076627,0.038248,-0.03324,0.07203,1.96,0.7584,0,20.4889,0.18
b3lyp_gas,b3lyp_gas,BrPh_4_rad,aryl_radical,Br,1,0,2,ok,,-2805.15672085,-2805.110631,-2805.073104,0.076944,0.046089,-0.25508,-0.10661,-2.901,0.7576,0,176.9339,0.043
b3lyp_gas,b3lyp_gas,BrPh_4_anion,aryl_anion,Br,1,-1,1,ok,,-2805.21014868,-2805.165622,-2805.128369,0.074938,0.044526,0.0008,0.10075,2.7415,,0,157.6257,0.029
b3lyp_gas,b3lyp_gas,BrBz_123,parent,Br,3,0,1,ok,,-7952.92034653,-7952.887356,-7952.841243,0.069439,0.03299,-0.26361,-0.06367,-1.7325,,0,51.1053,0.084
b3lyp_gas,b3lyp_gas,BrBz_123_RA,radical_anion,Br,3,-1,2,warn,RA_dissociated(C2-X 2.55 A),-7952.95919555,-7952.934506,-7952.881998,0.066491,0.02469,-0.037,0.04236,1.1527,0.7557,0,5.393,0.24
b3lyp_gas,b3lyp_gas,BrPh_23_rad,aryl_radical,Br,2,0,2,ok,,-5378.69599079,-5378.664033,-5378.621079,0.066754,0.031958,-0.26234,-0.12691,-3.4534,0.758,0,116.2437,0.1
b3lyp_gas,b3lyp_gas,BrPh_23_anion,aryl_anion,Br,2,-1,1,ok,,-5378.77540083,-5378.745417,-5378.701998,0.064846,0.029984,-0.03576,0.08861,2.4112,,0,74.9701,0.085
b3lyp_gas,b3lyp_gas,BrPh_26_rad,aryl_radical,Br,2,0,2,ok,,-5378.69809064,-5378.665623,-5378.623056,0.066853,0.032468,-0.26413,-0.13569,-3.6923,0.7583,0,117.0813,0.068
b3lyp_gas,b3lyp_gas,BrPh_26_anion,aryl_anion,Br,2,-1,1,ok,,-5378.79102314,-5378.760175,-5378.717288,0.065158,0.030848,-0.05539,0.08785,2.3905,,0,115.191,0.044
b3lyp_gas,b3lyp_gas,BrBz_124,parent,Br,3,0,1,ok,,-7952.92569928,-7952.89349,-7952.84651,0.06951,0.032209,-0.25826,-0.05603,-1.5247,,0,71.1824,0.067
b3lyp_gas,b3lyp_gas,BrBz_124_RA,radical_anion,Br,3,-1,2,warn,RA_dissociated(C2-X 2.63 A),-7952.96285343,-7952.937481,-7952.885633,0.066495,0.025373,-0.04091,0.046,1.2517,0.7576,0,30.0942,0.245
b3lyp_gas,b3lyp_gas,BrPh_24_rad,aryl_radical,Br,2,0,2,ok,,-5378.6982699,-5378.66639,-5378.623308,0.06681,0.03188,-0.26077,-0.12664,-3.446,0.7581,0,125.2934,0.105
b3lyp_gas,b3lyp_gas,BrPh_24_anion,aryl_anion,Br,2,-1,1,ok,,-5378.77833893,-5378.748117,-5378.704749,0.065072,0.030221,-0.03677,0.08435,2.2953,,0,117.297,0.058
b3lyp_gas,b3lyp_gas,BrPh_25_rad,aryl_radical,Br,2,0,2,ok,,-5378.6994149,-5378.667579,-5378.624463,0.066763,0.031836,-0.25707,-0.12979,-3.5318,0.758,0,74.7787,0.074
b3lyp_gas,b3lyp_gas,BrPh_25_anion,aryl_anion,Br,2,-1,1,ok,,-5378.78262831,-5378.752475,-5378.709077,0.064994,0.030153,-0.03984,0.09267,2.5217,,0,62.6326,0.062
b3lyp_gas,b3lyp_gas,BrPh_34_rad,aryl_radical,Br,2,0,2,ok,,-5378.69513483,-5378.663119,-5378.620319,0.066691,0.032015,-0.25975,-0.11818,-3.2158,0.7577,0,114.9413,0.069
b3lyp_gas,b3lyp_gas,BrPh_34_anion,aryl_anion,Br,2,-1,1,ok,,-5378.76240674,-5378.731851,-5378.689091,0.064939,0.030556,-0.01594,0.08211,2.2343,,0,106.9576,0.074
b3lyp_gas,b3lyp_gas,BrBz_135,parent,Br,3,0,1,ok,,-7952.92989677,-7952.896148,-7952.850691,0.069508,0.033748,-0.26962,-0.06019,-1.6379,,0,104.5931,0.032
b3lyp_gas,b3lyp_gas,BrBz_135_RA,radical_anion,Br,3,-1,2,warn,RA_dissociated(C1-X 2.63 A),-7952.96625296,-7952.94118,-7952.889125,0.066349,0.025073,-0.03767,0.0409,1.1129,0.7587,0,33.5292,0.198
b3lyp_gas,b3lyp_gas,BrPh_35_rad,aryl_radical,Br,2,0,2,ok,,-5378.70078682,-5378.668274,-5378.625918,0.066734,0.032513,-0.26568,-0.12546,-3.4139,0.7577,0,128.8793,0.064
b3lyp_gas,b3lyp_gas,BrPh_35_anion,aryl_anion,Br,2,-1,1,ok,,-5378.77673436,-5378.745922,-5378.703297,0.064936,0.030812,-0.02954,0.08628,2.3478,,0,116.6479,0.027
b3lyp_gas,b3lyp_gas,BrBz_1234,parent,Br,4,0,1,ok,,-10526.4562152,-10526.436683,-10526.386004,0.058969,0.019533,-0.26107,-0.07618,-2.073,,0,44.0677,0.061
b3lyp_gas,b3lyp_gas,BrBz_1234_RA,radical_anion,Br,4,-1,2,ok,,-10526.5042282,-10526.493749,-10526.4358,0.056125,0.010479,-0.04208,0.02945,0.8014,0.755,0,1.9967,0.402
b3lyp_gas,b3lyp_gas,BrPh_234_rad,aryl_radical,Br,3,0,2,ok,,-7952.23195495,-7952.213347,-7952.165844,0.056429,0.018607,-0.26429,-0.13331,-3.6275,0.7584,0,51.4152,0.239
b3lyp_gas,b3lyp_gas,BrPh_234_anion,aryl_anion,Br,3,-1,1,ok,,-7952.31921488,-7952.302421,-7952.254378,0.054766,0.016794,-0.04434,0.0667,1.815,,0,33.8113,0.158
b3lyp_gas,b3lyp_gas,BrPh_236_rad,aryl_radical,Br,3,0,2,ok,,-7952.23674415,-7952.21827,-7952.170415,0.056609,0.018474,-0.26197,-0.14439,-3.9291,0.7585,0,69.1207,0.176
b3lyp_gas,b3lyp_gas,BrPh_236_anion,aryl_anion,Br,3,-1,1,ok,,-7952.33864866,-7952.321773,-7952.273559,0.054992,0.016876,-0.06309,0.08042,2.1883,,0,52.0314,0.072
b3lyp_gas,b3lyp_gas,BrBz_1235,parent,Br,4,0,1,ok,,-10526.4614997,-10526.442055,-10526.391172,0.059057,0.019445,-0.26398,-0.0751,-2.0436,,0,41.9893,0.057
b3lyp_gas,b3lyp_gas,BrBz_1235_RA,radical_anion,Br,4,-1,2,warn,RA_dissociated(C2-X 2.51 A),-10526.5080195,-10526.496089,-10526.439377,0.056352,0.011931,-0.04426,0.03187,0.8672,0.7554,0,7.648,0.297
b3lyp_gas,b3lyp_gas,BrPh_235_rad,aryl_radical,Br,3,0,2,ok,,-7952.23805714,-7952.219619,-7952.171857,0.056493,0.018438,-0.26281,-0.14006,-3.8112,0.7583,0,70.5843,0.161
b3lyp_gas,b3lyp_gas,BrPh_235_anion,aryl_anion,Br,3,-1,1,ok,,-7952.33254904,-7952.315834,-7952.267598,0.054851,0.016715,-0.05212,0.07906,2.1513,,0,48.8078,0.116
b3lyp_gas,b3lyp_gas,BrPh_246_rad,aryl_radical,Br,3,0,2,ok,,-7952.23878208,-7952.219789,-7952.172462,0.056591,0.018993,-0.26905,-0.14464,-3.9359,0.7586,0,99.8748,0.081
b3lyp_gas,b3lyp_gas,BrPh_246_anion,aryl_anion,Br,3,-1,1,ok,,-7952.34201426,-7952.324342,-7952.276738,0.05517,0.017673,-0.06577,0.06887,1.874,,0,98.6169,0.061
b3lyp_gas,b3lyp_gas,BrPh_345_rad,aryl_radical,Br,3,0,2,ok,,-7952.23184967,-7952.212613,-7952.165873,0.056316,0.019237,-0.26653,-0.12985,-3.5334,0.7579,0,51.4778,0.097
b3lyp_gas,b3lyp_gas,BrPh_345_anion,aryl_anion,Br,3,-1,1,ok,,-7952.3131854,-7952.295433,-7952.248413,0.054755,0.017753,-0.03475,0.0626,1.7034,,0,48.8637,0.063
b3lyp_gas,b3lyp_gas,BrBz_1245,parent,Br,4,0,1,ok,,-10526.4626075,-10526.442516,-10526.392249,0.05909,0.020091,-0.26071,-0.06846,-1.8629,,0,39.9562,0.062
b3lyp_gas,b3lyp_gas,BrBz_1245_RA,radical_anion,Br,4,-1,2,warn,RA_dissociated(C4-X 2.61 A),-10526.5050786,-10526.49313,-10526.436554,0.056234,0.011949,-0.04607,0.03647,0.9924,0.7573,0,13.1401,0.399
b3lyp_gas,b3lyp_gas,BrPh_245_rad,aryl_radical,Br,3,0,2,ok,,-7952.23579309,-7952.217346,-7952.169645,0.056451,0.018447,-0.26097,-0.13657,-3.7163,0.7582,0,71.254,0.21
b3lyp_gas,b3lyp_gas,BrPh_245_anion,aryl_anion,Br,3,-1,1,ok,,-7952.32719044,-7952.310152,-7952.262196,0.054947,0.017038,-0.04833,0.06984,1.9004,,0,58.4881,0.158
b3lyp_gas,b3lyp_gas,BrBz_12345,parent,Br,5,0,1,ok,,-13099.9913433,-13099.985268,-13099.930017,0.048469,0.006075,-0.26418,-0.08789,-2.3916,,0,37.4298,0.14
b3lyp_gas,b3lyp_gas,BrBz_12345_RA,radical_anion,Br,5,-1,2,ok,,-13100.0486653,-13100.050587,-13099.989007,0.045733,-0.001921,-0.04669,0.01649,0.4487,0.7542,0,6.4101,0.474
b3lyp_gas,b3lyp_gas,BrPh_2345_rad,aryl_radical,Br,4,0,2,ok,,-10525.7678431,-10525.7627,-10525.710593,0.045983,0.005144,-0.26434,-0.14355,-3.9062,0.7585,0,44.2531,0.268
b3lyp_gas,b3lyp_gas,BrPh_2345_anion,aryl_anion,Br,4,-1,1,ok,,-10525.8668642,-10525.86347,-10525.810715,0.044481,0.003394,-0.05767,0.05323,1.4485,,0,30.6509,0.09
b3lyp_gas,b3lyp_gas,BrPh_2346_rad,aryl_radical,Br,4,0,2,ok,,-10525.7719558,-10525.766902,-10525.714486,0.046155,0.005054,-0.26649,-0.15001,-4.082,0.7589,0,42.007,0.187
b3lyp_gas,b3lyp_gas,BrPh_2346_anion,aryl_anion,Br,4,-1,1,ok,,-10525.8807205,-10525.877111,-10525.824281,0.044758,0.003609,-0.0709,0.05527,1.504,,0,29.3404,0.113
b3lyp_gas,b3lyp_gas,BrPh_2356_rad,aryl_radical,Br,4,0,2,ok,,-10525.7748831,-10525.769169,-10525.717306,0.046255,0.005714,-0.26447,-0.15315,-4.1674,0.7588,0,39.0828,0.141
b3lyp_gas,b3lyp_gas,BrPh_2356_anion,aryl_anion,Br,4,-1,1,ok,,-10525.8861121,-10525.881963,-10525.829656,0.044788,0.004149,-0.07243,0.07178,1.9532,,0,23.6949,0.1
b3lyp_gas,b3lyp_gas,BrBz_123456,parent,Br,6,0,1,ok,,-15673.5186148,-15673.524308,-15673.466371,0.037807,-0.005694,-0.26721,-0.10006,-2.7228,,0,33.5658,0.08
b3lyp_gas,b3lyp_gas,BrBz_123456_RA,radical_anion,Br,6,-1,2,ok,,-15673.5842902,-15673.600325,-15673.534116,0.034505,-0.016035,-0.03408,0.0082,0.2231,0.7529,0,2.2835,1.01
b3lyp_gas,b3lyp_gas,BrPh_23456_rad,aryl_radical,Br,5,0,2,ok,,-13099.3033819,-13099.311082,-13099.254872,0.035581,-0.0077,-0.2678,-0.15607,-4.2469,0.7591,0,36.8535,0.218
b3lyp_gas,b3lyp_gas,BrPh_23456_anion,aryl_anion,Br,5,-1,1,ok,,-13099.418436,-13099.428,-13099.370992,0.034138,-0.009564,-0.0776,0.04452,1.2115,,0,16.501,0.139
b3lyp_smd,b3lyp_smd,Bz,parent,,0,0,1,ok,,-232.302868885,-232.228843,-232.197349,0.100181,0.074026,-0.25955,-0.01601,-0.4357,,0,410.1266,0.015
b3lyp_smd,b3lyp_smd,Cl_anion,halide,Cl,1,-1,1,ok,,-460.407711795,-460.422735,-460.405351,0.0,-0.015023,-0.23501,0.03681,1.0017,,0,,0.002
b3lyp_smd,b3lyp_smd,ClBz_1,parent,Cl,1,0,1,ok,,-691.927949976,-691.866455,-691.830839,0.090646,0.061495,-0.25529,-0.02518,-0.6852,,0,184.9125,0.056
b3lyp_smd,b3lyp_smd,ClBz_1_RA,radical_anion,Cl,1,-1,2,ok,,-691.972578742,-691.923101,-691.882788,0.081579,0.049478,-0.0639,0.00026,0.0071,0.7605,0,35.2764,0.041
b3lyp_smd,b3lyp_smd,Ph_rad,aryl_radical,,0,0,2,ok,,-231.615431576,-231.555812,-231.52309,0.087012,0.05962,-0.24888,-0.09534,-2.5943,0.757,0,399.5983,0.025
b3lyp_smd,b3lyp_smd,Ph_anion,aryl_anion,,0,-1,1,ok,,-231.750042479,-231.690499,-231.658402,0.086317,0.059544,-0.17031,0.0041,0.1116,,0,368.6453,0.017
b3lyp_smd,b3lyp_smd,ClBz_12,parent,Cl,2,0,1,ok,,-1151.54720585,-1151.497335,-1151.458446,0.08114,0.04987,-0.25826,-0.03294,-0.8963,,0,134.5822,0.026
b3lyp_smd,b3lyp_smd,ClBz_12_RA,radical_anion,Cl,2,-1,2,fail,n_imag=1 (want 0; lowest -295.1),-1151.62201546,-1151.579429,-1151.536435,0.077242,0.042586,-0.14798,-0.07006,-1.9064,0.7528,1,-295.0913,0.145
b3lyp_smd,b3lyp_smd,ClPh_2_rad,aryl_radical,Cl,1,0,2,ok,,-691.23775364,-691.19059,-691.153669,0.07762,0.047164,-0.25918,-0.11482,-3.1244,0.7575,0,179.2514,0.055
b3lyp_smd,b3lyp_smd,ClPh_2_anion,aryl_anion,Cl,1,-1,1,ok,,-691.389151553,-691.342407,-691.305942,0.076656,0.046744,-0.18526,-0.00392,-0.1067,,0,166.8072,0.035
b3lyp_smd,b3lyp_smd,ClBz_13,parent,Cl,2,0,1,ok,,-1151.55090828,-1151.501217,-1151.462191,0.081078,0.049691,-0.25848,-0.03431,-0.9336,,0,168.0473,0.027
b3lyp_smd,b3lyp_smd,ClBz_13_RA,radical_anion,Cl,2,-1,2,fail,n_imag=1 (want 0; lowest -472.1),-1151.61399268,-1151.572696,-1151.529391,0.076079,0.041296,-0.13142,-0.05762,-1.5679,0.7573,1,-472.105,0.303
b3lyp_smd,b3lyp_smd,ClPh_3_rad,aryl_radical,Cl,1,0,2,ok,,-691.239561569,-691.192434,-691.15558,0.077531,0.047128,-0.25796,-0.10458,-2.8458,0.7573,0,182.0314,0.048
b3lyp_smd,b3lyp_smd,ClPh_3_anion,aryl_anion,Cl,1,-1,1,ok,,-691.381500299,-691.334477,-691.298173,0.076847,0.047023,-0.17641,-0.00327,-0.089,,0,177.9241,0.038
b3lyp_smd,b3lyp_smd,ClBz_14,parent,Cl,2,0,1,ok,,-1151.55129044,-1151.500933,-1151.462535,0.081095,0.050358,-0.25262,-0.03427,-0.9325,,0,98.53,0.046
b3lyp_smd,b3lyp_smd,ClBz_14_RA,radical_anion,Cl,2,-1,2,ok,,-1151.60480195,-1151.563949,-1151.522519,0.073376,0.040853,-0.07528,-0.00603,-0.1641,0.7599,0,68.7128,0.052
b3lyp_smd,b3lyp_smd,ClPh_4_rad,aryl_radical,Cl,1,0,2,ok,,-691.238730267,-691.190925,-691.154736,0.077547,0.047806,-0.25602,-0.10119,-2.7535,0.7573,0,196.0529,0.037
b3lyp_smd,b3lyp_smd,ClPh_4_anion,aryl_anion,Cl,1,-1,1,ok,,-691.378924336,-691.331216,-691.295592,0.076864,0.047709,-0.17551,-0.00431,-0.1173,,0,185.0705,0.023
b3lyp_smd,b3lyp_smd,ClBz_123,parent,Cl,3,0,1,ok,,-1611.16474505,-1611.126489,-1611.08435,0.071568,0.038256,-0.26376,-0.04039,-1.0991,,0,83.2185,0.038
b3lyp_smd,b3lyp_smd,ClBz_123_RA,radical_anion,Cl,3,-1,2,warn,RA_dissociated(C2-X 2.69 A),-1611.26597113,-1611.23473,-1611.187543,0.068436,0.031241,-0.20429,-0.09361,-2.5473,0.7582,0,49.4071,0.251
b3lyp_smd,b3lyp_smd,ClPh_23_rad,aryl_radical,Cl,2,0,2,ok,,-1150.85721165,-1150.82168,-1150.781423,0.068155,0.035531,-0.26346,-0.12257,-3.3353,0.7578,0,133.1651,0.058
b3lyp_smd,b3lyp_smd,ClPh_23_anion,aryl_anion,Cl,2,-1,1,ok,,-1151.01363924,-1150.978581,-1150.938704,0.067215,0.035058,-0.18834,-0.00869,-0.2365,,0,98.7182,0.05
b3lyp_smd,b3lyp_smd,ClPh_26_rad,aryl_radical,Cl,2,0,2,ok,,-1150.85803763,-1150.821925,-1150.782131,0.068247,0.036112,-0.2636,-0.13353,-3.6335,0.7581,0,160.9672,0.035
b3lyp_smd,b3lyp_smd,ClPh_26_anion,aryl_anion,Cl,2,-1,1,ok,,-1151.02604333,-1150.990503,-1150.951211,0.067071,0.035541,-0.20027,-0.0101,-0.2748,,0,173.3594,0.038
b3lyp_smd,b3lyp_smd,ClBz_124,parent,Cl,3,0,1,ok,,-1611.1688197,-1611.131392,-1611.088441,0.071524,0.037428,-0.25724,-0.04224,-1.1494,,0,96.4397,0.051
b3lyp_smd,b3lyp_smd,ClBz_124_RA,radical_anion,Cl,3,-1,2,warn,RA_dissociated(C2-X 2.89 A),-1611.26806746,-1611.238203,-1611.189615,0.068311,0.029865,-0.21205,-0.0922,-2.5089,0.759,0,32.4055,1.067
b3lyp_smd,b3lyp_smd,ClPh_24_rad,aryl_radical,Cl,2,0,2,ok,,-1150.85909138,-1150.823808,-1150.783429,0.068005,0.035284,-0.25968,-0.12035,-3.2749,0.7579,0,159.8742,0.107
b3lyp_smd,b3lyp_smd,ClPh_24_anion,aryl_anion,Cl,2,-1,1,ok,,-1151.01565027,-1150.980638,-1150.940742,0.067177,0.035013,-0.18986,-0.01262,-0.3434,,0,157.5906,0.077
b3lyp_smd,b3lyp_smd,ClPh_25_rad,aryl_radical,Cl,2,0,2,ok,,-1150.86019603,-1150.824748,-1150.784412,0.068133,0.035448,-0.25658,-0.12311,-3.35,0.7578,0,99.4057,0.099
b3lyp_smd,b3lyp_smd,ClPh_25_anion,aryl_anion,Cl,2,-1,1,ok,,-1151.01832553,-1150.983424,-1150.943463,0.067093,0.034902,-0.19095,-0.01178,-0.3206,,0,89.3019,0.045
b3lyp_smd,b3lyp_smd,ClPh_34_rad,aryl_radical,Cl,2,0,2,ok,,-1150.85733793,-1150.821902,-1150.781727,0.06799,0.035436,-0.26006,-0.1092,-2.9715,0.7576,0,130.659,0.058
b3lyp_smd,b3lyp_smd,ClPh_34_anion,aryl_anion,Cl,2,-1,1,ok,,-1151.00374123,-1150.968285,-1150.928667,0.067429,0.035456,-0.18056,-0.01057,-0.2876,,0,131.958,0.042
b3lyp_smd,b3lyp_smd,ClBz_135,parent,Cl,3,0,1,ok,,-1611.17178606,-1611.133904,-1611.091475,0.071432,0.037882,-0.26667,-0.04285,-1.166,,0,135.1733,0.034
b3lyp_smd,b3lyp_smd,ClBz_135_RA,radical_anion,Cl,3,-1,2,warn,RA_dissociated(C3-X 3.07 A),-1611.26895565,-1611.239425,-1611.190571,0.068226,0.029531,-0.21467,-0.09,-2.449,0.7587,0,41.7637,0.669
b3lyp_smd,b3lyp_smd,ClPh_35_rad,aryl_radical,Cl,2,0,2,ok,,-1150.86161632,-1150.82559,-1150.785976,0.06802,0.036026,-0.26397,-0.11428,-3.1097,0.7576,0,169.2122,0.057
b3lyp_smd,b3lyp_smd,ClPh_35_anion,aryl_anion,Cl,2,-1,1,ok,,-1151.01104494,-1150.975333,-1150.936128,0.067204,0.035712,-0.18276,-0.01046,-0.2846,,0,164.3291,0.026
b3lyp_smd,b3lyp_smd,ClBz_1234,parent,Cl,4,0,1,ok,,-2070.78103017,-2070.754729,-2070.709206,0.061713,0.026301,-0.26148,-0.04821,-1.3119,,0,76.9634,0.035
b3lyp_smd,b3lyp_smd,ClBz_1234_RA,radical_anion,Cl,4,-1,2,warn,RA_dissociated(C2-X 2.62 A),-2070.88607913,-2070.866674,-2070.816002,0.058842,0.019405,-0.20208,-0.09617,-2.6169,0.758,0,31.591,0.552
b3lyp_smd,b3lyp_smd,ClPh_234_rad,aryl_radical,Cl,3,0,2,ok,,-1610.47346734,-1610.449562,-1610.406056,0.058572,0.023905,-0.26488,-0.12686,-3.452,0.7581,0,81.1505,0.118
b3lyp_smd,b3lyp_smd,ClPh_234_anion,aryl_anion,Cl,3,-1,1,ok,,-1610.63390422,-1610.610395,-1610.567275,0.057701,0.023509,-0.19183,-0.02362,-0.6427,,0,67.7121,0.115
b3lyp_smd,b3lyp_smd,ClPh_236_rad,aryl_radical,Cl,3,0,2,ok,,-1610.4761056,-1610.452324,-1610.408548,0.058665,0.023782,-0.26179,-0.14041,-3.8208,0.7583,0,93.4262,0.107
b3lyp_smd,b3lyp_smd,ClPh_236_anion,aryl_anion,Cl,3,-1,1,ok,,-1610.64880747,-1610.625667,-1610.58228,0.057525,0.02314,-0.20306,-0.01564,-0.4256,,0,76.3239,0.061
b3lyp_smd,b3lyp_smd,ClBz_1235,parent,Cl,4,0,1,ok,,-2070.78456438,-2070.758124,-2070.712562,0.061901,0.026441,-0.26314,-0.05004,-1.3617,,0,71.3191,0.078
b3lyp_smd,b3lyp_smd,ClBz_1235_RA,radical_anion,Cl,4,-1,2,warn,RA_dissociated(C1-X 2.74 A),-2070.88755509,-2070.869453,-2070.817455,0.058746,0.018102,-0.20545,-0.09367,-2.5489,0.7592,0,18.3508,0.855
b3lyp_smd,b3lyp_smd,ClPh_235_rad,aryl_radical,Cl,3,0,2,ok,,-1610.47787284,-1610.454196,-1610.4105,0.058497,0.023677,-0.26225,-0.13154,-3.5794,0.7581,0,93.8436,0.078
b3lyp_smd,b3lyp_smd,ClPh_235_anion,aryl_anion,Cl,3,-1,1,ok,,-1610.64159026,-1610.618366,-1610.57506,0.057556,0.023224,-0.19428,-0.01674,-0.4555,,0,78.6843,0.056
b3lyp_smd,b3lyp_smd,ClPh_246_rad,aryl_radical,Cl,3,0,2,ok,,-1610.47752055,-1610.453188,-1610.409995,0.058629,0.024333,-0.26671,-0.13898,-3.7818,0.7585,0,128.3662,0.044
b3lyp_smd,b3lyp_smd,ClPh_246_anion,aryl_anion,Cl,3,-1,1,ok,,-1610.65043051,-1610.626584,-1610.583881,0.057549,0.023846,-0.20452,-0.01897,-0.5162,,0,137.6659,0.052
b3lyp_smd,b3lyp_smd,ClPh_345_rad,aryl_radical,Cl,3,0,2,ok,,-1610.47416285,-1610.449672,-1610.406925,0.058418,0.024491,-0.26667,-0.11777,-3.2047,0.7578,0,83.7548,0.076
b3lyp_smd,b3lyp_smd,ClPh_345_anion,aryl_anion,Cl,3,-1,1,ok,,-1610.62711592,-1610.60275,-1610.560424,0.05779,0.024365,-0.18601,-0.0255,-0.6939,,0,83.1539,0.054
b3lyp_smd,b3lyp_smd,ClBz_1245,parent,Cl,4,0,1,ok,,-2070.78525876,-2070.758133,-2070.713245,0.061928,0.027126,-0.25955,-0.05042,-1.372,,0,67.2807,0.027
b3lyp_smd,b3lyp_smd,ClBz_1245_RA,radical_anion,Cl,4,-1,2,fail,n_imag=1 (want 0; lowest -49.4),-2070.85885141,-2070.839331,-2070.792636,0.055669,0.01952,-0.10374,-0.04667,-1.27,0.7557,1,-49.4336,0.238
b3lyp_smd,b3lyp_smd,ClPh_245_rad,aryl_radical,Cl,3,0,2,ok,,-1610.47638682,-1610.452602,-1610.408986,0.058549,0.023785,-0.26,-0.12771,-3.4752,0.7581,0,95.3123,0.124
b3lyp_smd,b3lyp_smd,ClPh_245_anion,aryl_anion,Cl,3,-1,1,ok,,-1610.63890632,-1610.615421,-1610.572282,0.057687,0.023485,-0.19489,-0.01936,-0.5268,,0,92.1555,0.09
b3lyp_smd,b3lyp_smd,ClBz_12345,parent,Cl,5,0,1,ok,,-2530.39581494,-2530.381163,-2530.332458,0.051993,0.014652,-0.26474,-0.05657,-1.5393,,0,64.629,0.089
b3lyp_smd,b3lyp_smd,ClBz_12345_RA,radical_anion,Cl,5,-1,2,warn,RA_dissociated(C3-X 2.58 A),-2530.50527398,-2530.496675,-2530.443532,0.049369,0.008599,-0.20088,-0.09972,-2.7135,0.7583,0,47.1796,0.497
b3lyp_smd,b3lyp_smd,ClPh_2345_rad,aryl_radical,Cl,4,0,2,ok,,-2070.08897539,-2070.076997,-2070.030145,0.04871,0.011978,-0.26529,-0.13523,-3.6798,0.7584,0,77.4217,0.141
b3lyp_smd,b3lyp_smd,ClPh_2345_anion,aryl_anion,Cl,4,-1,1,ok,,-2070.25597647,-2070.244329,-2070.197862,0.047905,0.011647,-0.1974,-0.03296,-0.8969,,0,67.6831,0.059
b3lyp_smd,b3lyp_smd,ClPh_2346_rad,aryl_radical,Cl,4,0,2,ok,,-2070.09080897,-2070.078614,-2070.031591,0.049089,0.012195,-0.2664,-0.14503,-3.9465,0.7587,0,70.5632,0.101
b3lyp_smd,b3lyp_smd,ClPh_2346_anion,aryl_anion,Cl,4,-1,1,ok,,-2070.26757915,-2070.255981,-2070.209393,0.047949,0.011598,-0.20649,-0.02809,-0.7644,,0,60.5945,0.077
b3lyp_smd,b3lyp_smd,ClPh_2356_rad,aryl_radical,Cl,4,0,2,ok,,-2070.09272417,-2070.079817,-2070.033405,0.04919,0.012907,-0.26416,-0.14816,-4.0316,0.7586,0,65.3396,0.051
b3lyp_smd,b3lyp_smd,ClPh_2356_anion,aryl_anion,Cl,4,-1,1,ok,,-2070.27084784,-2070.258742,-2070.212597,0.048016,0.012105,-0.2065,-0.0212,-0.5769,,0,43.4464,0.051
b3lyp_smd,b3lyp_smd,ClBz_123456,parent,Cl,6,0,1,ok,,-2990.00540633,-2990.001819,-2989.950584,0.042192,0.003587,-0.26979,-0.06996,-1.9037,,0,60.2263,0.063
b3lyp_smd,b3lyp_smd,ClBz_123456_RA,radical_anion,Cl,6,-1,2,warn,RA_dissociated(C1-X 2.54 A),-2990.11662737,-2990.120331,-2990.063524,0.03939,-0.003704,-0.20137,-0.1029,-2.8001,0.7579,0,26.9718,0.734
b3lyp_smd,b3lyp_smd,ClPh_23456_rad,aryl_radical,Cl,5,0,2,ok,,-2529.70251201,-2529.701455,-2529.651863,0.039232,0.001057,-0.26945,-0.15214,-4.1399,0.759,0,62.8957,0.073
b3lyp_smd,b3lyp_smd,ClPh_23456_anion,aryl_anion,Cl,5,-1,1,ok,,-2529.88385561,-2529.883607,-2529.834189,0.038147,0.000248,-0.20928,-0.03926,-1.0683,,0,37.0846,0.058
b3lyp_smd,b3lyp_smd,Br_anion,halide,Br,1,-1,1,ok,,-2574.32238409,-2574.33856,-2574.320024,0.0,-0.016176,-0.19636,0.02381,0.6479,,0,,0.002
b3lyp_smd,b3lyp_smd,BrBz_1,parent,Br,1,0,1,ok,,-2805.84841779,-2805.788657,-2805.751675,0.090043,0.059761,-0.25185,-0.02602,-0.708,,0,165.0128,0.026
b3lyp_smd,b3lyp_smd,BrBz_1_RA,radical_anion,Br,1,-1,2,warn,RA_dissociated(C1-X 3.27 A),-2805.93585431,-2805.886318,-2805.840845,0.086975,0.049537,-0.18395,-0.06408,-1.7437,0.7581,0,10.4044,0.064
b3lyp_smd,b3lyp_smd,BrBz_12,parent,Br,2,0,1,ok,,-5379.3875766,-5379.341201,-5379.299582,0.079837,0.046375,-0.25459,-0.04354,-1.1848,,0,108.7148,0.033
b3lyp_smd,b3lyp_smd,BrBz_12_RA,radical_anion,Br,2,-1,2,warn,RA_dissociated(C2-X 2.84 A),-5379.48219108,-5379.443813,-5379.395906,0.077037,0.038378,-0.17314,-0.06889,-1.8746,0.7587,0,25.3706,0.35
b3lyp_smd,b3lyp_smd,BrPh_2_rad,aryl_radical,Br,1,0,2,ok,,-2805.15928509,-2805.113927,-2805.075587,0.07698,0.045358,-0.25564,-0.1145,-3.1157,0.7575,0,158.0156,0.062
b3lyp_smd,b3lyp_smd,BrPh_2_anion,aryl_anion,Br,1,-1,1,ok,,-2805.30746497,-2805.262618,-2805.224651,0.075988,0.044847,-0.18041,-0.00705,-0.1918,,0,148.9888,0.044
b3lyp_smd,b3lyp_smd,BrBz_13,parent,Br,2,0,1,ok,,-5379.391815,-5379.345496,-5379.303748,0.07992,0.046319,-0.25515,-0.03782,-1.0291,,0,129.7468,0.039
b3lyp_smd,b3lyp_smd,BrBz_13_RA,radical_anion,Br,2,-1,2,warn,RA_dissociated(C3-X 2.91 A),-5379.48351464,-5379.444942,-5379.397223,0.077077,0.038572,-0.17317,-0.06341,-1.7255,0.7588,0,34.0912,0.27
b3lyp_smd,b3lyp_smd,BrPh_3_rad,aryl_radical,Br,1,0,2,ok,,-2805.16026558,-2805.114953,-2805.076704,0.076861,0.045312,-0.25643,-0.10605,-2.8858,0.7573,0,161.1651,0.066
b3lyp_smd,b3lyp_smd,BrPh_3_anion,aryl_anion,Br,1,-1,1,ok,,-2805.30241573,-2805.257129,-2805.219422,0.076267,0.045286,-0.17606,-0.01046,-0.2846,,0,157.8537,0.059
b3lyp_smd,b3lyp_smd,BrBz_14,parent,Br,2,0,1,ok,,-5379.39214111,-5379.345368,-5379.304183,0.079757,0.046773,-0.24885,-0.03644,-0.9916,,0,73.2751,0.043
b3lyp_smd,b3lyp_smd,BrBz_14_RA,radical_anion,Br,2,-1,2,warn,RA_dissociated(C4-X 2.99 A),-5379.48161037,-5379.444825,-5379.395381,0.076881,0.036785,-0.1765,-0.05949,-1.6188,0.7585,0,11.0891,0.257
b3lyp_smd,b3lyp_smd,BrPh_4_rad,aryl_radical,Br,1,0,2,ok,,-2805.1592916,-2805.113252,-2805.075685,0.076918,0.04604,-0.25275,-0.10161,-2.7649,0.7573,0,174.2448,0.035
b3lyp_smd,b3lyp_smd,BrPh_4_anion,aryl_anion,Br,1,-1,1,ok,,-2805.2996085,-2805.253629,-2805.216635,0.076271,0.04598,-0.17541,-0.01062,-0.289,,0,166.0808,0.026
b3lyp_smd,b3lyp_smd,BrBz_123,parent,Br,3,0,1,ok,,-7952.92457527,-7952.89166,-7952.845433,0.069443,0.032915,-0.25914,-0.06233,-1.6961,,0,49.1943,0.06
b3lyp_smd,b3lyp_smd,BrBz_123_RA,radical_anion,Br,3,-1,2,warn,RA_dissociated(C2-X 2.66 A),-7953.0269979,-7953.000165,-7952.949408,0.066975,0.026833,-0.16788,-0.07827,-2.1298,0.7575,0,15.0067,0.115
b3lyp_smd,b3lyp_smd,BrPh_23_rad,aryl_radical,Br,2,0,2,ok,,-5378.69924541,-5378.667316,-5378.624313,0.066756,0.03193,-0.2595,-0.123,-3.347,0.7579,0,114.8806,0.14
b3lyp_smd,b3lyp_smd,BrPh_23_anion,aryl_anion,Br,2,-1,1,ok,,-5378.85173268,-5378.82041,-5378.777666,0.065758,0.031323,-0.18188,-0.02754,-0.7494,,0,83.6551,0.057
b3lyp_smd,b3lyp_smd,BrPh_26_rad,aryl_radical,Br,2,0,2,ok,,-5378.70129321,-5378.668689,-5378.626112,0.066999,0.032604,-0.25989,-0.13351,-3.633,0.7581,0,117.4858,0.041
b3lyp_smd,b3lyp_smd,BrPh_26_anion,aryl_anion,Br,2,-1,1,ok,,-5378.86361844,-5378.831978,-5378.789542,0.065679,0.031641,-0.19112,-0.01889,-0.514,,0,125.0513,0.031
b3lyp_smd,b3lyp_smd,BrBz_124,parent,Br,3,0,1,ok,,-7952.9295336,-7952.897286,-7952.850231,0.06961,0.032248,-0.25392,-0.05239,-1.4256,,0,65.5732,0.07
b3lyp_smd,b3lyp_smd,BrBz_124_RA,radical_anion,Br,3,-1,2,warn,RA_dissociated(C2-X 2.75 A),-7953.02912365,-7953.003605,-7952.951554,0.066863,0.025518,-0.17256,-0.07403,-2.0145,0.7586,0,29.0135,0.454
b3lyp_smd,b3lyp_smd,BrPh_24_rad,aryl_radical,Br,2,0,2,ok,,-5378.70108295,-5378.669385,-5378.626168,0.066715,0.031698,-0.25639,-0.12094,-3.2909,0.7579,0,123.6719,0.142
b3lyp_smd,b3lyp_smd,BrPh_24_anion,aryl_anion,Br,2,-1,1,ok,,-5378.85492496,-5378.823562,-5378.780742,0.065885,0.031363,-0.18487,-0.02482,-0.6754,,0,119.982,0.092
b3lyp_smd,b3lyp_smd,BrPh_25_rad,aryl_radical,Br,2,0,2,ok,,-5378.7023393,-5378.670395,-5378.627281,0.06687,0.031944,-0.25284,-0.12431,-3.3826,0.7579,0,75.0763,0.123
b3lyp_smd,b3lyp_smd,BrPh_25_anion,aryl_anion,Br,2,-1,1,ok,,-5378.85793587,-5378.826337,-5378.783758,0.065906,0.031599,-0.18587,-0.01244,-0.3385,,0,81.1468,0.11
b3lyp_smd,b3lyp_smd,BrPh_34_rad,aryl_radical,Br,2,0,2,ok,,-5378.69793356,-5378.665887,-5378.623106,0.066703,0.032047,-0.25667,-0.11055,-3.0082,0.7575,0,118.3707,0.073
b3lyp_smd,b3lyp_smd,BrPh_34_anion,aryl_anion,Br,2,-1,1,ok,,-5378.84448937,-5378.812734,-5378.770232,0.066032,0.031756,-0.17999,-0.03231,-0.8792,,0,98.2483,0.06
b3lyp_smd,b3lyp_smd,BrBz_135,parent,Br,3,0,1,ok,,-7952.9328692,-7952.90016,-7952.853594,0.069553,0.032709,-0.26411,-0.05549,-1.51,,0,103.882,0.056
b3lyp_smd,b3lyp_smd,BrBz_135_RA,radical_anion,Br,3,-1,2,warn,RA_dissociated(C3-X 2.78 A),-7953.03002404,-7953.004321,-7952.952523,0.066825,0.025703,-0.16981,-0.07173,-1.9519,0.7591,0,33.6258,0.184
b3lyp_smd,b3lyp_smd,BrPh_35_rad,aryl_radical,Br,2,0,2,ok,,-5378.70291758,-5378.670322,-5378.627951,0.066828,0.032596,-0.26083,-0.1178,-3.2055,0.7576,0,130.2416,0.084
b3lyp_smd,b3lyp_smd,BrPh_35_anion,aryl_anion,Br,2,-1,1,ok,,-5378.85324879,-5378.820986,-5378.778973,0.066031,0.032263,-0.18226,-0.02629,-0.7154,,0,124.8232,0.033
b3lyp_smd,b3lyp_smd,BrBz_1234,parent,Br,4,0,1,ok,,-10526.4603427,-10526.440716,-10526.390019,0.059072,0.019627,-0.25728,-0.07415,-2.0177,,0,43.0931,0.116
b3lyp_smd,b3lyp_smd,BrBz_1234_RA,radical_anion,Br,4,-1,2,warn,RA_dissociated(C2-X 2.62 A),-10526.5681547,-10526.554903,-10526.499396,0.056588,0.013251,-0.16929,-0.08547,-2.3258,0.7571,0,22.3938,0.667
b3lyp_smd,b3lyp_smd,BrPh_234_rad,aryl_radical,Br,3,0,2,ok,,-7952.23519872,-7952.216642,-7952.169072,0.056417,0.018557,-0.2604,-0.12757,-3.4714,0.7582,0,51.1871,0.209
b3lyp_smd,b3lyp_smd,BrPh_234_anion,aryl_anion,Br,3,-1,1,ok,,-7952.39153067,-7952.373493,-7952.326207,0.055491,0.018037,-0.18461,-0.04611,-1.2547,,0,43.3383,0.093
b3lyp_smd,b3lyp_smd,BrPh_236_rad,aryl_radical,Br,3,0,2,ok,,-7952.23981286,-7952.221528,-7952.173472,0.056569,0.018285,-0.25802,-0.14123,-3.8431,0.7585,0,61.9547,0.106
b3lyp_smd,b3lyp_smd,BrPh_236_anion,aryl_anion,Br,3,-1,1,ok,,-7952.40657454,-7952.388773,-7952.341226,0.055473,0.017802,-0.19265,-0.03029,-0.8242,,0,58.3215,0.141
b3lyp_smd,b3lyp_smd,BrBz_1235,parent,Br,4,0,1,ok,,-10526.4645876,-10526.445347,-10526.394277,0.058982,0.01924,-0.26029,-0.07215,-1.9633,,0,40.6131,0.144
b3lyp_smd,b3lyp_smd,BrBz_1235_RA,radical_anion,Br,4,-1,2,warn,RA_dissociated(C2-X 2.62 A),-10526.57071,-10526.556731,-10526.501851,0.056668,0.013978,-0.16963,-0.08217,-2.236,0.7572,0,22.2771,0.262
b3lyp_smd,b3lyp_smd,BrPh_235_rad,aryl_radical,Br,3,0,2,ok,,-7952.24051281,-7952.222115,-7952.174234,0.056549,0.018398,-0.25888,-0.13402,-3.6469,0.7582,0,62.567,0.18
b3lyp_smd,b3lyp_smd,BrPh_235_anion,aryl_anion,Br,3,-1,1,ok,,-7952.40131395,-7952.383449,-7952.335946,0.055511,0.017865,-0.18814,-0.03354,-0.9127,,0,60.4812,0.084
b3lyp_smd,b3lyp_smd,BrPh_246_rad,aryl_radical,Br,3,0,2,ok,,-7952.24098167,-7952.221933,-7952.174558,0.056679,0.019048,-0.26397,-0.14054,-3.8243,0.7585,0,99.5227,0.054
b3lyp_smd,b3lyp_smd,BrPh_246_anion,aryl_anion,Br,3,-1,1,ok,,-7952.40917762,-7952.391014,-7952.34376,0.055452,0.018163,-0.19586,-0.03774,-1.027,,0,97.3836,0.055
b3lyp_smd,b3lyp_smd,BrPh_345_rad,aryl_radical,Br,3,0,2,ok,,-7952.23432284,-7952.215169,-7952.168334,0.056297,0.019154,-0.26346,-0.12105,-3.2939,0.7578,0,49.9255,0.061
b3lyp_smd,b3lyp_smd,BrPh_345_anion,aryl_anion,Br,3,-1,1,ok,,-7952.38785021,-7952.368823,-7952.322347,0.055725,0.019027,-0.18531,-0.04958,-1.3491,,0,48.1416,0.047
b3lyp_smd,b3lyp_smd,BrBz_1245,parent,Br,4,0,1,ok,,-10526.4657313,-10526.44573,-10526.395362,0.059067,0.020001,-0.25708,-0.06462,-1.7584,,0,37.9889,0.05
b3lyp_smd,b3lyp_smd,BrBz_1245_RA,radical_anion,Br,4,-1,2,warn,RA_dissociated(C4-X 2.70 A),-10526.5677989,-10526.555634,-10526.498996,0.056563,0.012165,-0.17195,-0.07595,-2.0667,0.7584,0,13.1143,0.892
b3lyp_smd,b3lyp_smd,BrPh_245_rad,aryl_radical,Br,3,0,2,ok,,-7952.23828042,-7952.219699,-7952.172004,0.056582,0.018582,-0.25697,-0.12957,-3.5258,0.7582,0,70.5255,0.114
b3lyp_smd,b3lyp_smd,BrPh_245_anion,aryl_anion,Br,3,-1,1,ok,,-7952.39853546,-7952.380575,-7952.333026,0.055676,0.01796,-0.18984,-0.03737,-1.0169,,0,51.3305,0.105
b3lyp_smd,b3lyp_smd,BrBz_12345,parent,Br,5,0,1,ok,,-13099.9943685,-13099.988422,-13099.933052,0.048421,0.005947,-0.26147,-0.08589,-2.3372,,0,36.0802,0.109
b3lyp_smd,b3lyp_smd,BrBz_12345_RA,radical_anion,Br,5,-1,2,fail,error:unknown; no_free_energy,-13100.1044409,,,,,-0.16044,-0.08555,-2.3279,0.7557,0,,1.02
b3lyp_smd,b3lyp_smd,BrPh_2345_rad,aryl_radical,Br,4,0,2,ok,,-10525.7703622,-10525.765356,-10525.713155,0.04591,0.005006,-0.26114,-0.13726,-3.735,0.7585,0,44.0605,0.205
b3lyp_smd,b3lyp_smd,BrPh_2345_anion,aryl_anion,Br,4,-1,1,ok,,-10525.9337584,-10525.929477,-10525.877262,0.045037,0.004281,-0.19004,-0.05588,-1.5206,,0,34.1843,0.124
b3lyp_smd,b3lyp_smd,BrPh_2346_rad,aryl_radical,Br,4,0,2,ok,,-10525.7740375,-10525.769131,-10525.716572,0.046105,0.004907,-0.26318,-0.14648,-3.9859,0.7588,0,41.2066,0.176
b3lyp_smd,b3lyp_smd,BrPh_2346_anion,aryl_anion,Br,4,-1,1,ok,,-10525.9450342,-10525.940808,-10525.888462,0.045051,0.004227,-0.19577,-0.05105,-1.3891,,0,32.3188,0.126
b3lyp_smd,b3lyp_smd,BrPh_2356_rad,aryl_radical,Br,4,0,2,ok,,-10525.776914,-10525.77125,-10525.719323,0.046243,0.005664,-0.26146,-0.15009,-4.0842,0.7588,0,38.2233,0.105
b3lyp_smd,b3lyp_smd,BrPh_2356_anion,aryl_anion,Br,4,-1,1,ok,,-10525.9491104,-10525.944823,-10525.892532,0.045034,0.004288,-0.19513,-0.03725,-1.0136,,0,16.7052,0.076
b3lyp_smd,b3lyp_smd,BrBz_123456,parent,Br,6,0,1,ok,,-15673.5214166,-15673.528307,-15673.469182,0.037762,-0.00689,-0.26554,-0.09886,-2.6901,,0,31.6089,0.093
b3lyp_smd,b3lyp_smd,BrBz_123456_RA,radical_anion,Br,6,-1,2,ok,,-15673.637733,-15673.652482,-15673.587833,0.034156,-0.014749,-0.13698,-0.09317,-2.5353,0.7538,0,12.4488,1.677
b3lyp_smd,b3lyp_smd,BrPh_23456_rad,aryl_radical,Br,5,0,2,ok,,-13099.3051845,-13099.312974,-13099.256685,0.03554,-0.00779,-0.26583,-0.15349,-4.1767,0.7592,0,36.7376,0.159
b3lyp_smd,b3lyp_smd,BrPh_23456_anion,aryl_anion,Br,5,-1,1,ok,,-13099.4796621,-13099.489156,-13099.432081,0.034428,-0.009494,-0.19674,-0.06096,-1.6588,,0,10.4133,0.112
m062x_gas,m062x_gas,Bz,parent,,0,0,1,ok,,-232.190350059,-232.1142,-232.083772,0.101257,0.07615,-0.30902,-0.00011,-0.003,,0,410.9149,0.014
m062x_gas,m062x_gas,Cl_anion,halide,Cl,1,-1,1,ok,,-460.268136129,-460.283159,-460.265776,0.0,-0.015023,-0.0813,0.25409,6.9141,,0,,0.001
m062x_gas,m062x_gas,ClBz_1,parent,Cl,1,0,1,ok,,-691.792913654,-691.730263,-691.694764,0.091746,0.062651,-0.30569,-0.00342,-0.0931,,0,189.2136,0.052
m062x_gas,m062x_gas,ClBz_1_RA,radical_anion,Cl,1,-1,2,fail,error:unknown; no_free_energy,-691.753360361,,,,,0.02864,0.10856,2.9541,0.7586,0,,0.191
m062x_gas,m062x_gas,Ph_rad,aryl_radical,,0,0,2,ok,,-231.505985745,-231.445228,-231.412559,0.088131,0.060757,-0.3064,-0.05039,-1.3712,0.7621,0,401.1118,0.044
m062x_gas,m062x_gas,Ph_anion,aryl_anion,,0,-1,1,ok,,-231.543407236,-231.484406,-231.452178,0.085817,0.059001,-0.02964,0.10409,2.8324,,0,358.952,0.025
m062x_gas,m062x_gas,ClBz_12,parent,Cl,2,0,1,ok,,-1151.39106087,-1151.340028,-1151.301287,0.08223,0.051033,-0.30918,-0.00581,-0.1581,,0,135.6785,0.031
m062x_gas,m062x_gas,ClBz_12_RA,radical_anion,Cl,2,-1,2,fail,n_imag=1 (want 0; lowest -83.3),-1151.37069694,-1151.328104,-1151.287519,0.075266,0.042593,0.03532,0.11265,3.0654,0.757,1,-83.2863,0.16
m062x_gas,m062x_gas,ClPh_2_rad,aryl_radical,Cl,1,0,2,ok,,-691.105868567,-691.057457,-691.020686,0.078797,0.048412,-0.30806,-0.07228,-1.9668,0.7624,0,185.6944,0.078
m062x_gas,m062x_gas,ClPh_2_anion,aryl_anion,Cl,1,-1,1,ok,,-691.169607868,-691.122841,-691.086345,0.076689,0.046767,-0.06062,0.09753,2.6539,,0,162.152,0.049
m062x_gas,m062x_gas,ClBz_13,parent,Cl,2,0,1,ok,,-1151.39386417,-1151.343125,-1151.3042,0.082085,0.050739,-0.312,-0.0078,-0.2122,,0,163.1733,0.034
m062x_gas,m062x_gas,ClBz_13_RA,radical_anion,Cl,2,-1,2,ok,,-1151.37513724,-1151.333754,-1151.290998,0.075359,0.041383,0.03701,0.10939,2.9767,0.7587,0,80.4022,0.305
m062x_gas,m062x_gas,ClPh_3_rad,aryl_radical,Cl,1,0,2,ok,,-691.10806182,-691.059742,-691.023029,0.078661,0.04832,-0.31024,-0.06409,-1.744,0.7622,0,185.5259,0.071
m062x_gas,m062x_gas,ClPh_3_anion,aryl_anion,Cl,1,-1,1,ok,,-691.162036117,-691.11506,-691.078693,0.076825,0.046976,-0.04803,0.10172,2.7679,,0,173.9326,0.045
m062x_gas,m062x_gas,ClBz_14,parent,Cl,2,0,1,ok,,-1151.39397023,-1151.342469,-1151.304249,0.08215,0.051501,-0.30457,-0.00869,-0.2365,,0,101.2867,0.028
m062x_gas,m062x_gas,ClBz_14_RA,radical_anion,Cl,2,-1,2,ok,,-1151.37587799,-1151.3335,-1151.292418,0.074754,0.042378,0.03808,0.11166,3.0384,0.7583,0,62.4476,0.124
m062x_gas,m062x_gas,ClPh_4_rad,aryl_radical,Cl,1,0,2,ok,,-691.107245581,-691.058264,-691.022215,0.078659,0.048981,-0.30403,-0.06254,-1.7018,0.7625,0,200.3412,0.047
m062x_gas,m062x_gas,ClPh_4_anion,aryl_anion,Cl,1,-1,1,ok,,-691.15898441,-691.111332,-691.075647,0.07683,0.047653,-0.0458,0.10833,2.9478,,0,182.7497,0.028
m062x_gas,m062x_gas,ClBz_123,parent,Cl,3,0,1,ok,,-1610.98802958,-1610.948614,-1610.906678,0.07263,0.039416,-0.31805,-0.01415,-0.385,,0,82.2979,0.045
m062x_gas,m062x_gas,ClBz_123_RA,radical_anion,Cl,3,-1,2,warn,RA_dissociated(C2-X 2.35 A),-1610.99907564,-1610.966518,-1610.920148,0.069169,0.032558,-0.07596,0.08241,2.2425,0.7574,0,43.1195,0.335
m062x_gas,m062x_gas,ClPh_23_rad,aryl_radical,Cl,2,0,2,ok,,-1150.70440157,-1150.667635,-1150.627588,0.069284,0.036767,-0.31476,-0.08153,-2.2185,0.7626,0,138.3573,0.099
m062x_gas,m062x_gas,ClPh_23_anion,aryl_anion,Cl,2,-1,1,ok,,-1150.77913061,-1150.743681,-1150.703913,0.067534,0.035449,-0.07134,0.0961,2.615,,0,103.2533,0.061
m062x_gas,m062x_gas,ClPh_26_rad,aryl_radical,Cl,2,0,2,ok,,-1150.70423019,-1150.666992,-1150.627359,0.069296,0.037238,-0.31725,-0.09235,-2.513,0.7628,0,162.9622,0.064
m062x_gas,m062x_gas,ClPh_26_anion,aryl_anion,Cl,2,-1,1,ok,,-1150.79231592,-1150.756337,-1150.717054,0.06752,0.035979,-0.08919,0.09309,2.5331,,0,161.1569,0.038
m062x_gas,m062x_gas,ClBz_124,parent,Cl,3,0,1,ok,,-1610.9909693,-1610.952421,-1610.909648,0.072569,0.038549,-0.31009,-0.01805,-0.4912,,0,91.8924,0.06
m062x_gas,m062x_gas,ClBz_124_RA,radical_anion,Cl,3,-1,2,warn,RA_dissociated(C2-X 2.43 A),-1611.00089181,-1610.969651,-1610.922023,0.068952,0.031241,-0.08028,0.08508,2.3151,0.7595,0,27.4979,0.847
m062x_gas,m062x_gas,ClPh_24_rad,aryl_radical,Cl,2,0,2,ok,,-1150.70569041,-1150.669157,-1150.628979,0.069163,0.036534,-0.31053,-0.08318,-2.2634,0.7629,0,160.7782,0.137
m062x_gas,m062x_gas,ClPh_24_anion,aryl_anion,Cl,2,-1,1,ok,,-1150.7818378,-1150.746482,-1150.706612,0.067509,0.035356,-0.07433,0.10202,2.7761,,0,155.6152,0.122
m062x_gas,m062x_gas,ClPh_25_rad,aryl_radical,Cl,2,0,2,ok,,-1150.70649291,-1150.670031,-1150.629766,0.069142,0.036462,-0.30791,-0.08467,-2.304,0.7626,0,92.6117,0.143
m062x_gas,m062x_gas,ClPh_25_anion,aryl_anion,Cl,2,-1,1,ok,,-1150.78487037,-1150.749499,-1150.70962,0.067524,0.035371,-0.07628,0.09926,2.701,,0,88.0154,0.061
m062x_gas,m062x_gas,ClPh_34_rad,aryl_radical,Cl,2,0,2,ok,,-1150.70514918,-1150.668467,-1150.62852,0.069121,0.036682,-0.3096,-0.07264,-1.9766,0.7626,0,137.062,0.131
m062x_gas,m062x_gas,ClPh_34_anion,aryl_anion,Cl,2,-1,1,ok,,-1150.7694827,-1150.733912,-1150.694236,0.067572,0.03557,-0.05979,0.1051,2.8599,,0,130.9727,0.073
m062x_gas,m062x_gas,ClBz_135,parent,Cl,3,0,1,ok,,-1610.99342584,-1610.953493,-1610.912257,0.072378,0.039933,-0.32354,-0.01785,-0.4857,,0,128.8661,0.043
m062x_gas,m062x_gas,ClBz_135_RA,radical_anion,Cl,3,-1,2,warn,RA_dissociated(C5-X 2.51 A),-1611.00270342,-1610.972628,-1610.923859,0.068815,0.030075,-0.08096,0.09102,2.4768,0.7615,0,16.5745,1.21
m062x_gas,m062x_gas,ClPh_35_rad,aryl_radical,Cl,2,0,2,ok,,-1150.70859439,-1150.671575,-1150.632068,0.068975,0.037019,-0.31811,-0.07707,-2.0972,0.7623,0,164.0623,0.052
m062x_gas,m062x_gas,ClPh_35_anion,aryl_anion,Cl,2,-1,1,ok,,-1150.77791622,-1150.741808,-1150.702613,0.0676,0.036108,-0.06498,0.10806,2.9405,,0,162.8111,0.044
m062x_gas,m062x_gas,ClBz_1234,parent,Cl,4,0,1,ok,,-2070.5840968,-2070.556479,-2070.511326,0.062813,0.027618,-0.31443,-0.02235,-0.6082,,0,78.8015,0.046
m062x_gas,m062x_gas,ClBz_1234_RA,radical_anion,Cl,4,-1,2,warn,RA_dissociated(C3-X 2.31 A),-2070.60364796,-2070.582706,-2070.533086,0.059578,0.020942,-0.08074,0.08463,2.3029,0.757,0,38.9411,1.125
m062x_gas,m062x_gas,ClPh_234_rad,aryl_radical,Cl,3,0,2,ok,,-1610.30045956,-1610.275227,-1610.232007,0.059755,0.025232,-0.31611,-0.08864,-2.412,0.7631,0,82.7267,0.102
m062x_gas,m062x_gas,ClPh_234_anion,aryl_anion,Cl,3,-1,1,ok,,-1610.38426953,-1610.360284,-1610.317252,0.058137,0.023986,-0.08174,0.09916,2.6983,,0,66.8123,0.075
m062x_gas,m062x_gas,ClPh_236_rad,aryl_radical,Cl,3,0,2,ok,,-1610.30171045,-1610.276634,-1610.233133,0.059827,0.025077,-0.31457,-0.10026,-2.7282,0.7631,0,91.1603,0.099
m062x_gas,m062x_gas,ClPh_236_anion,aryl_anion,Cl,3,-1,1,ok,,-1610.39947495,-1610.375564,-1610.33236,0.058209,0.023911,-0.09844,0.09432,2.5666,,0,74.579,0.069
m062x_gas,m062x_gas,ClBz_1235,parent,Cl,4,0,1,ok,,-2070.58686438,-2070.559224,-2070.51396,0.062943,0.02764,-0.3169,-0.02574,-0.7004,,0,74.024,0.052
m062x_gas,m062x_gas,ClBz_1235_RA,radical_anion,Cl,4,-1,2,warn,RA_dissociated(C3-X 2.40 A),-2070.6052979,-2070.585267,-2070.534703,0.059505,0.020031,-0.08475,0.0893,2.43,0.7588,0,24.6331,0.902
m062x_gas,m062x_gas,ClPh_235_rad,aryl_radical,Cl,3,0,2,ok,,-1610.30391893,-1610.279064,-1610.235552,0.059605,0.024855,-0.31483,-0.09361,-2.5473,0.7628,0,89.554,0.108
m062x_gas,m062x_gas,ClPh_235_anion,aryl_anion,Cl,3,-1,1,ok,,-1610.39267278,-1610.368844,-1610.325586,0.058171,0.023829,-0.08665,0.10371,2.8221,,0,70.7442,0.075
m062x_gas,m062x_gas,ClPh_246_rad,aryl_radical,Cl,3,0,2,ok,,-1610.30282263,-1610.277425,-1610.234403,0.059624,0.025397,-0.32011,-0.10218,-2.7805,0.7632,0,125.3484,0.089
m062x_gas,m062x_gas,ClPh_246_anion,aryl_anion,Cl,3,-1,1,ok,,-1610.40176829,-1610.377323,-1610.33468,0.058134,0.024445,-0.10098,0.10236,2.7854,,0,132.0405,0.061
m062x_gas,m062x_gas,ClPh_345_rad,aryl_radical,Cl,3,0,2,ok,,-1610.30182282,-1610.276198,-1610.233662,0.059458,0.025625,-0.31755,-0.08287,-2.255,0.7627,0,82.327,0.09
m062x_gas,m062x_gas,ClPh_345_anion,aryl_anion,Cl,3,-1,1,ok,,-1610.37830865,-1610.353505,-1610.311197,0.05823,0.024804,-0.07326,0.11241,3.0588,,0,80.9854,0.06
m062x_gas,m062x_gas,ClBz_1245,parent,Cl,4,0,1,ok,,-2070.58727839,-2070.55902,-2070.514294,0.063003,0.028258,-0.31234,-0.02739,-0.7453,,0,66.5533,0.043
m062x_gas,m062x_gas,ClBz_1245_RA,radical_anion,Cl,4,-1,2,ok,,-2070.59500292,-2070.575309,-2070.526395,0.057627,0.019694,0.00064,0.11133,3.0294,0.7573,0,20.5775,0.134
m062x_gas,m062x_gas,ClPh_245_rad,aryl_radical,Cl,3,0,2,ok,,-1610.30256767,-1610.277673,-1610.234237,0.059588,0.024894,-0.31137,-0.09253,-2.5179,0.763,0,90.8287,0.172
m062x_gas,m062x_gas,ClPh_245_anion,aryl_anion,Cl,3,-1,1,ok,,-1610.3901222,-1610.366174,-1610.323027,0.058187,0.023948,-0.08675,0.10741,2.9228,,0,81.0615,0.076
m062x_gas,m062x_gas,ClBz_12345,parent,Cl,5,0,1,ok,,-2530.17934631,-2530.163532,-2530.11507,0.053038,0.015815,-0.31752,-0.03124,-0.8501,,0,65.3648,0.059
m062x_gas,m062x_gas,ClBz_12345_RA,radical_anion,Cl,5,-1,2,ok,,-2530.20733418,-2530.198027,-2530.145195,0.049901,0.009307,-0.08412,0.07799,2.1222,0.7565,0,39.8429,0.642
m062x_gas,m062x_gas,ClPh_2345_rad,aryl_radical,Cl,4,0,2,ok,,-2069.89619502,-2069.882831,-2069.836336,0.049911,0.013364,-0.31689,-0.0985,-2.6803,0.7632,0,79.6461,0.211
m062x_gas,m062x_gas,ClPh_2345_anion,aryl_anion,Cl,4,-1,1,ok,,-2069.99122917,-2069.978928,-2069.932546,0.048541,0.012301,-0.09415,0.10838,2.9492,,0,64.2138,0.078
m062x_gas,m062x_gas,ClPh_2346_rad,aryl_radical,Cl,4,0,2,ok,,-2069.89686511,-2069.883336,-2069.836682,0.050224,0.01353,-0.31906,-0.10679,-2.9059,0.7634,0,73.5567,0.193
m062x_gas,m062x_gas,ClPh_2346_anion,aryl_anion,Cl,4,-1,1,ok,,-2070.00268774,-2069.99028,-2069.943863,0.048685,0.012408,-0.10759,0.10263,2.7927,,0,59.2225,0.14
m062x_gas,m062x_gas,ClPh_2356_rad,aryl_radical,Cl,4,0,2,ok,,-2069.89840107,-2069.884187,-2069.838078,0.050355,0.014214,-0.31675,-0.10836,-2.9486,0.7633,0,65.9994,0.119
m062x_gas,m062x_gas,ClPh_2356_anion,aryl_anion,Cl,4,-1,1,ok,,-2070.00561811,-2069.992561,-2069.946648,0.048854,0.013057,-0.1078,0.1005,2.7347,,0,44.2828,0.075
m062x_gas,m062x_gas,ClBz_123456,parent,Cl,6,0,1,ok,,-2989.7707461,-2989.764829,-2989.714993,0.043277,0.005917,-0.32243,-0.03483,-0.9478,,0,64.2021,0.067
m062x_gas,m062x_gas,ClBz_123456_RA,radical_anion,Cl,6,-1,2,fail,n_imag=1 (want 0; lowest -8.5),-2989.80517581,-2989.806277,-2989.753174,0.039417,-0.001102,-0.03893,0.07973,2.1696,0.7608,1,-8.5277,0.608
m062x_gas,m062x_gas,ClPh_23456_rad,aryl_radical,Cl,5,0,2,ok,,-2529.48990479,-2529.487481,-2529.438286,0.040388,0.002424,-0.32197,-0.1125,-3.0613,0.7636,0,64.6478,0.129
m062x_gas,m062x_gas,ClPh_23456_anion,aryl_anion,Cl,5,-1,1,ok,,-2529.6027138,-2529.601522,-2529.552353,0.038958,0.001192,-0.11447,0.10528,2.8648,,0,38.5126,0.089
m062x_gas,m062x_gas,Br_anion,halide,Br,1,-1,1,ok,,-2574.25638326,-2574.272559,-2574.254023,0.0,-0.016176,-0.07972,0.21108,5.7438,,0,,0.001
m062x_gas,m062x_gas,BrBz_1,parent,Br,1,0,1,ok,,-2805.76447508,-2805.703508,-2805.666677,0.091168,0.060967,-0.30164,-0.00406,-0.1105,,0,169.7863,0.047
m062x_gas,m062x_gas,BrBz_1_RA,radical_anion,Br,1,-1,2,warn,RA_dissociated(C1-X 2.91 A),-2805.76996968,-2805.71771,-2805.674577,0.087468,0.05226,-0.07679,0.07971,2.169,0.7654,0,27.6445,0.125
m062x_gas,m062x_gas,BrBz_12,parent,Br,2,0,1,ok,,-5379.33380106,-5379.286118,-5379.244819,0.08095,0.047683,-0.30473,-0.01009,-0.2746,,0,118.7522,0.059
m062x_gas,m062x_gas,BrBz_12_RA,radical_anion,Br,2,-1,2,warn,RA_dissociated(C2-X 2.61 A),-5379.35103157,-5379.311127,-5379.264171,0.077782,0.039904,-0.07114,0.08108,2.2063,0.7601,0,24.2992,0.379
m062x_gas,m062x_gas,BrPh_2_rad,aryl_radical,Br,1,0,2,ok,,-2805.07823609,-2805.031579,-2804.993452,0.078167,0.046657,-0.30388,-0.07043,-1.9165,0.7626,0,167.2523,0.096
m062x_gas,m062x_gas,BrPh_2_anion,aryl_anion,Br,1,-1,1,ok,,-2805.14471,-2805.099826,-2805.061731,0.07609,0.044884,-0.06727,0.09583,2.6077,,0,145.6909,0.061
m062x_gas,m062x_gas,BrBz_13,parent,Br,2,0,1,ok,,-5379.33703519,-5379.289444,-5379.247991,0.081023,0.047592,-0.30737,-0.01003,-0.2729,,0,136.5232,0.044
m062x_gas,m062x_gas,BrBz_13_RA,radical_anion,Br,2,-1,2,warn,RA_dissociated(C3-X 2.67 A),-5379.3529834,-5379.313542,-5379.266245,0.077603,0.039442,-0.07267,0.08233,2.2403,0.7621,0,31.0619,0.466
m062x_gas,m062x_gas,BrPh_3_rad,aryl_radical,Br,1,0,2,ok,,-2805.07978763,-2805.033166,-2804.995119,0.07807,0.046622,-0.30642,-0.06549,-1.7821,0.7622,0,167.7283,0.092
m062x_gas,m062x_gas,BrPh_3_anion,aryl_anion,Br,1,-1,1,ok,,-2805.13612071,-2805.090954,-2805.053171,0.076171,0.045167,-0.05131,0.10111,2.7513,,0,156.6673,0.056
m062x_gas,m062x_gas,BrBz_14,parent,Br,2,0,1,ok,,-5379.33712346,-5379.289065,-5379.248164,0.080877,0.048058,-0.29972,-0.01097,-0.2985,,0,77.0417,0.026
m062x_gas,m062x_gas,BrBz_14_RA,radical_anion,Br,2,-1,2,fail,n_imag=1 (want 0; lowest -329.0),-5379.32797377,-5379.286052,-5379.243267,0.076389,0.041922,0.00255,0.10353,2.8172,0.7716,1,-328.9626,0.134
m062x_gas,m062x_gas,BrPh_4_rad,aryl_radical,Br,1,0,2,ok,,-2805.07893053,-2805.031673,-2804.994283,0.078047,0.047258,-0.30049,-0.06286,-1.7105,0.7626,0,179.7041,0.057
m062x_gas,m062x_gas,BrPh_4_anion,aryl_anion,Br,1,-1,1,ok,,-2805.13240797,-2805.086489,-2805.049441,0.076223,0.045919,-0.04854,0.10754,2.9263,,0,164.0571,0.043
m062x_gas,m062x_gas,BrBz_123,parent,Br,3,0,1,ok,,-7952.90140925,-7952.867167,-7952.821361,0.070499,0.034243,-0.31164,-0.02289,-0.6229,,0,54.0747,0.069
m062x_gas,m062x_gas,BrBz_123_RA,radical_anion,Br,3,-1,2,warn,RA_dissociated(C2-X 2.51 A),-7952.93063592,-7952.903139,-7952.852385,0.067742,0.027497,-0.07313,0.0776,2.1116,0.7571,0,9.9089,0.161
m062x_gas,m062x_gas,BrPh_23_rad,aryl_radical,Br,2,0,2,ok,,-5378.64829018,-5378.614982,-5378.572319,0.067938,0.033308,-0.30966,-0.07923,-2.156,0.7628,0,121.7544,0.119
m062x_gas,m062x_gas,BrPh_23_anion,aryl_anion,Br,2,-1,1,ok,,-5378.72554806,-5378.693892,-5378.651165,0.066073,0.031656,-0.07665,0.09434,2.5671,,0,83.0448,0.08
m062x_gas,m062x_gas,BrPh_26_rad,aryl_radical,Br,2,0,2,ok,,-5378.6490454,-5378.615144,-5378.572902,0.068103,0.033902,-0.31191,-0.08783,-2.39,0.7631,0,123.4601,0.065
m062x_gas,m062x_gas,BrPh_26_anion,aryl_anion,Br,2,-1,1,ok,,-5378.7405435,-5378.708206,-5378.66593,0.06627,0.032338,-0.09742,0.09099,2.476,,0,127.5603,0.046
m062x_gas,m062x_gas,BrBz_124,parent,Br,3,0,1,ok,,-7952.90536065,-7952.871835,-7952.825223,0.070596,0.033525,-0.30485,-0.02005,-0.5456,,0,76.3135,0.143
m062x_gas,m062x_gas,BrBz_124_RA,radical_anion,Br,3,-1,2,warn,RA_dissociated(C2-X 2.57 A),-7952.93279874,-7952.907143,-7952.854601,0.0676,0.025656,-0.07781,0.08159,2.2202,0.759,0,8.7017,0.525
m062x_gas,m062x_gas,BrPh_24_rad,aryl_radical,Br,2,0,2,ok,,-5378.6497392,-5378.616538,-5378.573745,0.067972,0.033201,-0.30601,-0.08101,-2.2044,0.763,0,130.9821,0.123
m062x_gas,m062x_gas,BrPh_24_anion,aryl_anion,Br,2,-1,1,ok,,-5378.72911866,-5378.697353,-5378.654585,0.066244,0.031766,-0.08128,0.09957,2.7094,,0,127.2974,0.076
m062x_gas,m062x_gas,BrPh_25_rad,aryl_radical,Br,2,0,2,ok,,-5378.65063819,-5378.617422,-5378.574639,0.06795,0.033216,-0.30285,-0.08366,-2.2765,0.7627,0,80.519,0.198
m062x_gas,m062x_gas,BrPh_25_anion,aryl_anion,Br,2,-1,1,ok,,-5378.73264249,-5378.700918,-5378.658128,0.066195,0.031725,-0.08341,0.09773,2.6594,,0,67.1857,0.122
m062x_gas,m062x_gas,BrPh_34_rad,aryl_radical,Br,2,0,2,ok,,-5378.64803819,-5378.614794,-5378.572236,0.067788,0.033244,-0.3055,-0.07366,-2.0044,0.7626,0,117.0638,0.109
m062x_gas,m062x_gas,BrPh_34_anion,aryl_anion,Br,2,-1,1,ok,,-5378.71507229,-5378.682979,-5378.640637,0.066235,0.032093,-0.06391,0.10424,2.8365,,0,112.1395,0.064
m062x_gas,m062x_gas,BrBz_135,parent,Br,3,0,1,ok,,-7952.90820945,-7952.873093,-7952.828033,0.070636,0.035117,-0.31791,-0.02158,-0.5872,,0,111.2182,0.046
m062x_gas,m062x_gas,BrBz_135_RA,radical_anion,Br,3,-1,2,warn,RA_dissociated(C1-X 2.60 A),-7952.93455855,-7952.907848,-7952.856397,0.067616,0.02671,-0.07749,0.08049,2.1902,0.7605,0,33.5307,0.738
m062x_gas,m062x_gas,BrPh_35_rad,aryl_radical,Br,2,0,2,ok,,-5378.65211038,-5378.618292,-5378.576242,0.06787,0.033819,-0.31305,-0.07981,-2.1717,0.7623,0,136.0008,0.099
m062x_gas,m062x_gas,BrPh_35_anion,aryl_anion,Br,2,-1,1,ok,,-5378.725477,-5378.692864,-5378.650924,0.066323,0.032613,-0.07062,0.10685,2.9075,,0,128.9699,0.075
m062x_gas,m062x_gas,BrBz_1234,parent,Br,4,0,1,ok,,-10526.4681775,-10526.447366,-10526.397084,0.059999,0.020812,-0.3078,-0.03462,-0.9421,,0,46.561,0.135
m062x_gas,m062x_gas,BrBz_1234_RA,radical_anion,Br,4,-1,2,ok,,-10526.5063877,-10526.491981,-10526.436918,0.057482,0.014406,-0.07842,0.06827,1.8577,0.7564,0,17.8746,0.631
m062x_gas,m062x_gas,BrPh_234_rad,aryl_radical,Br,3,0,2,ok,,-7952.21523313,-7952.195226,-7952.148114,0.057594,0.020007,-0.30994,-0.08504,-2.3141,0.7633,0,53.9945,0.232
m062x_gas,m062x_gas,BrPh_234_anion,aryl_anion,Br,3,-1,1,ok,,-7952.30122013,-7952.282735,-7952.235471,0.055949,0.018485,-0.08699,0.09689,2.6365,,0,38.752,0.217
m062x_gas,m062x_gas,BrPh_236_rad,aryl_radical,Br,3,0,2,ok,,-7952.21815364,-7952.198202,-7952.150815,0.057796,0.019951,-0.30842,-0.09496,-2.584,0.7634,0,74.7807,0.23
m062x_gas,m062x_gas,BrPh_236_anion,aryl_anion,Br,3,-1,1,ok,,-7952.31855826,-7952.300142,-7952.252622,0.056101,0.018417,-0.10505,0.09246,2.516,,0,54.4572,0.159
m062x_gas,m062x_gas,BrBz_1235,parent,Br,4,0,1,ok,,-10526.4719797,-10526.451341,-10526.400807,0.060039,0.020639,-0.31079,-0.03306,-0.8996,,0,43.0381,0.129
m062x_gas,m062x_gas,BrBz_1235_RA,radical_anion,Br,4,-1,2,ok,,-10526.5092796,-10526.494829,-10526.439686,0.057593,0.01445,-0.0814,0.07163,1.9492,0.7566,0,17.5328,0.493
m062x_gas,m062x_gas,BrPh_235_rad,aryl_radical,Br,3,0,2,ok,,-7952.21966252,-7952.199874,-7952.152528,0.057591,0.019788,-0.30898,-0.09216,-2.5078,0.763,0,75.2178,0.13
m062x_gas,m062x_gas,BrPh_235_anion,aryl_anion,Br,3,-1,1,ok,,-7952.31172894,-7952.29333,-7952.24587,0.056043,0.018399,-0.09275,0.10183,2.7709,,0,53.6939,0.106
m062x_gas,m062x_gas,BrPh_246_rad,aryl_radical,Br,3,0,2,ok,,-7952.21934196,-7952.19894,-7952.152028,0.057753,0.020402,-0.31453,-0.09703,-2.6403,0.7635,0,104.7699,0.083
m062x_gas,m062x_gas,BrPh_246_anion,aryl_anion,Br,3,-1,1,ok,,-7952.32165717,-7952.302548,-7952.255608,0.056195,0.019109,-0.1092,0.09765,2.6572,,0,102.8064,0.099
m062x_gas,m062x_gas,BrPh_345_rad,aryl_radical,Br,3,0,2,ok,,-7952.21547914,-7952.19501,-7952.148612,0.057341,0.02047,-0.3127,-0.08469,-2.3045,0.7626,0,54.6015,0.142
m062x_gas,m062x_gas,BrPh_345_anion,aryl_anion,Br,3,-1,1,ok,,-7952.29545765,-7952.275932,-7952.229634,0.056074,0.019526,-0.07866,0.09787,2.6632,,0,53.8742,0.05
m062x_gas,m062x_gas,BrBz_1245,parent,Br,4,0,1,ok,,-10526.4729685,-10526.45153,-10526.401704,0.06016,0.021438,-0.30685,-0.02918,-0.794,,0,41.8159,0.05
m062x_gas,m062x_gas,BrBz_1245_RA,radical_anion,Br,4,-1,2,warn,RA_dissociated(C4-X 2.55 A),-10526.5061066,-10526.493645,-10526.436632,0.057383,0.012462,-0.08379,0.07566,2.0588,0.7587,0,4.3266,0.427
m062x_gas,m062x_gas,BrPh_245_rad,aryl_radical,Br,3,0,2,ok,,-7952.21788211,-7952.198098,-7952.150789,0.057551,0.019784,-0.30621,-0.09085,-2.4722,0.7631,0,75.8227,0.168
m062x_gas,m062x_gas,BrPh_245_anion,aryl_anion,Br,3,-1,1,ok,,-7952.30885851,-7952.290129,-7952.242916,0.056168,0.018729,-0.09375,0.10047,2.7339,,0,66.8204,0.2
m062x_gas,m062x_gas,BrBz_12345,parent,Br,5,0,1,ok,,-13100.0341301,-13100.026665,-13099.971955,0.049504,0.007465,-0.31066,-0.04612,-1.255,,0,39.3703,0.182
m062x_gas,m062x_gas,BrBz_12345_RA,radical_anion,Br,5,-1,2,ok,,-13100.0810944,-13100.079733,-13100.020447,0.047112,0.001362,-0.0826,0.05584,1.5195,0.7559,0,21.2347,0.562
m062x_gas,m062x_gas,BrPh_2345_rad,aryl_radical,Br,4,0,2,ok,,-10525.7818171,-10525.775271,-10525.723664,0.047071,0.006547,-0.31005,-0.09535,-2.5946,0.7633,0,46.245,0.343
m062x_gas,m062x_gas,BrPh_2345_anion,aryl_anion,Br,4,-1,1,ok,,-10525.879202,-10525.873846,-10525.822156,0.04571,0.005356,-0.09949,0.08945,2.4341,,0,38.0796,0.231
m062x_gas,m062x_gas,BrPh_2346_rad,aryl_radical,Br,4,0,2,ok,,-10525.7842008,-10525.777787,-10525.725813,0.047251,0.006414,-0.31237,-0.10021,-2.7269,0.7638,0,43.0444,0.343
m062x_gas,m062x_gas,BrPh_2346_anion,aryl_anion,Br,4,-1,1,ok,,-10525.8920081,-10525.886929,-10525.834833,0.045762,0.005079,-0.11353,0.0909,2.4735,,0,31.525,0.229
m062x_gas,m062x_gas,BrPh_2356_rad,aryl_radical,Br,4,0,2,ok,,-10525.7865949,-10525.779456,-10525.728111,0.047357,0.007139,-0.31046,-0.10286,-2.799,0.7636,0,40.9548,0.195
m062x_gas,m062x_gas,BrPh_2356_anion,aryl_anion,Br,4,-1,1,ok,,-10525.89579,-10525.889853,-10525.838506,0.045937,0.005937,-0.1128,0.09878,2.6879,,0,27.8134,0.068
m062x_gas,m062x_gas,BrBz_123456,parent,Br,6,0,1,ok,,-15673.5939421,-15673.597973,-15673.540863,0.038896,-0.004031,-0.31412,-0.05883,-1.6008,,0,36.4291,0.079
m062x_gas,m062x_gas,BrBz_123456_RA,radical_anion,Br,6,-1,2,ok,,-15673.6472549,-15673.662298,-15673.596421,0.035557,-0.015043,-0.05325,0.04854,1.3208,0.7568,0,1.5759,2.235
m062x_gas,m062x_gas,BrPh_23456_rad,aryl_radical,Br,5,0,2,ok,,-13099.3474901,-13099.353723,-13099.298114,0.036666,-0.006232,-0.31416,-0.10522,-2.8632,0.764,0,38.5526,0.173
m062x_gas,m062x_gas,BrPh_23456_anion,aryl_anion,Br,5,-1,1,ok,,-13099.4608933,-13099.46843,-13099.412712,0.035231,-0.007537,-0.11826,0.08119,2.2093,,0,23.4179,0.185
m062x_smd,m062x_smd,Bz,parent,,0,0,1,ok,,-232.193279215,-232.118126,-232.086672,0.101296,0.075153,-0.31057,0.00618,0.1682,,0,409.5006,0.026
m062x_smd,m062x_smd,Cl_anion,halide,Cl,1,-1,1,ok,,-460.372738797,-460.387762,-460.370378,0.0,-0.015023,-0.29088,0.06648,1.809,,0,,0.002
m062x_smd,m062x_smd,ClBz_1,parent,Cl,1,0,1,ok,,-691.795991759,-691.7334,-691.697879,0.0917,0.062591,-0.30496,0.00386,0.105,,0,187.3863,0.073
m062x_smd,m062x_smd,ClBz_1_RA,radical_anion,Cl,1,-1,2,fail,error:unknown; no_free_energy,-691.839506004,,,,,-0.09968,0.00698,0.1899,0.7587,0,,1.535
m062x_smd,m062x_smd,Ph_rad,aryl_radical,,0,0,2,ok,,-231.508327796,-231.447589,-231.414921,0.088114,0.060739,-0.30522,-0.05242,-1.4264,0.7616,0,399.6534,0.051
m062x_smd,m062x_smd,Ph_anion,aryl_anion,,0,-1,1,ok,,-231.644966077,-231.584295,-231.552242,0.08743,0.060671,-0.22215,0.0106,0.2884,,0,369.8434,0.029
m062x_smd,m062x_smd,ClBz_12,parent,Cl,2,0,1,ok,,-1151.39393944,-1151.343015,-1151.304239,0.082139,0.050925,-0.30741,0.0007,0.019,,0,135.102,0.036
m062x_smd,m062x_smd,ClBz_12_RA,radical_anion,Cl,2,-1,2,ok,,-1151.44571537,-1151.404731,-1151.361538,0.075175,0.040984,-0.108,0.00659,0.1793,0.7582,0,66.4844,0.226
m062x_smd,m062x_smd,ClPh_2_rad,aryl_radical,Cl,1,0,2,ok,,-691.108133951,-691.059775,-691.022986,0.078756,0.048359,-0.30701,-0.07193,-1.9573,0.762,0,184.3954,0.106
m062x_smd,m062x_smd,ClPh_2_anion,aryl_anion,Cl,1,-1,1,ok,,-691.26158298,-691.213527,-691.177289,0.077858,0.048056,-0.23712,0.00795,0.2163,,0,171.9101,0.107
m062x_smd,m062x_smd,ClBz_13,parent,Cl,2,0,1,ok,,-1151.39650034,-1151.345792,-1151.306856,0.082061,0.050708,-0.3078,-0.00074,-0.0201,,0,164.0844,0.061
m062x_smd,m062x_smd,ClBz_13_RA,radical_anion,Cl,2,-1,2,ok,,-1151.44976259,-1151.407553,-1151.365084,0.076023,0.04221,-0.1122,0.0038,0.1034,0.759,0,68.4293,0.284
m062x_smd,m062x_smd,ClPh_3_rad,aryl_radical,Cl,1,0,2,ok,,-691.110073703,-691.061822,-691.025085,0.078606,0.048251,-0.30824,-0.06021,-1.6384,0.7619,0,183.8288,0.104
m062x_smd,m062x_smd,ClPh_3_anion,aryl_anion,Cl,1,-1,1,ok,,-691.253777511,-691.205556,-691.169404,0.077974,0.048222,-0.22828,0.00794,0.2161,,0,182.7572,0.064
m062x_smd,m062x_smd,ClBz_14,parent,Cl,2,0,1,ok,,-1151.39691102,-1151.345514,-1151.30725,0.082073,0.051397,-0.30112,-0.00053,-0.0144,,0,98.946,0.06
m062x_smd,m062x_smd,ClBz_14_RA,radical_anion,Cl,2,-1,2,ok,,-1151.45014267,-1151.410983,-1151.367331,0.073569,0.039159,-0.10777,0.00539,0.1467,0.7587,0,23.1116,0.611
m062x_smd,m062x_smd,ClPh_4_rad,aryl_radical,Cl,1,0,2,ok,,-691.109487561,-691.060613,-691.024533,0.078569,0.048875,-0.30268,-0.05797,-1.5774,0.7622,0,197.9866,0.068
m062x_smd,m062x_smd,ClPh_4_anion,aryl_anion,Cl,1,-1,1,ok,,-691.251479686,-691.202658,-691.167146,0.077925,0.048821,-0.22772,0.00783,0.2131,,0,187.9623,0.049
m062x_smd,m062x_smd,ClBz_123,parent,Cl,3,0,1,ok,,-1610.99025922,-1610.950928,-1610.908951,0.072564,0.039331,-0.31332,-0.00657,-0.1788,,0,82.8174,0.071
m062x_smd,m062x_smd,ClBz_123_RA,radical_anion,Cl,3,-1,2,warn,RA_dissociated(C2-X 2.96 A),-1611.08209012,-1611.050378,-1611.002501,0.069558,0.031712,-0.27171,-0.04785,-1.3021,0.7648,0,41.0903,0.454
m062x_smd,m062x_smd,ClPh_23_rad,aryl_radical,Cl,2,0,2,ok,,-1150.70611597,-1150.669443,-1150.629348,0.069217,0.036673,-0.31238,-0.07801,-2.1228,0.7623,0,136.2405,0.167
m062x_smd,m062x_smd,ClPh_23_anion,aryl_anion,Cl,2,-1,1,ok,,-1150.86436529,-1150.827966,-1150.788409,0.068381,0.0364,-0.24005,0.00808,0.2199,,0,106.4374,0.089
m062x_smd,m062x_smd,ClPh_26_rad,aryl_radical,Cl,2,0,2,ok,,-1150.70579516,-1150.668548,-1150.6289,0.069315,0.037247,-0.31272,-0.09073,-2.4689,0.7626,0,161.7682,0.086
m062x_smd,m062x_smd,ClPh_26_anion,aryl_anion,Cl,2,-1,1,ok,,-1150.87600173,-1150.839014,-1150.80009,0.068333,0.036987,-0.25224,0.00758,0.2063,,0,175.1452,0.056
m062x_smd,m062x_smd,ClBz_124,parent,Cl,3,0,1,ok,,-1610.99306186,-1610.954589,-1610.911786,0.072506,0.038473,-0.30556,-0.00884,-0.2405,,0,93.0206,0.103
m062x_smd,m062x_smd,ClBz_124_RA,radical_anion,Cl,3,-1,2,warn,RA_dissociated(C2-X 3.16 A),-1611.08454204,-1611.053613,-1611.005037,0.069437,0.030929,-0.27869,-0.04279,-1.1644,0.7641,0,39.9395,1.294
m062x_smd,m062x_smd,ClPh_24_rad,aryl_radical,Cl,2,0,2,ok,,-1150.70724469,-1150.670829,-1150.630608,0.069067,0.036415,-0.3062,-0.07748,-2.1083,0.7626,0,160.0252,0.094
m062x_smd,m062x_smd,ClPh_24_anion,aryl_anion,Cl,2,-1,1,ok,,-1150.86577914,-1150.829562,-1150.789906,0.068265,0.036217,-0.24238,0.00689,0.1875,,0,160.2244,0.062
m062x_smd,m062x_smd,ClPh_25_rad,aryl_radical,Cl,2,0,2,ok,,-1150.70812476,-1150.671661,-1150.631404,0.069136,0.036464,-0.30399,-0.0793,-2.1579,0.7624,0,94.0198,0.097
m062x_smd,m062x_smd,ClPh_25_anion,aryl_anion,Cl,2,-1,1,ok,,-1150.86826143,-1150.832058,-1150.79239,0.068248,0.036204,-0.24307,0.00674,0.1834,,0,92.5874,0.068
m062x_smd,m062x_smd,ClPh_34_rad,aryl_radical,Cl,2,0,2,ok,,-1150.70673986,-1150.670191,-1150.630194,0.069016,0.036549,-0.30696,-0.06449,-1.7549,0.7624,0,133.5627,0.094
m062x_smd,m062x_smd,ClPh_34_anion,aryl_anion,Cl,2,-1,1,ok,,-1150.85490023,-1150.818343,-1150.77888,0.068455,0.036557,-0.23288,0.00805,0.2191,,0,133.2904,0.055
m062x_smd,m062x_smd,ClBz_135,parent,Cl,3,0,1,ok,,-1610.99489921,-1610.956038,-1610.913741,0.072356,0.038861,-0.31645,-0.00932,-0.2536,,0,130.7238,0.05
m062x_smd,m062x_smd,ClBz_135_RA,radical_anion,Cl,3,-1,2,warn,RA_dissociated(C5-X 3.32 A),-1611.08537659,-1611.054895,-1611.006036,0.069268,0.030482,-0.28076,-0.03888,-1.058,0.7634,0,31.444,1.389
m062x_smd,m062x_smd,ClPh_35_rad,aryl_radical,Cl,2,0,2,ok,,-1150.70965806,-1150.672631,-1150.633133,0.068976,0.037027,-0.31293,-0.06847,-1.8632,0.7622,0,165.9301,0.085
m062x_smd,m062x_smd,ClPh_35_anion,aryl_anion,Cl,2,-1,1,ok,,-1150.86052836,-1150.823591,-1150.784598,0.068331,0.036938,-0.23458,0.00663,0.1804,,0,161.8686,0.056
m062x_smd,m062x_smd,ClBz_1234,parent,Cl,4,0,1,ok,,-2070.58525182,-2070.557846,-2070.512552,0.062696,0.027406,-0.30987,-0.01404,-0.382,,0,76.6956,0.079
m062x_smd,m062x_smd,ClBz_1234_RA,radical_anion,Cl,4,-1,2,warn,RA_dissociated(C3-X 2.52 A),-2070.68026944,-2070.659507,-2070.609361,0.05981,0.020763,-0.24563,-0.05104,-1.3889,0.7612,0,38.5433,1.485
m062x_smd,m062x_smd,ClPh_234_rad,aryl_radical,Cl,3,0,2,ok,,-1610.30126292,-1610.276155,-1610.232884,0.059656,0.025107,-0.31163,-0.08187,-2.2278,0.7629,0,82.5045,0.178
m062x_smd,m062x_smd,ClPh_234_anion,aryl_anion,Cl,3,-1,1,ok,,-1610.46367635,-1610.438843,-1610.396078,0.058833,0.024833,-0.24413,0.00824,0.2242,,0,71.2436,0.08
m062x_smd,m062x_smd,ClPh_236_rad,aryl_radical,Cl,3,0,2,ok,,-1610.30231151,-1610.277306,-1610.233772,0.05977,0.025005,-0.30977,-0.09615,-2.6164,0.7629,0,91.9906,0.17
m062x_smd,m062x_smd,ClPh_236_anion,aryl_anion,Cl,3,-1,1,ok,,-1610.47715295,-1610.452562,-1610.409618,0.058737,0.024591,-0.25508,0.00802,0.2182,,0,80.3616,0.125
m062x_smd,m062x_smd,ClBz_1235,parent,Cl,4,0,1,ok,,-2070.58753128,-2070.559992,-2070.514666,0.062878,0.027539,-0.31161,-0.01651,-0.4493,,0,72.5585,0.058
m062x_smd,m062x_smd,ClBz_1235_RA,radical_anion,Cl,4,-1,2,fail,error:unknown; no_free_energy; RA_dissociated(C3-X 2.96 A),-2070.68142679,,,,,-0.27321,-0.04699,-1.2787,0.765,0,,2.799
m062x_smd,m062x_smd,ClPh_235_rad,aryl_radical,Cl,3,0,2,ok,,-1610.30426097,-1610.279496,-1610.23599,0.059499,0.024765,-0.31002,-0.08611,-2.3432,0.7627,0,91.6855,0.207
m062x_smd,m062x_smd,ClPh_235_anion,aryl_anion,Cl,3,-1,1,ok,,-1610.46959547,-1610.445075,-1610.402082,0.058703,0.02452,-0.24601,0.00711,0.1935,,0,77.3099,0.126
m062x_smd,m062x_smd,ClPh_246_rad,aryl_radical,Cl,3,0,2,ok,,-1610.3029716,-1610.277534,-1610.234538,0.059644,0.025437,-0.31331,-0.09634,-2.6215,0.7631,0,126.1596,0.101
m062x_smd,m062x_smd,ClPh_246_anion,aryl_anion,Cl,3,-1,1,ok,,-1610.4780966,-1610.452868,-1610.410558,0.058733,0.025229,-0.25712,0.00675,0.1837,,0,137.9061,0.07
m062x_smd,m062x_smd,ClPh_345_rad,aryl_radical,Cl,3,0,2,ok,,-1610.30228658,-1610.276742,-1610.234167,0.059397,0.025545,-0.31377,-0.07197,-1.9584,0.7626,0,82.5457,0.103
m062x_smd,m062x_smd,ClPh_345_anion,aryl_anion,Cl,3,-1,1,ok,,-1610.45681482,-1610.431244,-1610.389171,0.058869,0.02557,-0.23835,0.00701,0.1908,,0,82.3697,0.073
m062x_smd,m062x_smd,ClBz_1245,parent,Cl,4,0,1,ok,,-2070.58806341,-2070.559935,-2070.515154,0.062904,0.028128,-0.30729,-0.01727,-0.4699,,0,64.6624,0.058
m062x_smd,m062x_smd,ClBz_1245_RA,radical_anion,Cl,4,-1,2,ok,,-2070.65807911,-2070.638668,-2070.589686,0.057295,0.019412,-0.13025,-0.00235,-0.0639,0.7578,0,26.4096,0.152
m062x_smd,m062x_smd,ClPh_245_rad,aryl_radical,Cl,3,0,2,ok,,-1610.30312277,-1610.278245,-1610.234811,0.059563,0.024878,-0.30656,-0.08388,-2.2825,0.7629,0,92.4504,0.169
m062x_smd,m062x_smd,ClPh_245_anion,aryl_anion,Cl,3,-1,1,ok,,-1610.46770488,-1610.442931,-1610.400098,0.058828,0.024774,-0.24766,0.00734,0.1997,,0,90.6585,0.079
m062x_smd,m062x_smd,ClBz_12345,parent,Cl,5,0,1,ok,,-2530.17868992,-2530.163011,-2530.11446,0.052963,0.015679,-0.31276,-0.02287,-0.6223,,0,62.9638,0.193
m062x_smd,m062x_smd,ClBz_12345_RA,radical_anion,Cl,5,-1,2,warn,RA_dissociated(C3-X 2.46 A),-2530.27784307,-2530.268517,-2530.215358,0.050189,0.009326,-0.24343,-0.05791,-1.5758,0.7598,0,40.0728,0.933
m062x_smd,m062x_smd,ClPh_2345_rad,aryl_radical,Cl,4,0,2,ok,,-2069.89542347,-2069.882256,-2069.835661,0.049776,0.013168,-0.31233,-0.08958,-2.4376,0.7631,0,78.5921,0.133
m062x_smd,m062x_smd,ClPh_2345_anion,aryl_anion,Cl,4,-1,1,ok,,-2070.06422261,-2070.051181,-2070.005137,0.049068,0.013041,-0.24983,0.0045,0.1225,,0,72.5957,0.085
m062x_smd,m062x_smd,ClPh_2346_rad,aryl_radical,Cl,4,0,2,ok,,-2069.89581746,-2069.882351,-2069.83565,0.050189,0.013466,-0.3135,-0.10042,-2.7326,0.7634,0,72.0815,0.142
m062x_smd,m062x_smd,ClPh_2346_anion,aryl_anion,Cl,4,-1,1,ok,,-2070.07482176,-2070.061788,-2070.015667,0.049134,0.013033,-0.25896,0.00706,0.1921,,0,63.909,0.095
m062x_smd,m062x_smd,ClPh_2356_rad,aryl_radical,Cl,4,0,2,ok,,-2069.8972884,-2069.883248,-2069.83704,0.050239,0.01404,-0.31168,-0.10253,-2.79,0.7632,0,64.0804,0.086
m062x_smd,m062x_smd,ClPh_2356_anion,aryl_anion,Cl,4,-1,1,ok,,-2070.07727594,-2070.063797,-2070.018052,0.049182,0.013479,-0.2581,0.00941,0.2561,,0,45.4734,0.072
m062x_smd,m062x_smd,ClBz_123456,parent,Cl,6,0,1,ok,,-2989.76836225,-2989.763666,-2989.712655,0.043194,0.004696,-0.3181,-0.02866,-0.7799,,0,60.295,0.053
m062x_smd,m062x_smd,ClBz_123456_RA,radical_anion,Cl,6,-1,2,fail,n_imag=2 (want 0; lowest -28.0),-2989.86163484,-2989.861576,-2989.810658,0.039191,5.9e-05,-0.16165,-0.03817,-1.0387,0.7615,2,-27.9623,0.728
m062x_smd,m062x_smd,ClPh_23456_rad,aryl_radical,Cl,5,0,2,ok,,-2529.48716714,-2529.484904,-2529.435597,0.040301,0.002263,-0.31725,-0.10594,-2.8828,0.7637,0,62.3316,0.1
m062x_smd,m062x_smd,ClPh_23456_anion,aryl_anion,Cl,5,-1,1,ok,,-2529.67045718,-2529.66881,-2529.619854,0.039294,0.001647,-0.26124,9e-05,0.0024,,0,40.053,0.07
m062x_smd,m062x_smd,Br_anion,halide,Br,1,-1,1,ok,,-2574.34131669,-2574.357492,-2574.338956,0.0,-0.016176,-0.24661,0.05233,1.424,,0,,0.001
m062x_smd,m062x_smd,BrBz_1,parent,Br,1,0,1,ok,,-2805.76828529,-2805.707411,-2805.670552,0.091092,0.060875,-0.30049,0.00397,0.108,,0,168.3443,0.037
m062x_smd,m062x_smd,BrBz_1_RA,radical_anion,Br,1,-1,2,warn,RA_dissociated(C1-X 4.90 A),-2805.85226763,-2805.799745,-2805.756027,0.088426,0.052522,-0.24966,-0.05006,-1.3622,0.7616,0,31.9709,1.434
m062x_smd,m062x_smd,BrBz_12,parent,Br,2,0,1,ok,,-5379.33820778,-5379.290614,-5379.249247,0.080906,0.047593,-0.30268,-0.00519,-0.1412,,0,112.7293,0.053
m062x_smd,m062x_smd,BrBz_12_RA,radical_anion,Br,2,-1,2,fail,n_imag=1 (want 0; lowest -203.5),-5379.41080566,-5379.369429,-5379.324659,0.077698,0.041376,-0.15937,-0.02487,-0.6767,0.7543,1,-203.4578,0.28
m062x_smd,m062x_smd,BrPh_2_rad,aryl_radical,Br,1,0,2,ok,,-2805.0814178,-2805.034835,-2804.996673,0.078113,0.046583,-0.30272,-0.06963,-1.8947,0.7622,0,164.9003,0.103
m062x_smd,m062x_smd,BrPh_2_anion,aryl_anion,Br,1,-1,1,ok,,-2805.2313814,-2805.185127,-2805.147487,0.077212,0.046255,-0.23114,0.0086,0.234,,0,156.155,0.078
m062x_smd,m062x_smd,BrBz_13,parent,Br,2,0,1,ok,,-5379.341033,-5379.293404,-5379.251955,0.081059,0.047629,-0.30337,-0.00372,-0.1012,,0,136.6554,0.05
m062x_smd,m062x_smd,BrBz_13_RA,radical_anion,Br,2,-1,2,fail,n_imag=1 (want 0; lowest -576.3),-5379.3996913,-5379.360063,-5379.314578,0.076418,0.039629,-0.1377,-0.01612,-0.4386,0.756,1,-576.3001,0.471
m062x_smd,m062x_smd,BrPh_3_rad,aryl_radical,Br,1,0,2,ok,,-2805.08252763,-2805.036042,-2804.997955,0.077954,0.046485,-0.30423,-0.06143,-1.6716,0.7619,0,165.8643,0.075
m062x_smd,m062x_smd,BrPh_3_anion,aryl_anion,Br,1,-1,1,ok,,-2805.22641742,-2805.179925,-2805.142409,0.077373,0.046492,-0.22756,0.00871,0.237,,0,162.9068,0.046
m062x_smd,m062x_smd,BrBz_14,parent,Br,2,0,1,ok,,-5379.34140553,-5379.293498,-5379.252515,0.080782,0.047908,-0.29598,-0.00475,-0.1293,,0,73.7204,0.057
m062x_smd,m062x_smd,BrBz_14_RA,radical_anion,Br,2,-1,2,ok,,-5379.39483155,-5379.355485,-5379.311533,0.074328,0.039347,-0.11048,0.00348,0.0947,0.7575,0,53.7546,0.792
m062x_smd,m062x_smd,BrPh_4_rad,aryl_radical,Br,1,0,2,ok,,-2805.08186167,-2805.034704,-2804.997282,0.077965,0.047158,-0.29875,-0.05799,-1.578,0.7622,0,177.5511,0.066
m062x_smd,m062x_smd,BrPh_4_anion,aryl_anion,Br,1,-1,1,ok,,-2805.22402837,-2805.176909,-2805.140062,0.077334,0.04712,-0.22744,0.00872,0.2373,,0,170.1057,0.05
m062x_smd,m062x_smd,BrBz_123,parent,Br,3,0,1,ok,,-7952.90598823,-7952.871834,-7952.82595,0.070463,0.034155,-0.30755,-0.02113,-0.575,,0,52.8993,0.108
m062x_smd,m062x_smd,BrBz_123_RA,radical_anion,Br,3,-1,2,warn,RA_dissociated(C2-X 2.59 A),-7952.99990443,-7952.971176,-7952.92134,0.068146,0.028729,-0.207,-0.03905,-1.0626,0.7592,0,22.5757,0.237
m062x_smd,m062x_smd,BrPh_23_rad,aryl_radical,Br,2,0,2,ok,,-5378.65183342,-5378.618597,-5378.575896,0.067888,0.033237,-0.30735,-0.07587,-2.0645,0.7625,0,120.6751,0.17
m062x_smd,m062x_smd,BrPh_23_anion,aryl_anion,Br,2,-1,1,ok,,-5378.80573404,-5378.773038,-5378.730703,0.06689,0.032696,-0.23245,0.00545,0.1483,,0,86.5492,0.082
m062x_smd,m062x_smd,BrPh_26_rad,aryl_radical,Br,2,0,2,ok,,-5378.65249981,-5378.61849,-5378.576255,0.068209,0.03401,-0.30808,-0.08647,-2.353,0.7628,0,123.7821,0.078
m062x_smd,m062x_smd,BrPh_26_anion,aryl_anion,Br,2,-1,1,ok,,-5378.81640083,-5378.783304,-5378.741392,0.066819,0.033097,-0.24102,0.00689,0.1875,,0,130.9931,0.047
m062x_smd,m062x_smd,BrBz_124,parent,Br,3,0,1,ok,,-7952.90943156,-7952.875818,-7952.829204,0.070687,0.033613,-0.30099,-0.01305,-0.3551,,0,74.8496,0.096
m062x_smd,m062x_smd,BrBz_124_RA,radical_anion,Br,3,-1,2,warn,RA_dissociated(C2-X 2.66 A),-7953.00039342,-7952.973845,-7952.922017,0.06779,0.026549,-0.21182,-0.03218,-0.8757,0.7612,0,23.5208,0.72
m062x_smd,m062x_smd,BrPh_24_rad,aryl_radical,Br,2,0,2,ok,,-5378.65277932,-5378.619753,-5378.576855,0.067864,0.033027,-0.30211,-0.07565,-2.0585,0.7628,0,130.0526,0.226
m062x_smd,m062x_smd,BrPh_24_anion,aryl_anion,Br,2,-1,1,ok,,-5378.80835453,-5378.775683,-5378.733226,0.066987,0.032671,-0.23657,0.00655,0.1782,,0,126.8147,0.08
m062x_smd,m062x_smd,BrPh_25_rad,aryl_radical,Br,2,0,2,ok,,-5378.65380433,-5378.62047,-5378.577721,0.068045,0.033335,-0.29907,-0.07858,-2.1383,0.7625,0,82.4568,0.139
m062x_smd,m062x_smd,BrPh_25_anion,aryl_anion,Br,2,-1,1,ok,,-5378.81106332,-5378.778188,-5378.735968,0.066978,0.032876,-0.23704,0.00705,0.1918,,0,85.6055,0.121
m062x_smd,m062x_smd,BrPh_34_rad,aryl_radical,Br,2,0,2,ok,,-5378.65111779,-5378.617917,-5378.575367,0.067733,0.033201,-0.30281,-0.06567,-1.787,0.7624,0,119.2683,0.185
m062x_smd,m062x_smd,BrPh_34_anion,aryl_anion,Br,2,-1,1,ok,,-5378.79950865,-5378.766493,-5378.724295,0.067113,0.033016,-0.23201,0.00382,0.1039,,0,102.6507,0.075
m062x_smd,m062x_smd,BrBz_135,parent,Br,3,0,1,ok,,-7952.91136217,-7952.877293,-7952.831135,0.070667,0.03407,-0.31288,-0.01558,-0.424,,0,109.6872,0.081
m062x_smd,m062x_smd,BrBz_135_RA,radical_anion,Br,3,-1,2,warn,RA_dissociated(C1-X 2.92 A),-7953.00042048,-7952.973916,-7952.921875,0.067921,0.026504,-0.22772,-0.02733,-0.7437,0.7652,0,17.4589,0.33
m062x_smd,m062x_smd,BrPh_35_rad,aryl_radical,Br,2,0,2,ok,,-5378.6544488,-5378.620508,-5378.578494,0.067971,0.03394,-0.30862,-0.07183,-1.9546,0.7622,0,137.4449,0.07
m062x_smd,m062x_smd,BrPh_35_anion,aryl_anion,Br,2,-1,1,ok,,-5378.80608009,-5378.772283,-5378.730743,0.06729,0.033797,-0.23337,0.00597,0.1625,,0,133.2637,0.048
m062x_smd,m062x_smd,BrBz_1234,parent,Br,4,0,1,ok,,-10526.4724891,-10526.451632,-10526.401317,0.060067,0.020857,-0.30438,-0.03266,-0.8887,,0,45.7201,0.106
m062x_smd,m062x_smd,BrBz_1234_RA,radical_anion,Br,4,-1,2,warn,RA_dissociated(C2-X 2.54 A),-10526.5717322,-10526.557589,-10526.502064,0.057683,0.014144,-0.20718,-0.04681,-1.2738,0.7581,0,11.4775,1.06
m062x_smd,m062x_smd,BrPh_234_rad,aryl_radical,Br,3,0,2,ok,,-7952.21867495,-7952.198787,-7952.151598,0.057522,0.019888,-0.30631,-0.07944,-2.1617,0.7631,0,53.1075,0.205
m062x_smd,m062x_smd,BrPh_234_anion,aryl_anion,Br,3,-1,1,ok,,-7952.37670763,-7952.357204,-7952.310453,0.056628,0.019503,-0.23571,-0.00695,-0.1891,,0,46.4142,0.194
m062x_smd,m062x_smd,BrPh_236_rad,aryl_radical,Br,3,0,2,ok,,-7952.22135161,-7952.201565,-7952.154031,0.057737,0.019787,-0.3048,-0.09233,-2.5124,0.7632,0,69.5529,0.27
m062x_smd,m062x_smd,BrPh_236_anion,aryl_anion,Br,3,-1,1,ok,,-7952.38961799,-7952.370334,-7952.323364,0.056607,0.019284,-0.24203,0.00373,0.1015,,0,61.2856,0.102
m062x_smd,m062x_smd,BrBz_1235,parent,Br,4,0,1,ok,,-10526.4751436,-10526.454644,-10526.403978,0.059992,0.020499,-0.30753,-0.03033,-0.8253,,0,41.638,0.092
m062x_smd,m062x_smd,BrBz_1235_RA,radical_anion,Br,4,-1,2,warn,RA_dissociated(C2-X 2.56 A),-10526.5729829,-10526.557582,-10526.503217,0.057779,0.015401,-0.20899,-0.04327,-1.1774,0.7587,0,20.6486,0.345
m062x_smd,m062x_smd,BrPh_235_rad,aryl_radical,Br,3,0,2,ok,,-7952.22223609,-7952.202459,-7952.15503,0.057649,0.019777,-0.30543,-0.08621,-2.3459,0.7629,0,68.2337,0.235
m062x_smd,m062x_smd,BrPh_235_anion,aryl_anion,Br,3,-1,1,ok,,-7952.38422601,-7952.364636,-7952.317886,0.056743,0.01959,-0.23823,0.00197,0.0536,,0,75.9313,0.18
m062x_smd,m062x_smd,BrPh_246_rad,aryl_radical,Br,3,0,2,ok,,-7952.22157729,-7952.201059,-7952.15415,0.057868,0.020518,-0.30992,-0.09326,-2.5377,0.7634,0,105.3951,0.141
m062x_smd,m062x_smd,BrPh_246_anion,aryl_anion,Br,3,-1,1,ok,,-7952.39151946,-7952.37188,-7952.32523,0.056561,0.01964,-0.24643,0.00213,0.058,,0,104.5829,0.115
m062x_smd,m062x_smd,BrPh_345_rad,aryl_radical,Br,3,0,2,ok,,-7952.21817373,-7952.197771,-7952.151315,0.057312,0.020402,-0.30984,-0.0751,-2.0436,0.7626,0,53.7471,0.079
m062x_smd,m062x_smd,BrPh_345_anion,aryl_anion,Br,3,-1,1,ok,,-7952.3732649,-7952.352845,-7952.306834,0.056828,0.02042,-0.23707,-0.00973,-0.2648,,0,51.7582,0.066
m062x_smd,m062x_smd,BrBz_1245,parent,Br,4,0,1,ok,,-10526.4761602,-10526.454827,-10526.404897,0.060125,0.021333,-0.30367,-0.02375,-0.6463,,0,39.6437,0.076
m062x_smd,m062x_smd,BrBz_1245_RA,radical_anion,Br,4,-1,2,fail,error:unknown; no_free_energy,-10526.556927,,,,,-0.16413,-0.03441,-0.9363,0.7542,0,,1.191
m062x_smd,m062x_smd,BrPh_245_rad,aryl_radical,Br,3,0,2,ok,,-7952.22050626,-7952.200612,-7952.153317,0.057651,0.019894,-0.30255,-0.08371,-2.2779,0.763,0,75.7686,0.174
m062x_smd,m062x_smd,BrPh_245_anion,aryl_anion,Br,3,-1,1,ok,,-7952.38264672,-7952.363248,-7952.316193,0.056818,0.019398,-0.24155,0.00032,0.0087,,0,54.2756,0.121
m062x_smd,m062x_smd,BrBz_12345,parent,Br,5,0,1,ok,,-13100.0371412,-13100.029812,-13099.974987,0.049448,0.007329,-0.30834,-0.04433,-1.2063,,0,37.8653,0.179
m062x_smd,m062x_smd,BrBz_12345_RA,radical_anion,Br,5,-1,2,ok,,-13100.1425047,-13100.140745,-13100.081695,0.047314,0.00176,-0.20833,-0.05561,-1.5132,0.7573,0,26.9835,0.681
m062x_smd,m062x_smd,BrPh_2345_rad,aryl_radical,Br,4,0,2,ok,,-10525.7844239,-10525.778064,-10525.726349,0.04696,0.006359,-0.3071,-0.0889,-2.4191,0.7633,0,46.1338,0.245
m062x_smd,m062x_smd,BrPh_2345_anion,aryl_anion,Br,4,-1,1,ok,,-10525.9493211,-10525.943624,-10525.891895,0.046204,0.005697,-0.24073,-0.01619,-0.4406,,0,31.4887,0.255
m062x_smd,m062x_smd,BrPh_2346_rad,aryl_radical,Br,4,0,2,ok,,-10525.7862679,-10525.779948,-10525.727878,0.047221,0.00632,-0.30932,-0.0969,-2.6368,0.7638,0,42.3307,0.222
m062x_smd,m062x_smd,BrPh_2346_anion,aryl_anion,Br,4,-1,1,ok,,-10525.9590693,-10525.953208,-10525.901633,0.046197,0.005861,-0.24582,-0.01127,-0.3067,,0,35.2103,0.176
m062x_smd,m062x_smd,BrPh_2356_rad,aryl_radical,Br,4,0,2,ok,,-10525.7886013,-10525.781516,-10525.730107,0.047344,0.007085,-0.3078,-0.10006,-2.7228,0.7636,0,39.8518,0.216
m062x_smd,m062x_smd,BrPh_2356_anion,aryl_anion,Br,4,-1,1,ok,,-10525.9619107,-10525.955835,-10525.904436,0.046208,0.006076,-0.24329,-0.0012,-0.0327,,0,21.5249,0.142
m062x_smd,m062x_smd,BrBz_123456,parent,Br,6,0,1,ok,,-15673.5966041,-15673.601876,-15673.543554,0.038827,-0.005272,-0.31277,-0.05778,-1.5723,,0,34.8632,0.187
m062x_smd,m062x_smd,BrBz_123456_RA,radical_anion,Br,6,-1,2,ok,,-15673.7046772,-15673.71639,-15673.652987,0.036592,-0.011713,-0.208,-0.06058,-1.6485,0.7569,0,24.7862,3.979
m062x_smd,m062x_smd,BrPh_23456_rad,aryl_radical,Br,5,0,2,ok,,-13099.3491931,-13099.355492,-13099.299821,0.036639,-0.006299,-0.31245,-0.10276,-2.7962,0.764,0,38.3508,0.201
m062x_smd,m062x_smd,BrPh_23456_anion,aryl_anion,Br,5,-1,1,ok,,-13099.5250176,-13099.532175,-13099.476595,0.035612,-0.007158,-0.24527,-0.02184,-0.5943,,0,20.2276,0.13
