level,halogen,parent,site,degeneracy,ts,dG_act_kcal (TS - ArX.-),dE_act_kcal (TS - ArX.-),dG_act_from_ArX_kcal (TS - ArX - e-),dG_frag_kcal,imag_freq_cm-1,ts_status,ts_flags,RA_flags
m062x_gas,Cl,ClBz_1,1,1,TS_ClBz_1_x1,,,,,,missing,,"no_termination (running, killed or time limit)"
m062x_gas,Cl,ClBz_12,1,2,TS_ClBz_12_x1,,,,5.15,,missing,,RA_dissociated(C1-X 2.52 A)
m062x_gas,Cl,ClBz_13,1,2,TS_ClBz_13_x1,,,,-5.74,,missing,,
m062x_gas,Cl,ClBz_14,1,2,TS_ClBz_14_x1,,,,-4.97,,missing,,
m062x_gas,Cl,ClBz_123,1,2,TS_ClBz_123_x1,,,,9.87,,missing,,"RA_sigma(C2-X 2.35 A, 31 deg)"
m062x_gas,Cl,ClBz_123,2,1,TS_ClBz_123_x2,,,,10.27,,missing,,"RA_sigma(C2-X 2.35 A, 31 deg)"
m062x_gas,Cl,ClBz_124,1,1,TS_ClBz_124_x1,,,,10.88,,missing,,"RA_sigma(C2-X 2.43 A, 21 deg)"
m062x_gas,Cl,ClBz_124,2,1,TS_ClBz_124_x2,,,,10.33,,missing,,"RA_sigma(C2-X 2.43 A, 21 deg)"
m062x_gas,Cl,ClBz_124,4,1,TS_ClBz_124_x4,,,,11.31,,missing,,"RA_sigma(C2-X 2.43 A, 21 deg)"
m062x_gas,Cl,ClBz_135,1,3,TS_ClBz_135_x1,,,,11.23,,missing,,RA_dissociated(C5-X 2.51 A)
m062x_gas,Cl,ClBz_1234,1,2,TS_ClBz_1234_x1,,,,15.26,,missing,,"RA_sigma(C3-X 2.31 A, 31 deg)"
m062x_gas,Cl,ClBz_1234,2,2,TS_ClBz_1234_x2,,,,14.38,,missing,,"RA_sigma(C3-X 2.31 A, 31 deg)"
m062x_gas,Cl,ClBz_1235,1,2,TS_ClBz_1235_x1,,,,14.46,,missing,,"RA_sigma(C3-X 2.40 A, 22 deg)"
m062x_gas,Cl,ClBz_1235,2,1,TS_ClBz_1235_x2,,,,15.49,,missing,,"RA_sigma(C3-X 2.40 A, 22 deg)"
m062x_gas,Cl,ClBz_1235,5,1,TS_ClBz_1235_x5,,,,16.26,,missing,,"RA_sigma(C3-X 2.40 A, 22 deg)"
m062x_gas,Cl,ClBz_1245,1,4,TS_ClBz_1245_x1,,,,9.08,,missing,,
m062x_gas,Cl,ClBz_12345,1,2,TS_ClBz_12345_x1,,,,20.1,,missing,,"RA_sigma(C3-X 2.26 A, 33 deg)"
m062x_gas,Cl,ClBz_12345,2,2,TS_ClBz_12345_x2,,,,19.79,,missing,,"RA_sigma(C3-X 2.26 A, 33 deg)"
m062x_gas,Cl,ClBz_12345,3,1,TS_ClBz_12345_x3,,,,19.25,,missing,,"RA_sigma(C3-X 2.26 A, 33 deg)"
m062x_gas,Cl,ClBz_123456,1,6,TS_ClBz_123456_x1,,,,,,missing,,n_imag=1 (want 0; lowest -8.5)
m062x_gas,Br,BrBz_1,1,1,TS_BrBz_1_x1,,,,-0.05,,missing,,RA_dissociated(C1-X 2.91 A)
m062x_gas,Br,BrBz_12,1,2,TS_BrBz_12_x1,,,,4.39,,missing,,RA_dissociated(C2-X 2.61 A)
m062x_gas,Br,BrBz_13,1,2,TS_BrBz_13_x1,,,,4.91,,missing,,RA_dissociated(C3-X 2.67 A)
m062x_gas,Br,BrBz_14,1,2,TS_BrBz_14_x1,,,,4.75,,missing,,RA_dissociated(C4-X 2.71 A)
m062x_gas,Br,BrBz_123,1,2,TS_BrBz_123_x1,,,,9.79,,missing,,RA_dissociated(C2-X 2.51 A)
m062x_gas,Br,BrBz_123,2,1,TS_BrBz_123_x2,,,,9.69,,missing,,RA_dissociated(C2-X 2.51 A)
m062x_gas,Br,BrBz_124,1,1,TS_BrBz_124_x1,,,,11.32,,missing,,RA_dissociated(C2-X 2.57 A)
m062x_gas,Br,BrBz_124,2,1,TS_BrBz_124_x2,,,,10.77,,missing,,RA_dissociated(C2-X 2.57 A)
m062x_gas,Br,BrBz_124,4,1,TS_BrBz_124_x4,,,,12.42,,missing,,RA_dissociated(C2-X 2.57 A)
m062x_gas,Br,BrBz_135,1,3,TS_BrBz_135_x1,,,,10.67,,missing,,RA_dissociated(C1-X 2.60 A)
m062x_gas,Br,BrBz_1234,1,2,TS_BrBz_1234_x1,,,,15.18,,missing,,"RA_sigma(C2-X 2.45 A, 20 deg)"
m062x_gas,Br,BrBz_1234,2,2,TS_BrBz_1234_x2,,,,13.32,,missing,,"RA_sigma(C2-X 2.45 A, 20 deg)"
m062x_gas,Br,BrBz_1235,1,2,TS_BrBz_1235_x1,,,,14.05,,missing,,"RA_sigma(C2-X 2.46 A, 22 deg)"
m062x_gas,Br,BrBz_1235,2,1,TS_BrBz_1235_x2,,,,14.64,,missing,,"RA_sigma(C2-X 2.46 A, 22 deg)"
m062x_gas,Br,BrBz_1235,5,1,TS_BrBz_1235_x5,,,,17.11,,missing,,"RA_sigma(C2-X 2.46 A, 22 deg)"
m062x_gas,Br,BrBz_1245,1,4,TS_BrBz_1245_x1,,,,14.43,,missing,,RA_dissociated(C4-X 2.55 A)
m062x_gas,Br,BrBz_12345,1,2,TS_BrBz_12345_x1,,,,20.02,,missing,,"RA_sigma(C3-X 2.41 A, 21 deg)"
m062x_gas,Br,BrBz_12345,2,2,TS_BrBz_12345_x2,,,,18.44,,missing,,"RA_sigma(C3-X 2.41 A, 21 deg)"
m062x_gas,Br,BrBz_12345,3,1,TS_BrBz_12345_x3,,,,17.39,,missing,,"RA_sigma(C3-X 2.41 A, 21 deg)"
m062x_gas,Br,BrBz_123456,1,6,TS_BrBz_123456_x1,,,,22.6,,missing,,
m062x_smd,Cl,ClBz_1,1,1,TS_ClBz_1_x1,,,,-28.66,,missing,,
m062x_smd,Cl,ClBz_12,1,2,TS_ClBz_12_x1,,,,-24.97,,missing,,
m062x_smd,Cl,ClBz_13,1,2,TS_ClBz_13_x1,,,,-24.48,,missing,,
m062x_smd,Cl,ClBz_14,1,2,TS_ClBz_14_x1,,,,-21.57,,missing,,
m062x_smd,Cl,ClBz_123,1,2,TS_ClBz_123_x1,,,,-2.39,,missing,,RA_dissociated(C2-X 2.96 A)
m062x_smd,Cl,ClBz_123,2,1,TS_ClBz_123_x2,,,,-1.83,,missing,,RA_dissociated(C2-X 2.96 A)
m062x_smd,Cl,ClBz_124,1,1,TS_ClBz_124_x1,,,,-1.23,,missing,,RA_dissociated(C2-X 3.16 A)
m062x_smd,Cl,ClBz_124,2,1,TS_ClBz_124_x2,,,,-1.75,,missing,,RA_dissociated(C2-X 3.16 A)
m062x_smd,Cl,ClBz_124,4,1,TS_ClBz_124_x4,,,,-0.83,,missing,,RA_dissociated(C2-X 3.16 A)
m062x_smd,Cl,ClBz_135,1,3,TS_ClBz_135_x1,,,,-1.56,,missing,,RA_dissociated(C5-X 3.32 A)
m062x_smd,Cl,ClBz_1234,1,2,TS_ClBz_1234_x1,,,,-0.87,,missing,,"RA_sigma(C3-X 2.52 A, 23 deg)"
m062x_smd,Cl,ClBz_1234,2,2,TS_ClBz_1234_x2,,,,-1.6,,missing,,"RA_sigma(C3-X 2.52 A, 23 deg)"
m062x_smd,Cl,ClBz_1235,1,2,TS_ClBz_1235_x1,,,,-1.77,,missing,,RA_dissociated(C3-X 2.99 A)
m062x_smd,Cl,ClBz_1235,2,1,TS_ClBz_1235_x2,,,,-0.54,,missing,,RA_dissociated(C3-X 2.99 A)
m062x_smd,Cl,ClBz_1235,5,1,TS_ClBz_1235_x5,,,,-0.04,,missing,,RA_dissociated(C3-X 2.99 A)
m062x_smd,Cl,ClBz_1245,1,4,TS_ClBz_1245_x1,,,,-15.26,,missing,,
m062x_smd,Cl,ClBz_12345,1,2,TS_ClBz_12345_x1,,,,0.95,,missing,,"RA_sigma(C3-X 2.46 A, 26 deg)"
m062x_smd,Cl,ClBz_12345,2,2,TS_ClBz_12345_x2,,,,0.89,,missing,,"RA_sigma(C3-X 2.46 A, 26 deg)"
m062x_smd,Cl,ClBz_12345,3,1,TS_ClBz_12345_x3,,,,0.33,,missing,,"RA_sigma(C3-X 2.46 A, 26 deg)"
m062x_smd,Cl,ClBz_123456,1,6,TS_ClBz_123456_x1,,,,-2.5,,missing,,
m062x_smd,Br,BrBz_1,1,1,TS_BrBz_1_x1,,,,-1.45,,missing,,RA_dissociated(C1-X 4.90 A)
m062x_smd,Br,BrBz_12,1,2,TS_BrBz_12_x1,,,,-2.27,,missing,,RA_dissociated(C2-X 3.82 A)
m062x_smd,Br,BrBz_13,1,2,TS_BrBz_13_x1,,,,-2.19,,missing,,RA_dissociated(C3-X 3.67 A)
m062x_smd,Br,BrBz_14,1,2,TS_BrBz_14_x1,,,,-21.14,,missing,,
m062x_smd,Br,BrBz_123,1,2,TS_BrBz_123_x1,,,,-1.19,,missing,,RA_dissociated(C2-X 2.59 A)
m062x_smd,Br,BrBz_123,2,1,TS_BrBz_123_x2,,,,-1.12,,missing,,RA_dissociated(C2-X 2.59 A)
m062x_smd,Br,BrBz_124,1,1,TS_BrBz_124_x1,,,,-0.24,,missing,,RA_dissociated(C2-X 2.66 A)
m062x_smd,Br,BrBz_124,2,1,TS_BrBz_124_x2,,,,-0.69,,missing,,RA_dissociated(C2-X 2.66 A)
m062x_smd,Br,BrBz_124,4,1,TS_BrBz_124_x4,,,,0.91,,missing,,RA_dissociated(C2-X 2.66 A)
m062x_smd,Br,BrBz_135,1,3,TS_BrBz_135_x1,,,,-0.67,,missing,,RA_dissociated(C1-X 2.92 A)
m062x_smd,Br,BrBz_1234,1,2,TS_BrBz_1234_x1,,,,2.72,,missing,,"RA_sigma(C2-X 2.54 A, 17 deg)"
m062x_smd,Br,BrBz_1234,2,2,TS_BrBz_1234_x2,,,,0.97,,missing,,"RA_sigma(C2-X 2.54 A, 17 deg)"
m062x_smd,Br,BrBz_1235,1,2,TS_BrBz_1235_x1,,,,0.41,,missing,,RA_dissociated(C2-X 2.56 A)
m062x_smd,Br,BrBz_1235,2,1,TS_BrBz_1235_x2,,,,1.29,,missing,,RA_dissociated(C2-X 2.56 A)
m062x_smd,Br,BrBz_1235,5,1,TS_BrBz_1235_x5,,,,3.35,,missing,,RA_dissociated(C2-X 2.56 A)
m062x_smd,Br,BrBz_1245,1,4,TS_BrBz_1245_x1,,,,1.02,,missing,,RA_dissociated(C4-X 2.62 A)
m062x_smd,Br,BrBz_12345,1,2,TS_BrBz_12345_x1,,,,5.15,,missing,,"RA_sigma(C3-X 2.49 A, 24 deg)"
m062x_smd,Br,BrBz_12345,2,2,TS_BrBz_12345_x2,,,,3.97,,missing,,"RA_sigma(C3-X 2.49 A, 24 deg)"
m062x_smd,Br,BrBz_12345,3,1,TS_BrBz_12345_x3,,,,2.98,,missing,,"RA_sigma(C3-X 2.49 A, 24 deg)"
m062x_smd,Br,BrBz_123456,1,6,TS_BrBz_123456_x1,,,,4.03,,missing,,"RA_sigma(C5-X 2.46 A, 25 deg)"
